/* Generated 3D Frutiger Aero Glass Logo Textures (128x128 ARGB4444) */
#ifndef OPENDC_LOGO_TEX_H
#define OPENDC_LOGO_TEX_H

#include <stdint.h>

#define LOGO_TEX_W 128
#define LOGO_TEX_H 128

static const uint16_t LOGO_AERO_AQUA[128 * 128] = {
0x0000, 0x0000, 0x0000, 0x0000, 0x0000, 0x0000, 0x0000, 0x0000, 0x0000, 0x0000, 0x0000, 0x0000, 0x0000, 0x0000, 0x0000, 0x0000,
0x0000, 0x0000, 0x0000, 0x0000, 0x0000, 0x0000, 0x0000, 0x0000, 0x0000, 0x0000, 0x0000, 0x0000, 0x0000, 0x0000, 0x0000, 0x0000,
0x0000, 0x0000, 0x0000, 0x0000, 0x0000, 0x0000, 0x0000, 0x0000, 0x0000, 0x0000, 0x0000, 0x0000, 0x0000, 0x0000, 0x0000, 0x0000,
0x0000, 0x0000, 0x0000, 0x0000, 0x24AE, 0x34AE, 0x64AE, 0x94AE, 0xB5BF, 0xD5BF, 0xE5BF, 0xE5BF, 0xE6CF, 0xE6CF, 0xE6CF, 0xD6CF,
0xD6CF, 0xC6CF, 0xB6CF, 0x96CF, 0x86CF, 0x66CF, 0x56CF, 0x46CF, 0x35BF, 0x15BF, 0x0000, 0x0000, 0x0000, 0x0000, 0x0000, 0x0000,
0x0000, 0x0000, 0x0000, 0x0000, 0x0000, 0x0000, 0x0000, 0x0000, 0x0000, 0x0000, 0x0000, 0x0000, 0x0000, 0x0000, 0x0000, 0x0000,
0x0000, 0x0000, 0x0000, 0x0000, 0x0000, 0x0000, 0x0000, 0x0000, 0x0000, 0x0000, 0x0000, 0x0000, 0x0000, 0x0000, 0x0000, 0x0000,
0x0000, 0x0000, 0x0000, 0x0000, 0x0000, 0x0000, 0x0000, 0x0000, 0x0000, 0x0000, 0x0000, 0x0000, 0x0000, 0x0000, 0x0000, 0x0000,
0x0000, 0x0000, 0x0000, 0x0000, 0x0000, 0x0000, 0x0000, 0x0000, 0x0000, 0x0000, 0x0000, 0x0000, 0x0000, 0x0000, 0x0000, 0x0000,
0x0000, 0x0000, 0x0000, 0x0000, 0x0000, 0x0000, 0x0000, 0x0000, 0x0000, 0x0000, 0x0000, 0x0000, 0x0000, 0x0000, 0x0000, 0x0000,
0x0000, 0x0000, 0x0000, 0x0000, 0x0000, 0x0000, 0x0000, 0x0000, 0x0000, 0x0000, 0x0000, 0x0000, 0x0000, 0x0000, 0x0000, 0x0000,
0x239E, 0x539E, 0x839E, 0xC39E, 0xE4AE, 0xF4AE, 0xF4AE, 0xF4AE, 0xF4AE, 0xF5BF, 0xF5BF, 0xF5BF, 0xF6CF, 0xF6CF, 0xF6CF, 0xF6CF,
0xF6CF, 0xF6CF, 0xF5BF, 0xF5BF, 0xF5BF, 0xF5BF, 0xF5BF, 0xF5BF, 0xE4AE, 0xE4AE, 0xC4AE, 0xA4AE, 0x84AE, 0x54AE, 0x24AE, 0x04AE,
0x0000, 0x0000, 0x0000, 0x0000, 0x0000, 0x0000, 0x0000, 0x0000, 0x0000, 0x0000, 0x0000, 0x0000, 0x0000, 0x0000, 0x0000, 0x0000,
0x0000, 0x0000, 0x0000, 0x0000, 0x0000, 0x0000, 0x0000, 0x0000, 0x0000, 0x0000, 0x0000, 0x0000, 0x0000, 0x0000, 0x0000, 0x0000,
0x0000, 0x0000, 0x0000, 0x0000, 0x0000, 0x0000, 0x0000, 0x0000, 0x0000, 0x0000, 0x0000, 0x0000, 0x0000, 0x0000, 0x0000, 0x0000,
0x0000, 0x0000, 0x0000, 0x0000, 0x0000, 0x0000, 0x0000, 0x0000, 0x0000, 0x0000, 0x0000, 0x0000, 0x0000, 0x0000, 0x0000, 0x0000,
0x0000, 0x0000, 0x0000, 0x0000, 0x0000, 0x0000, 0x0000, 0x0000, 0x0000, 0x0000, 0x0000, 0x0000, 0x0000, 0x0000, 0x0000, 0x0000,
0x0000, 0x0000, 0x0000, 0x0000, 0x0000, 0x0000, 0x0000, 0x0000, 0x0000, 0x0000, 0x0000, 0x0000, 0x039E, 0x439E, 0x839E, 0xC39E,
0xE39E, 0xF39E, 0xF39E, 0xF39E, 0xF4AE, 0xF4AE, 0xE4AE, 0xE4AE, 0xE5BF, 0xE5BF, 0xF5BF, 0xF5BF, 0xF6CF, 0xF6CF, 0xF6CF, 0xE6CF,
0xE6CF, 0xE5BF, 0xE5BF, 0xE5BF, 0xE5BF, 0xE5BF, 0xE5BE, 0xE4AE, 0xF4AE, 0xF4AE, 0xF4AE, 0xF4AE, 0xF4AE, 0xF4AE, 0xF4AE, 0xD4AE,
0xA4AE, 0x74AE, 0x34AE, 0x0000, 0x0000, 0x0000, 0x0000, 0x0000, 0x0000, 0x0000, 0x0000, 0x0000, 0x0000, 0x0000, 0x0000, 0x0000,
0x0000, 0x0000, 0x0000, 0x0000, 0x0000, 0x0000, 0x0000, 0x0000, 0x0000, 0x0000, 0x0000, 0x0000, 0x0000, 0x0000, 0x0000, 0x0000,
0x0000, 0x0000, 0x0000, 0x0000, 0x0000, 0x0000, 0x0000, 0x0000, 0x0000, 0x0000, 0x0000, 0x0000, 0x0000, 0x0000, 0x0000, 0x0000,
0x0000, 0x0000, 0x0000, 0x0000, 0x0000, 0x0000, 0x0000, 0x0000, 0x0000, 0x0000, 0x0000, 0x0000, 0x0000, 0x0000, 0x0000, 0x0000,
0x0000, 0x0000, 0x0000, 0x0000, 0x0000, 0x0000, 0x0000, 0x0000, 0x0000, 0x0000, 0x0000, 0x0000, 0x0000, 0x0000, 0x0000, 0x0000,
0x0000, 0x0000, 0x0000, 0x0000, 0x0000, 0x0000, 0x0000, 0x0000, 0x0000, 0x0000, 0x239E, 0x839E, 0xD39E, 0xF39E, 0xF39E, 0xF39E,
0xF39E, 0xE39E, 0xE4AE, 0xE4AE, 0xE4AE, 0xF4AE, 0xF5BE, 0xF5BF, 0xF5BF, 0xF5BF, 0xF5BF, 0xF6CF, 0xF6CF, 0xF6CF, 0xF6CF, 0xF6CF,
0xF5BF, 0xF5BF, 0xF5BF, 0xF5BF, 0xF5BF, 0xF5BF, 0xF5BF, 0xF5BE, 0xF5BE, 0xE4AE, 0xE4AE, 0xE4AE, 0xE4AE, 0xE4AE, 0xF4AE, 0xF4AE,
0xF4AE, 0xF4AE, 0xF4AE, 0xC4AE, 0x84AE, 0x44AE, 0x04AE, 0x0000, 0x0000, 0x0000, 0x0000, 0x0000, 0x0000, 0x0000, 0x0000, 0x0000,
0x0000, 0x0000, 0x0000, 0x0000, 0x0000, 0x0000, 0x0000, 0x0000, 0x0000, 0x0000, 0x0000, 0x0000, 0x0000, 0x0000, 0x0000, 0x0000,
0x0000, 0x0000, 0x0000, 0x0000, 0x0000, 0x0000, 0x0000, 0x0000, 0x0000, 0x0000, 0x0000, 0x0000, 0x0000, 0x0000, 0x0000, 0x0000,
0x0000, 0x0000, 0x0000, 0x0000, 0x0000, 0x0000, 0x0000, 0x0000, 0x0000, 0x0000, 0x0000, 0x0000, 0x0000, 0x0000, 0x0000, 0x0000,
0x0000, 0x0000, 0x0000, 0x0000, 0x0000, 0x0000, 0x0000, 0x0000, 0x0000, 0x0000, 0x0000, 0x0000, 0x0000, 0x0000, 0x0000, 0x0000,
0x0000, 0x0000, 0x0000, 0x0000, 0x0000, 0x0000, 0x0000, 0x0000, 0x239E, 0x939E, 0xE39E, 0xF39E, 0xF39E, 0xE39E, 0xE39E, 0xE4AE,
0xE4AE, 0xF4AE, 0xF4AE, 0xF4AE, 0xF5BF, 0xF5BF, 0xF5BF, 0xF5BF, 0xF6CF, 0xF6CF, 0xF6CF, 0xF6CF, 0xF6CF, 0xF6CF, 0xF6CF, 0xF6CF,
0xF6CF, 0xF6CF, 0xF6CF, 0xF5BF, 0xF5BF, 0xF5BF, 0xF5BF, 0xF5BF, 0xF5BF, 0xF5BF, 0xF5BF, 0xF5BF, 0xF5BE, 0xF4AE, 0xE4AE, 0xE4AE,
0xE4AE, 0xE4AE, 0xE4AE, 0xF4AE, 0xF4AE, 0xF4AE, 0xD4AE, 0x84AE, 0x34AE, 0x0000, 0x0000, 0x0000, 0x0000, 0x0000, 0x0000, 0x0000,
0x0000, 0x0000, 0x0000, 0x0000, 0x0000, 0x0000, 0x0000, 0x0000, 0x0000, 0x0000, 0x0000, 0x0000, 0x0000, 0x0000, 0x0000, 0x0000,
0x0000, 0x0000, 0x0000, 0x0000, 0x0000, 0x0000, 0x0000, 0x0000, 0x0000, 0x0000, 0x0000, 0x0000, 0x0000, 0x0000, 0x0000, 0x0000,
0x0000, 0x0000, 0x0000, 0x0000, 0x0000, 0x0000, 0x0000, 0x0000, 0x0000, 0x0000, 0x0000, 0x0000, 0x0000, 0x0000, 0x0000, 0x0000,
0x0000, 0x0000, 0x0000, 0x0000, 0x0000, 0x0000, 0x0000, 0x0000, 0x0000, 0x0000, 0x0000, 0x0000, 0x0000, 0x0000, 0x0000, 0x0000,
0x0000, 0x0000, 0x0000, 0x0000, 0x0000, 0x0000, 0x239E, 0x939E, 0xE39E, 0xF39E, 0xF39E, 0xE39E, 0xE4AE, 0xF4AE, 0xF4AE, 0xF4AE,
0xF5BF, 0xF5BF, 0xF5BF, 0xF5BF, 0xF6CF, 0xF6CF, 0xF6CF, 0xF6CF, 0xF6CF, 0xF6CF, 0xF7DF, 0xF7DF, 0xF7DF, 0xF7DF, 0xF6CF, 0xF6CF,
0xF6CF, 0xF6CF, 0xF6CF, 0xF6CF, 0xF6CF, 0xF6CF, 0xF6CF, 0xF6CF, 0xF6CF, 0xF5BF, 0xF5BF, 0xF5BF, 0xF5BF, 0xF5BF, 0xF5BF, 0xF5BF,
0xF5BF, 0xF5BE, 0xF4AE, 0xE4AE, 0xE4AE, 0xE4AE, 0xF4AE, 0xF4AE, 0xF4AE, 0xC4AE, 0x84AE, 0x24AE, 0x0000, 0x0000, 0x0000, 0x0000,
0x0000, 0x0000, 0x0000, 0x0000, 0x0000, 0x0000, 0x0000, 0x0000, 0x0000, 0x0000, 0x0000, 0x0000, 0x0000, 0x0000, 0x0000, 0x0000,
0x0000, 0x0000, 0x0000, 0x0000, 0x0000, 0x0000, 0x0000, 0x0000, 0x0000, 0x0000, 0x0000, 0x0000, 0x0000, 0x0000, 0x0000, 0x0000,
0x0000, 0x0000, 0x0000, 0x0000, 0x0000, 0x0000, 0x0000, 0x0000, 0x0000, 0x0000, 0x0000, 0x0000, 0x0000, 0x0000, 0x0000, 0x0000,
0x0000, 0x0000, 0x0000, 0x0000, 0x0000, 0x0000, 0x0000, 0x0000, 0x0000, 0x0000, 0x0000, 0x0000, 0x0000, 0x0000, 0x0000, 0x0000,
0x0000, 0x0000, 0x0000, 0x0000, 0x239E, 0x939E, 0xE39E, 0xF39E, 0xF39E, 0xE39E, 0xE4AE, 0xF4AE, 0xF4AE, 0xF5BF, 0xF5BF, 0xF5BF,
0xF6CF, 0xF6CF, 0xF6CF, 0xF7DF, 0xF7DF, 0xF7DF, 0xF7DF, 0xF8EF, 0xF8EF, 0xF8EF, 0xF8EF, 0xF8EF, 0xF8EF, 0xF8EF, 0xF8EF, 0xF7DF,
0xF7DF, 0xF7DF, 0xF7DF, 0xF7DF, 0xF7DF, 0xF7DF, 0xF6CF, 0xF6CF, 0xF6CF, 0xF6CF, 0xF6CF, 0xF6CF, 0xF6CF, 0xF6CF, 0xF5BF, 0xF5BF,
0xF5BF, 0xF5BF, 0xF5BF, 0xF5BF, 0xF5BF, 0xF4AE, 0xE4AE, 0xE4AE, 0xE4AE, 0xF4AE, 0xF4AE, 0xE4AE, 0xA4AE, 0x34AE, 0x0000, 0x0000,
0x0000, 0x0000, 0x0000, 0x0000, 0x0000, 0x0000, 0x0000, 0x0000, 0x0000, 0x0000, 0x0000, 0x0000, 0x0000, 0x0000, 0x0000, 0x0000,
0x0000, 0x0000, 0x0000, 0x0000, 0x0000, 0x0000, 0x0000, 0x0000, 0x0000, 0x0000, 0x0000, 0x0000, 0x0000, 0x0000, 0x0000, 0x0000,
0x0000, 0x0000, 0x0000, 0x0000, 0x0000, 0x0000, 0x0000, 0x0000, 0x0000, 0x0000, 0x0000, 0x0000, 0x0000, 0x0000, 0x0000, 0x0000,
0x0000, 0x0000, 0x0000, 0x0000, 0x0000, 0x0000, 0x0000, 0x0000, 0x0000, 0x0000, 0x0000, 0x0000, 0x0000, 0x0000, 0x0000, 0x0000,
0x0000, 0x0000, 0x139E, 0x839E, 0xE39E, 0xF39E, 0xF39E, 0xE39E, 0xE4AE, 0xF4AE, 0xF4AE, 0xF5BF, 0xF5BF, 0xF6CF, 0xF6CF, 0xF7DF,
0xF7DF, 0xF7DF, 0xF8EF, 0xF8EF, 0xE9FF, 0xE9FF, 0xE9FF, 0xEAFF, 0xEAFF, 0xEAFF, 0xEAFF, 0xEAFF, 0xE9FF, 0xE9FF, 0xE9FF, 0xE9FF,
0xE9FF, 0xE9FF, 0xE8EF, 0xE8EF, 0xE8EF, 0xF8EF, 0xF7DF, 0xF7DF, 0xF7DF, 0xF7DF, 0xF7DF, 0xF7DF, 0xF6CF, 0xF6CF, 0xF6CF, 0xF6CF,
0xF6CF, 0xF6CF, 0xF5BF, 0xF5BF, 0xF5BF, 0xF5BF, 0xF5BF, 0xF5BF, 0xF4AE, 0xE4AE, 0xE4AE, 0xF4AE, 0xF4AE, 0xF4AE, 0xA4AE, 0x34AE,
0x0000, 0x0000, 0x0000, 0x0000, 0x0000, 0x0000, 0x0000, 0x0000, 0x0000, 0x0000, 0x0000, 0x0000, 0x0000, 0x0000, 0x0000, 0x0000,
0x0000, 0x0000, 0x0000, 0x0000, 0x0000, 0x0000, 0x0000, 0x0000, 0x0000, 0x0000, 0x0000, 0x0000, 0x0000, 0x0000, 0x0000, 0x0000,
0x0000, 0x0000, 0x0000, 0x0000, 0x0000, 0x0000, 0x0000, 0x0000, 0x0000, 0x0000, 0x0000, 0x0000, 0x0000, 0x0000, 0x0000, 0x0000,
0x0000, 0x0000, 0x0000, 0x0000, 0x0000, 0x0000, 0x0000, 0x0000, 0x0000, 0x0000, 0x0000, 0x0000, 0x0000, 0x0000, 0x0000, 0x0000,
0x0000, 0x639E, 0xD39E, 0xF39E, 0xF39E, 0xE39E, 0xE4AE, 0xF4AE, 0xF5BE, 0xF5BF, 0xF5BF, 0xF6CF, 0xF7DF, 0xF7DF, 0xF8EF, 0xF8EF,
0xE9FF, 0xEAFF, 0xEAFF, 0xEBFF, 0xFBFF, 0xFBFF, 0xFCFF, 0xFCFF, 0xFCFF, 0xFCFF, 0xFCFF, 0xFBFF, 0xFBFF, 0xFBFF, 0xFBFF, 0xFBFF,
0xFAFF, 0xFAFF, 0xFAFF, 0xFAFF, 0xFAFF, 0xE9FF, 0xE9FF, 0xE9FF, 0xE9FF, 0xE8EF, 0xE8EF, 0xF8EF, 0xF7DF, 0xF7DF, 0xF7DF, 0xF7DF,
0xF6CF, 0xF6CF, 0xF6CF, 0xF6CF, 0xF6CF, 0xF6CF, 0xF5BF, 0xF5BF, 0xF5BF, 0xF5BF, 0xF5BF, 0xE4AE, 0xE4AE, 0xE4AE, 0xF4AE, 0xE4AE,
0x94AE, 0x14AE, 0x0000, 0x0000, 0x0000, 0x0000, 0x0000, 0x0000, 0x0000, 0x0000, 0x0000, 0x0000, 0x0000, 0x0000, 0x0000, 0x0000,
0x0000, 0x0000, 0x0000, 0x0000, 0x0000, 0x0000, 0x0000, 0x0000, 0x0000, 0x0000, 0x0000, 0x0000, 0x0000, 0x0000, 0x0000, 0x0000,
0x0000, 0x0000, 0x0000, 0x0000, 0x0000, 0x0000, 0x0000, 0x0000, 0x0000, 0x0000, 0x0000, 0x0000, 0x0000, 0x0000, 0x0000, 0x0000,
0x0000, 0x0000, 0x0000, 0x0000, 0x0000, 0x0000, 0x0000, 0x0000, 0x0000, 0x0000, 0x0000, 0x0000, 0x0000, 0x0000, 0x0000, 0x239E,
0xC39E, 0xF39E, 0xF39E, 0xE39E, 0xE4AE, 0xF4AE, 0xF4AE, 0xF5BF, 0xF5BF, 0xF6CF, 0xF7DF, 0xF8EF, 0xF9FF, 0xE9FF, 0xEAFF, 0xEBFF,
0xFCFF, 0xFCFF, 0xFDFF, 0xFDFF, 0xEDFF, 0xCDFF, 0xADFF, 0x8DFF, 0x7DFF, 0x6DFF, 0x5CFF, 0x5CFF, 0x5CFF, 0x6CFF, 0x7CFF, 0x8BFF,
0x9CFF, 0xBBFF, 0xCBFF, 0xDBFF, 0xEBFF, 0xFBFF, 0xFBFF, 0xFAFF, 0xFAFF, 0xFAFF, 0xFAFF, 0xE9FF, 0xE9FF, 0xE9FF, 0xE8EF, 0xE8EF,
0xF7DF, 0xF7DF, 0xF7DF, 0xF6CF, 0xF6CF, 0xF6CF, 0xF6CF, 0xF6CF, 0xF5BF, 0xF5BF, 0xF5BF, 0xF5BF, 0xF5BF, 0xF5BF, 0xE4AE, 0xF4AE,
0xF4AE, 0xD4AE, 0x64AE, 0x0000, 0x0000, 0x0000, 0x0000, 0x0000, 0x0000, 0x0000, 0x0000, 0x0000, 0x0000, 0x0000, 0x0000, 0x0000,
0x0000, 0x0000, 0x0000, 0x0000, 0x0000, 0x0000, 0x0000, 0x0000, 0x0000, 0x0000, 0x0000, 0x0000, 0x0000, 0x0000, 0x0000, 0x0000,
0x0000, 0x0000, 0x0000, 0x0000, 0x0000, 0x0000, 0x0000, 0x0000, 0x0000, 0x0000, 0x0000, 0x0000, 0x0000, 0x0000, 0x0000, 0x0000,
0x0000, 0x0000, 0x0000, 0x0000, 0x0000, 0x0000, 0x0000, 0x0000, 0x0000, 0x0000, 0x0000, 0x0000, 0x0000, 0x0000, 0x639E, 0xE39E,
0xF39E, 0xE39E, 0xE4AE, 0xF4AE, 0xF4AE, 0xF5BF, 0xF5BF, 0xF6CF, 0xF7DF, 0xF8EF, 0xF9FF, 0xEAFF, 0xEBFF, 0xFCFF, 0xFDFF, 0xFDFF,
0xDEFF, 0xAEFF, 0x8EFF, 0x5EFF, 0x2EFF, 0x0000, 0x0000, 0x0000, 0x0000, 0x0000, 0x0000, 0x0000, 0x0000, 0x0000, 0x0000, 0x0000,
0x0000, 0x0000, 0x0000, 0x0BFF, 0x1BFF, 0x3BFF, 0x5BFF, 0x8BFF, 0xABFF, 0xCBFF, 0xEBFF, 0xFAFF, 0xFAFF, 0xFAFF, 0xF9FF, 0xF9FF,
0xE9FF, 0xE8EF, 0xE8EF, 0xF7DF, 0xF7DF, 0xF7DF, 0xF6CF, 0xF6CF, 0xF6CF, 0xF6CF, 0xF6CF, 0xF5BF, 0xF5BF, 0xF5BF, 0xF5BF, 0xF5BF,
0xE4AE, 0xF4AE, 0xF4AE, 0xB4AE, 0x34AE, 0x0000, 0x0000, 0x0000, 0x0000, 0x0000, 0x0000, 0x0000, 0x0000, 0x0000, 0x0000, 0x0000,
0x0000, 0x0000, 0x0000, 0x0000, 0x0000, 0x0000, 0x0000, 0x0000, 0x0000, 0x0000, 0x0000, 0x0000, 0x0000, 0x0000, 0x0000, 0x0000,
0x0000, 0x0000, 0x0000, 0x0000, 0x0000, 0x0000, 0x0000, 0x0000, 0x0000, 0x0000, 0x0000, 0x0000, 0x0000, 0x0000, 0x0000, 0x0000,
0x0000, 0x0000, 0x0000, 0x0000, 0x0000, 0x0000, 0x0000, 0x0000, 0x0000, 0x0000, 0x0000, 0x0000, 0x239E, 0xB39E, 0xF39E, 0xF39E,
0xE39E, 0xF4AE, 0xF4AE, 0xF5BF, 0xF5BF, 0xF6CF, 0xF7DF, 0xF8EF, 0xF9FF, 0xEAFF, 0xEBFF, 0xFDFF, 0xFEFF, 0xDEFF, 0x8EFF, 0x3EFF,
0x0EFF, 0x0000, 0x0000, 0x0000, 0x0000, 0x0000, 0x0000, 0x0000, 0x0000, 0x0000, 0x0000, 0x0000, 0x0000, 0x0000, 0x0000, 0x0000,
0x0000, 0x0000, 0x0000, 0x0000, 0x0000, 0x0000, 0x0000, 0x0000, 0x0000, 0x0000, 0x1BFF, 0x3BFF, 0x5BFF, 0x8BFF, 0xBAFF, 0xEAFF,
0xFAFF, 0xF9FF, 0xF9FF, 0xE8EF, 0xE8EF, 0xE8EF, 0xF7DF, 0xF7DF, 0xF6CF, 0xF6CF, 0xF6CF, 0xF6CF, 0xF6CF, 0xF5BF, 0xF5BF, 0xF5BF,
0xF5BF, 0xE5BF, 0xE4AE, 0xF4AE, 0xE4AE, 0x74AE, 0x0000, 0x0000, 0x0000, 0x0000, 0x0000, 0x0000, 0x0000, 0x0000, 0x0000, 0x0000,
0x0000, 0x0000, 0x0000, 0x0000, 0x0000, 0x0000, 0x0000, 0x0000, 0x0000, 0x0000, 0x0000, 0x0000, 0x0000, 0x0000, 0x0000, 0x0000,
0x0000, 0x0000, 0x0000, 0x0000, 0x0000, 0x0000, 0x0000, 0x0000, 0x0000, 0x0000, 0x0000, 0x0000, 0x0000, 0x0000, 0x0000, 0x0000,
0x0000, 0x0000, 0x0000, 0x0000, 0x0000, 0x0000, 0x0000, 0x0000, 0x0000, 0x0000, 0x0000, 0x739E, 0xE39E, 0xF39E, 0xE39E, 0xE4AE,
0xF4AE, 0xF4AE, 0xF5BF, 0xF6CF, 0xF6CF, 0xF7DF, 0xF8EF, 0xEAFF, 0xEBFF, 0xFDFF, 0xFEFF, 0xCFFF, 0x6FFF, 0x0EFF, 0x0000, 0x0000,
0x0000, 0x0000, 0x0000, 0x0000, 0x0000, 0x0000, 0x0000, 0x0000, 0x0000, 0x0000, 0x0000, 0x0000, 0x0000, 0x0000, 0x0000, 0x0000,
0x0000, 0x0000, 0x0000, 0x0000, 0x0000, 0x0000, 0x0000, 0x0000, 0x0000, 0x0000, 0x0000, 0x0000, 0x0000, 0x0000, 0x0000, 0x1AFF,
0x5AFF, 0x9AFF, 0xDAFF, 0xF9FF, 0xF9FF, 0xF9FF, 0xE8EF, 0xE7DF, 0xF7DF, 0xF7DF, 0xF6CF, 0xF6CF, 0xF6CF, 0xF6CF, 0xF6CF, 0xF5BF,
0xF5BF, 0xF5BF, 0xF5BF, 0xE5BF, 0xF4AE, 0xF4AE, 0xB4AE, 0x24AE, 0x0000, 0x0000, 0x0000, 0x0000, 0x0000, 0x0000, 0x0000, 0x0000,
0x0000, 0x0000, 0x0000, 0x0000, 0x0000, 0x0000, 0x0000, 0x0000, 0x0000, 0x0000, 0x0000, 0x0000, 0x0000, 0x0000, 0x0000, 0x0000,
0x0000, 0x0000, 0x0000, 0x0000, 0x0000, 0x0000, 0x0000, 0x0000, 0x0000, 0x0000, 0x0000, 0x0000, 0x0000, 0x0000, 0x0000, 0x0000,
0x0000, 0x0000, 0x0000, 0x0000, 0x0000, 0x0000, 0x0000, 0x0000, 0x0000, 0x139E, 0xB39E, 0xF39E, 0xF39E, 0xE39E, 0xF4AE, 0xF4AE,
0xF5BF, 0xF5BF, 0xF6CF, 0xF7DF, 0xF8EF, 0xF9FF, 0xEBFF, 0xFDFF, 0xFEFF, 0xDFFF, 0x6FFF, 0x0FFF, 0x0000, 0x0000, 0x0000, 0x0000,
0x0000, 0x0000, 0x0000, 0x0000, 0x0000, 0x0000, 0x0000, 0x0000, 0x0000, 0x0000, 0x0000, 0x0000, 0x0000, 0x0000, 0x0000, 0x0000,
0x0000, 0x0000, 0x0000, 0x0000, 0x0000, 0x0000, 0x0000, 0x0000, 0x0000, 0x0000, 0x0000, 0x0000, 0x0000, 0x0000, 0x0000, 0x0000,
0x0000, 0x0000, 0x1AFF, 0x5AFF, 0xAAFF, 0xE9FF, 0xF9FF, 0xF8EF, 0xE8EF, 0xE7DF, 0xF7DF, 0xF7DF, 0xF6CF, 0xF6CF, 0xF6CF, 0xF6CF,
0xF6CF, 0xF5BF, 0xF5BF, 0xF5BF, 0xE5BF, 0xE5BF, 0xF5BE, 0xE4AE, 0x54AE, 0x0000, 0x0000, 0x0000, 0x0000, 0x0000, 0x0000, 0x0000,
0x0000, 0x0000, 0x0000, 0x0000, 0x0000, 0x0000, 0x0000, 0x0000, 0x0000, 0x0000, 0x0000, 0x0000, 0x0000, 0x0000, 0x0000, 0x0000,
0x0000, 0x0000, 0x0000, 0x0000, 0x0000, 0x0000, 0x0000, 0x0000, 0x0000, 0x0000, 0x0000, 0x0000, 0x0000, 0x0000, 0x0000, 0x0000,
0x0000, 0x0000, 0x0000, 0x0000, 0x0000, 0x0000, 0x0000, 0x0000, 0x539E, 0xD39E, 0xF39E, 0xE39E, 0xE4AE, 0xF4AE, 0xF4AE, 0xF5BF,
0xF6CF, 0xF7DF, 0xF8EF, 0xF9FF, 0xEAFF, 0xECFF, 0xFEFF, 0xEFFF, 0x7FFF, 0x1FFF, 0x0000, 0x0000, 0x0000, 0x0000, 0x0000, 0x0000,
0x0000, 0x0000, 0x0000, 0x0000, 0x0000, 0x0000, 0x0000, 0x0000, 0x0000, 0x0000, 0x0000, 0x0000, 0x0000, 0x0000, 0x0000, 0x0000,
0x0000, 0x0000, 0x0000, 0x0000, 0x0000, 0x0000, 0x0000, 0x0000, 0x0000, 0x0000, 0x0000, 0x0000, 0x0000, 0x0000, 0x0000, 0x0000,
0x0000, 0x0000, 0x0000, 0x0000, 0x0000, 0x19FF, 0x79FF, 0xC9FF, 0xF9FF, 0xF8EF, 0xE8EF, 0xE7DF, 0xF7DF, 0xF6CF, 0xF6CF, 0xF6CF,
0xF6CF, 0xF6CF, 0xF5BF, 0xF5BF, 0xF5BF, 0xF5BF, 0xE5BF, 0xF5BF, 0xF5BF, 0x85BF, 0x0000, 0x0000, 0x0000, 0x0000, 0x0000, 0x0000,
0x0000, 0x0000, 0x0000, 0x0000, 0x0000, 0x0000, 0x0000, 0x0000, 0x0000, 0x0000, 0x0000, 0x0000, 0x0000, 0x0000, 0x0000, 0x0000,
0x0000, 0x0000, 0x0000, 0x0000, 0x0000, 0x0000, 0x0000, 0x0000, 0x0000, 0x0000, 0x0000, 0x0000, 0x0000, 0x0000, 0x0000, 0x0000,
0x0000, 0x0000, 0x0000, 0x0000, 0x0000, 0x0000, 0x0000, 0x839E, 0xF39E, 0xF39E, 0xE39E, 0xF4AE, 0xF4AE, 0xF5BF, 0xF5BF, 0xF6CF,
0xF7DF, 0xF8EF, 0xFAFF, 0xEBFF, 0xFDFF, 0xFEFF, 0xAFFF, 0x2FFF, 0x0000, 0x0000, 0x0000, 0x0000, 0x0000, 0x0000, 0x0000, 0x0000,
0x0000, 0x0000, 0x0000, 0x0000, 0x0000, 0x0000, 0x0000, 0x0000, 0x0000, 0x0000, 0x0000, 0x0000, 0x0000, 0x0000, 0x0000, 0x0000,
0x0000, 0x0000, 0x0000, 0x0000, 0x0000, 0x0000, 0x0000, 0x0000, 0x0000, 0x0000, 0x0000, 0x0000, 0x0000, 0x0000, 0x0000, 0x0000,
0x0000, 0x0000, 0x0000, 0x0000, 0x0000, 0x0000, 0x0000, 0x09FF, 0x59FF, 0xC9FF, 0xF8EF, 0xF8EF, 0xE7DF, 0xE7DF, 0xF7DF, 0xF6CF,
0xF6CF, 0xF6CF, 0xF6CF, 0xF6CF, 0xF5BF, 0xF5BF, 0xF5BF, 0xE5BF, 0xE5BF, 0xF5BF, 0xA5BF, 0x0000, 0x0000, 0x0000, 0x0000, 0x0000,
0x0000, 0x0000, 0x0000, 0x0000, 0x0000, 0x0000, 0x0000, 0x0000, 0x0000, 0x0000, 0x0000, 0x0000, 0x0000, 0x0000, 0x0000, 0x0000,
0x0000, 0x0000, 0x0000, 0x0000, 0x0000, 0x0000, 0x0000, 0x0000, 0x0000, 0x0000, 0x0000, 0x0000, 0x0000, 0x0000, 0x0000, 0x0000,
0x0000, 0x0000, 0x0000, 0x0000, 0x0000, 0x0000, 0x839E, 0xF39E, 0xE39E, 0xE39E, 0xF4AE, 0xF4AE, 0xF5BF, 0xF6CF, 0xF6CF, 0xF8EF,
0xF9FF, 0xEAFF, 0xECFF, 0xFEFF, 0xDFFF, 0x4FFF, 0x0000, 0x0000, 0x0000, 0x0000, 0x0000, 0x0000, 0x0000, 0x0000, 0x0000, 0x0000,
0x0000, 0x0000, 0x0000, 0x0000, 0x0000, 0x0000, 0x0000, 0x0000, 0x0000, 0x0000, 0x0000, 0x0000, 0x0000, 0x0000, 0x0000, 0x0000,
0x0000, 0x0000, 0x0000, 0x0000, 0x0000, 0x0000, 0x0000, 0x0000, 0x0000, 0x0000, 0x0000, 0x0000, 0x0000, 0x0000, 0x0000, 0x0000,
0x0000, 0x0000, 0x0000, 0x0000, 0x0000, 0x0000, 0x0000, 0x0000, 0x0000, 0x0000, 0x59FF, 0xC8EF, 0xF8EF, 0xF8EF, 0xE7DF, 0xF7DF,
0xF6CF, 0xF6CF, 0xF6CF, 0xF6CF, 0xF6CF, 0xF5BF, 0xF5BF, 0xF5BF, 0xF5BF, 0xE5BF, 0xF5BF, 0xA5BF, 0x0000, 0x0000, 0x0000, 0x0000,
0x0000, 0x0000, 0x0000, 0x0000, 0x0000, 0x0000, 0x0000, 0x0000, 0x0000, 0x0000, 0x0000, 0x0000, 0x0000, 0x0000, 0x0000, 0x0000,
0x0000, 0x0000, 0x0000, 0x0000, 0x0000, 0x0000, 0x0000, 0x0000, 0x0000, 0x0000, 0x0000, 0x0000, 0x0000, 0x0000, 0x0000, 0x0000,
0x0000, 0x0000, 0x0000, 0x0000, 0x0000, 0x839E, 0xF39E, 0xE39E, 0xF4AE, 0xF4AE, 0xF5BE, 0xF5BF, 0xF6CF, 0xF7DF, 0xF8EF, 0xF9FF,
0xEBFF, 0xFDFF, 0xFFFF, 0x8FFF, 0x1FFF, 0x0000, 0x0000, 0x0000, 0x0000, 0x0000, 0x0000, 0x0000, 0x0000, 0x0000, 0x0000, 0x0000,
0x0000, 0x0000, 0x0000, 0x0000, 0x0000, 0x0000, 0x0000, 0x0000, 0x0000, 0x0000, 0x0000, 0x0000, 0x0000, 0x0000, 0x0000, 0x0000,
0x0000, 0x0000, 0x0000, 0x0000, 0x0000, 0x0000, 0x0000, 0x0000, 0x0000, 0x0000, 0x0000, 0x0000, 0x0000, 0x0000, 0x0000, 0x0000,
0x0000, 0x0000, 0x0000, 0x0000, 0x0000, 0x0000, 0x0000, 0x0000, 0x0000, 0x0000, 0x0000, 0x08EF, 0x68EF, 0xE8EF, 0xF7DF, 0xE7DF,
0xF7DF, 0xF6CF, 0xF6CF, 0xF6CF, 0xF6CF, 0xF6CF, 0xF5BF, 0xF5BF, 0xF5BF, 0xF5BF, 0xE5BF, 0xF5BF, 0x95BF, 0x0000, 0x0000, 0x0000,
0x0000, 0x0000, 0x0000, 0x0000, 0x0000, 0x0000, 0x0000, 0x0000, 0x0000, 0x0000, 0x0000, 0x0000, 0x0000, 0x0000, 0x0000, 0x0000,
0x0000, 0x0000, 0x0000, 0x0000, 0x0000, 0x0000, 0x0000, 0x0000, 0x0000, 0x0000, 0x0000, 0x0000, 0x0000, 0x0000, 0x0000, 0x0000,
0x0000, 0x0000, 0x0000, 0x039E, 0xA39E, 0xF39E, 0xE39E, 0xF4AE, 0xF4AE, 0xF5BF, 0xF5BF, 0xF6CF, 0xF7DF, 0xF8EF, 0xFAFF, 0xECFF,
0xFEFF, 0xDFFF, 0x4FFF, 0x0000, 0x0000, 0x0000, 0x0000, 0x0000, 0x0000, 0x0000, 0x0000, 0x0000, 0x0000, 0x0000, 0x0000, 0x0000,
0x0000, 0x0000, 0x0000, 0x0000, 0x0000, 0x0000, 0x0000, 0x0000, 0x0000, 0x0000, 0x0000, 0x0000, 0x0000, 0x0000, 0x0000, 0x0000,
0x0000, 0x0000, 0x0000, 0x0000, 0x0000, 0x0000, 0x0000, 0x0000, 0x0000, 0x0000, 0x0000, 0x0000, 0x0000, 0x0000, 0x0000, 0x0000,
0x0000, 0x0000, 0x0000, 0x0000, 0x0000, 0x0000, 0x0000, 0x0000, 0x0000, 0x0000, 0x0000, 0x0000, 0x0000, 0x28EF, 0xA7DF, 0xF7DF,
0xE7DF, 0xE6CF, 0xF6CF, 0xF6CF, 0xF6CF, 0xF6CF, 0xF6CF, 0xF6CF, 0xF5BF, 0xF5BF, 0xF5BF, 0xE5BF, 0xF5BF, 0x85BF, 0x0000, 0x0000,
0x0000, 0x0000, 0x0000, 0x0000, 0x0000, 0x0000, 0x0000, 0x0000, 0x0000, 0x0000, 0x0000, 0x0000, 0x0000, 0x0000, 0x0000, 0x0000,
0x0000, 0x0000, 0x0000, 0x0000, 0x0000, 0x0000, 0x0000, 0x0000, 0x0000, 0x0000, 0x0000, 0x0000, 0x0000, 0x0000, 0x0000, 0x0000,
0x0000, 0x0000, 0x239E, 0xC39E, 0xF39E, 0xE39E, 0xF4AE, 0xF4AE, 0xF5BF, 0xF5BF, 0xF6CF, 0xF7DF, 0xF9FF, 0xEAFF, 0xEDFF, 0xFEFF,
0xAFFF, 0x1FFF, 0x0000, 0x0000, 0x0000, 0x0000, 0x0000, 0x0000, 0x0000, 0x0000, 0x0000, 0x0000, 0x0000, 0x0000, 0x0000, 0x0000,
0x0000, 0x0000, 0x0000, 0x0000, 0x0000, 0x0000, 0x0000, 0x0000, 0x0000, 0x0000, 0x0000, 0x0000, 0x0000, 0x0000, 0x0000, 0x0000,
0x0000, 0x0000, 0x0000, 0x0000, 0x0000, 0x0000, 0x0000, 0x0000, 0x0000, 0x0000, 0x0000, 0x0000, 0x0000, 0x0000, 0x0000, 0x0000,
0x0000, 0x0000, 0x0000, 0x0000, 0x0000, 0x0000, 0x0000, 0x0000, 0x0000, 0x0000, 0x0000, 0x0000, 0x0000, 0x0000, 0x0000, 0x87DF,
0xF7DF, 0xE7DF, 0xE6CF, 0xF6CF, 0xF6CF, 0xF6CF, 0xF6CF, 0xF6CF, 0xF6CF, 0xF5BF, 0xF5BF, 0xF5BF, 0xE5BF, 0xF5BF, 0x65BF, 0x0000,
0x0000, 0x0000, 0x0000, 0x0000, 0x0000, 0x0000, 0x0000, 0x0000, 0x0000, 0x0000, 0x0000, 0x0000, 0x0000, 0x0000, 0x0000, 0x0000,
0x0000, 0x0000, 0x0000, 0x0000, 0x0000, 0x0000, 0x0000, 0x0000, 0x0000, 0x0000, 0x0000, 0x0000, 0x0000, 0x0000, 0x0000, 0x0000,
0x0000, 0x339E, 0xD39E, 0xF39E, 0xE39E, 0xF4AE, 0xF4AE, 0xF5BF, 0xF6CF, 0xF6CF, 0xF7DF, 0xF9FF, 0xEBFF, 0xFDFF, 0xFFFF, 0x7FFF,
0x0000, 0x0000, 0x0000, 0x0000, 0x0000, 0x0000, 0x0000, 0x0000, 0x0000, 0x0000, 0x0000, 0x0000, 0x0000, 0x0000, 0x0000, 0x0000,
0x0000, 0x0000, 0x0000, 0x0000, 0x0000, 0x0000, 0x0000, 0x0000, 0x0000, 0x0000, 0x0000, 0x0000, 0x0000, 0x0000, 0x0000, 0x0000,
0x0000, 0x0000, 0x0000, 0x0000, 0x0000, 0x0000, 0x0000, 0x0000, 0x0000, 0x0000, 0x0000, 0x0000, 0x0000, 0x0000, 0x0000, 0x0000,
0x0000, 0x0000, 0x0000, 0x0000, 0x0000, 0x0000, 0x0000, 0x0000, 0x0000, 0x0000, 0x0000, 0x0000, 0x0000, 0x0000, 0x0000, 0x0000,
0x67DF, 0xE7DF, 0xE6CF, 0xE6CF, 0xF6CF, 0xF6CF, 0xF6CF, 0xF6CF, 0xF6CF, 0xF6CF, 0xF6CF, 0xF5BF, 0xE5BF, 0xE5BF, 0xE5BF, 0x36CF,
0x0000, 0x0000, 0x0000, 0x0000, 0x0000, 0x0000, 0x0000, 0x0000, 0x0000, 0x0000, 0x0000, 0x0000, 0x0000, 0x0000, 0x0000, 0x0000,
0x0000, 0x0000, 0x0000, 0x0000, 0x0000, 0x0000, 0x0000, 0x0000, 0x0000, 0x0000, 0x0000, 0x0000, 0x0000, 0x0000, 0x0000, 0x0000,
0x239E, 0xE39E, 0xF39E, 0xE39E, 0xF4AE, 0xF4AE, 0xF5BF, 0xF6CF, 0xF6CF, 0xF8EF, 0xF9FF, 0xEBFF, 0xFDFF, 0xEFFF, 0x5FFF, 0x0000,
0x0000, 0x0000, 0x0000, 0x0000, 0x0000, 0x0000, 0x0000, 0x0000, 0x0000, 0x0000, 0x0000, 0x0000, 0x0000, 0x0000, 0x0000, 0x0000,
0x0000, 0x0000, 0x0000, 0x0000, 0x0000, 0x0000, 0x0000, 0x0000, 0x0000, 0x0000, 0x0000, 0x0000, 0x0000, 0x0000, 0x0000, 0x0000,
0x0000, 0x0000, 0x0000, 0x0000, 0x0000, 0x0000, 0x0000, 0x0000, 0x0000, 0x0000, 0x0000, 0x0000, 0x0000, 0x0000, 0x0000, 0x0000,
0x0000, 0x0000, 0x0000, 0x0000, 0x0000, 0x0000, 0x0000, 0x0000, 0x0000, 0x0000, 0x0000, 0x0000, 0x0000, 0x0000, 0x0000, 0x0000,
0x0000, 0x47DF, 0xE7DF, 0xE6CF, 0xE6CF, 0xF6CF, 0xF6CF, 0xF6CF, 0xF6CF, 0xF6CF, 0xF6CF, 0xF6CF, 0xF6CF, 0xE6CF, 0xF6CF, 0xD6CF,
0x16CF, 0x0000, 0x0000, 0x0000, 0x0000, 0x0000, 0x0000, 0x0000, 0x0000, 0x0000, 0x0000, 0x0000, 0x0000, 0x0000, 0x0000, 0x0000,
0x0000, 0x0000, 0x0000, 0x0000, 0x0000, 0x0000, 0x0000, 0x0000, 0x0000, 0x0000, 0x0000, 0x0000, 0x0000, 0x0000, 0x0000, 0x039E,
0xC39E, 0xF39E, 0xE39E, 0xF4AE, 0xF4AE, 0xF5BF, 0xF6CF, 0xF7DF, 0xF8EF, 0xF9FF, 0xEBFF, 0xFEFF, 0xDFFF, 0x3FFF, 0x0000, 0x0000,
0x0000, 0x0000, 0x0000, 0x0000, 0x0000, 0x0000, 0x0000, 0x0000, 0x0000, 0x0000, 0x0000, 0x0000, 0x0000, 0x0000, 0x0000, 0x0000,
0x0000, 0x0000, 0x0000, 0x0000, 0x0000, 0x0000, 0x0000, 0x0000, 0x0000, 0x0000, 0x0000, 0x0000, 0x0000, 0x0000, 0x0000, 0x0000,
0x0000, 0x0000, 0x0000, 0x0000, 0x0000, 0x0000, 0x0000, 0x0000, 0x0000, 0x0000, 0x0000, 0x0000, 0x0000, 0x0000, 0x0000, 0x0000,
0x0000, 0x0000, 0x0000, 0x0000, 0x0000, 0x0000, 0x0000, 0x0000, 0x0000, 0x0000, 0x0000, 0x0000, 0x0000, 0x0000, 0x0000, 0x0000,
0x0000, 0x0000, 0x47DF, 0xE6CF, 0xE6CF, 0xE6CF, 0xF6CF, 0xF6CF, 0xF6CF, 0xF6CF, 0xF6CF, 0xF6CF, 0xF6CF, 0xF6CF, 0xE6CF, 0xF6CF,
0x96CF, 0x0000, 0x0000, 0x0000, 0x0000, 0x0000, 0x0000, 0x0000, 0x0000, 0x0000, 0x0000, 0x0000, 0x0000, 0x0000, 0x0000, 0x0000,
0x0000, 0x0000, 0x0000, 0x0000, 0x0000, 0x0000, 0x0000, 0x0000, 0x0000, 0x0000, 0x0000, 0x0000, 0x0000, 0x0000, 0x0000, 0xA39E,
0xF39E, 0xE39E, 0xF4AE, 0xF4AE, 0xF5BF, 0xF6CF, 0xF7DF, 0xF8EF, 0xF9FF, 0xECFF, 0xFEFF, 0xCFFF, 0x2FFF, 0x0000, 0x0000, 0x0000,
0x0000, 0x0000, 0x0000, 0x0000, 0x0000, 0x0000, 0x0000, 0x0000, 0x0000, 0x0000, 0x0000, 0x0000, 0x0000, 0x0000, 0x0000, 0x0000,
0x0000, 0x0000, 0x0000, 0x0000, 0x0000, 0x0000, 0x239E, 0x439E, 0x539E, 0x539E, 0x539E, 0x539E, 0x539E, 0x439E, 0x439E, 0x339E,
0x239E, 0x139E, 0x0000, 0x0000, 0x0000, 0x0000, 0x0000, 0x0000, 0x0000, 0x0000, 0x0000, 0x0000, 0x0000, 0x0000, 0x0000, 0x0000,
0x0000, 0x0000, 0x0000, 0x0000, 0x0000, 0x0000, 0x0000, 0x0000, 0x0000, 0x0000, 0x0000, 0x0000, 0x0000, 0x0000, 0x0000, 0x0000,
0x0000, 0x0000, 0x0000, 0x46CF, 0xE6CF, 0xE6CF, 0xE6CF, 0xF6CF, 0xF6CF, 0xF6CF, 0xF6CF, 0xF6CF, 0xF6CF, 0xF6CF, 0xF6CF, 0xE6CF,
0xF6CF, 0x46CF, 0x0000, 0x0000, 0x0000, 0x0000, 0x0000, 0x0000, 0x0000, 0x0000, 0x0000, 0x0000, 0x0000, 0x0000, 0x0000, 0x0000,
0x0000, 0x0000, 0x0000, 0x0000, 0x0000, 0x0000, 0x0000, 0x0000, 0x0000, 0x0000, 0x0000, 0x0000, 0x0000, 0x0000, 0x739E, 0xF39E,
0xE39E, 0xF4AE, 0xF4AE, 0xF5BF, 0xF6CF, 0xF7DF, 0xF8EF, 0xFAFF, 0xECFF, 0xFEFF, 0xBFFF, 0x1FFF, 0x0000, 0x0000, 0x0000, 0x0000,
0x0000, 0x0000, 0x0000, 0x0000, 0x0000, 0x0000, 0x0000, 0x0000, 0x0000, 0x0000, 0x0000, 0x0000, 0x0000, 0x0000, 0x0000, 0x0000,
0x0000, 0x0000, 0x039E, 0x439E, 0x939E, 0xD39E, 0xE39E, 0xF39E, 0xF39E, 0xF39E, 0xF39E, 0xF39E, 0xF39E, 0xF39E, 0xF39E, 0xF39E,
0xF39E, 0xE39E, 0xC39E, 0xA39E, 0x739E, 0x439E, 0x139E, 0x0000, 0x0000, 0x0000, 0x0000, 0x0000, 0x0000, 0x0000, 0x0000, 0x0000,
0x0000, 0x0000, 0x0000, 0x0000, 0x0000, 0x0000, 0x0000, 0x0000, 0x0000, 0x0000, 0x0000, 0x0000, 0x0000, 0x0000, 0x0000, 0x0000,
0x0000, 0x0000, 0x0000, 0x0000, 0x56CF, 0xF6CF, 0xE6CF, 0xF6CF, 0xF6CF, 0xF6CF, 0xF6CF, 0xF6CF, 0xF6CF, 0xF6CF, 0xF6CF, 0xE6CF,
0xE6CF, 0xC6CF, 0x06CF, 0x0000, 0x0000, 0x0000, 0x0000, 0x0000, 0x0000, 0x0000, 0x0000, 0x0000, 0x0000, 0x0000, 0x0000, 0x0000,
0x0000, 0x0000, 0x0000, 0x0000, 0x0000, 0x0000, 0x0000, 0x0000, 0x0000, 0x0000, 0x0000, 0x0000, 0x0000, 0x339E, 0xE39E, 0xE39E,
0xE4AE, 0xF4AE, 0xF5BF, 0xF6CF, 0xF6CF, 0xF8EF, 0xFAFF, 0xECFF, 0xFEFF, 0xBFFF, 0x0FFF, 0x0000, 0x0000, 0x0000, 0x0000, 0x0000,
0x0000, 0x0000, 0x0000, 0x0000, 0x0000, 0x0000, 0x0000, 0x0000, 0x0000, 0x0000, 0x0000, 0x0000, 0x0000, 0x0000, 0x0000, 0x0000,
0x239E, 0x739E, 0xD39E, 0xF39E, 0xF39E, 0xF39E, 0xF39E, 0xE39E, 0xE4AE, 0xE4AE, 0xE4AE, 0xE4AE, 0xE4AE, 0xE4AE, 0xE4AE, 0xE4AE,
0xF4AE, 0xF4AE, 0xF4AE, 0xF4AE, 0xF4AE, 0xF39E, 0xE39E, 0xC39E, 0xA39E, 0x739E, 0x34AE, 0x04AE, 0x0000, 0x0000, 0x0000, 0x0000,
0x0000, 0x0000, 0x0000, 0x0000, 0x0000, 0x0000, 0x0000, 0x0000, 0x0000, 0x0000, 0x0000, 0x0000, 0x0000, 0x0000, 0x0000, 0x0000,
0x0000, 0x0000, 0x0000, 0x0000, 0x0000, 0x76CF, 0xF6CF, 0xE6CF, 0xF6CF, 0xF6CF, 0xF6CF, 0xF6CF, 0xF6CF, 0xF6CF, 0xF6CF, 0xF6CF,
0xE6CF, 0xF6CF, 0x76CF, 0x0000, 0x0000, 0x0000, 0x0000, 0x0000, 0x0000, 0x0000, 0x0000, 0x0000, 0x0000, 0x0000, 0x0000, 0x0000,
0x0000, 0x0000, 0x0000, 0x0000, 0x0000, 0x0000, 0x0000, 0x0000, 0x0000, 0x0000, 0x0000, 0x0000, 0x139E, 0xD39E, 0xE39E, 0xE39E,
0xF4AE, 0xF5BF, 0xF5BF, 0xF6CF, 0xF8EF, 0xF9FF, 0xECFF, 0xFEFF, 0xAFFF, 0x0000, 0x0000, 0x0000, 0x0000, 0x0000, 0x0000, 0x0000,
0x0000, 0x0000, 0x0000, 0x0000, 0x0000, 0x0000, 0x0000, 0x0000, 0x0000, 0x0000, 0x0000, 0x0000, 0x0000, 0x0000, 0x139E, 0x839E,
0xE39E, 0xF39E, 0xF39E, 0xE39E, 0xE39E, 0xE4AE, 0xE4AE, 0xF4AE, 0xF4AE, 0xF4AE, 0xF4AE, 0xF4AE, 0xF4AE, 0xF4AE, 0xF4AE, 0xF4AE,
0xF4AE, 0xE4AE, 0xE4AE, 0xE4AE, 0xE4AE, 0xE4AE, 0xF4AE, 0xF4AE, 0xF4AE, 0xF4AE, 0xF4AE, 0xD4AE, 0x94AE, 0x44AE, 0x04AE, 0x0000,
0x0000, 0x0000, 0x0000, 0x0000, 0x0000, 0x0000, 0x0000, 0x0000, 0x0000, 0x0000, 0x0000, 0x0000, 0x0000, 0x0000, 0x0000, 0x0000,
0x0000, 0x0000, 0x0000, 0x0000, 0x0000, 0x0000, 0xB6CF, 0xF6CF, 0xE6CF, 0xF6CF, 0xF6CF, 0xF6CF, 0xF6CF, 0xF6CF, 0xF6CF, 0xF6CF,
0xE6CF, 0xE6CF, 0xE6CF, 0x26CF, 0x0000, 0x0000, 0x0000, 0x0000, 0x0000, 0x0000, 0x0000, 0x0000, 0x0000, 0x0000, 0x0000, 0x0000,
0x0000, 0x0000, 0x0000, 0x0000, 0x0000, 0x0000, 0x0000, 0x0000, 0x0000, 0x0000, 0x0000, 0x0000, 0x939E, 0xF39E, 0xE39E, 0xF4AE,
0xF5BE, 0xF5BF, 0xF6CF, 0xF7DF, 0xF9FF, 0xEBFF, 0xFEFF, 0xBFFF, 0x0FFF, 0x0000, 0x0000, 0x0000, 0x0000, 0x0000, 0x0000, 0x0000,
0x0000, 0x0000, 0x0000, 0x0000, 0x0000, 0x0000, 0x0000, 0x0000, 0x0000, 0x0000, 0x0000, 0x0000, 0x039E, 0x639E, 0xD39E, 0xF39E,
0xF39E, 0xE39E, 0xE4AE, 0xF4AE, 0xF4AE, 0xF4AE, 0xF5BE, 0xF5BF, 0xF5BF, 0xF5BF, 0xF5BF, 0xF5BF, 0xF5BF, 0xF5BF, 0xF5BF, 0xF5BF,
0xF5BF, 0xF5BF, 0xF5BF, 0xF5BE, 0xF5BE, 0xF4AE, 0xE4AE, 0xE4AE, 0xE4AE, 0xE4AE, 0xE4AE, 0xF4AE, 0xF4AE, 0xF4AE, 0xD4AE, 0x84AE,
0x34AE, 0x0000, 0x0000, 0x0000, 0x0000, 0x0000, 0x0000, 0x0000, 0x0000, 0x0000, 0x0000, 0x0000, 0x0000, 0x0000, 0x0000, 0x0000,
0x0000, 0x0000, 0x0000, 0x0000, 0x0000, 0x0000, 0x16CF, 0xE6CF, 0xE6CF, 0xE6CF, 0xF6CF, 0xF6CF, 0xF6CF, 0xF6CF, 0xF6CF, 0xF6CF,
0xF6CF, 0xE6CF, 0xF6CF, 0xB6CF, 0x0000, 0x0000, 0x0000, 0x0000, 0x0000, 0x0000, 0x0000, 0x0000, 0x0000, 0x0000, 0x0000, 0x0000,
0x0000, 0x0000, 0x0000, 0x0000, 0x0000, 0x0000, 0x0000, 0x0000, 0x0000, 0x0000, 0x0000, 0x439E, 0xF39E, 0xE39E, 0xF4AE, 0xF4AE,
0xF5BF, 0xF6CF, 0xF7DF, 0xF9FF, 0xEBFF, 0xFDFF, 0xDFFF, 0x1FFF, 0x0000, 0x0000, 0x0000, 0x0000, 0x0000, 0x0000, 0x0000, 0x0000,
0x0000, 0x0000, 0x0000, 0x0000, 0x0000, 0x0000, 0x0000, 0x0000, 0x0000, 0x0000, 0x0000, 0x439E, 0xC39E, 0xF39E, 0xF39E, 0xE39E,
0xE4AE, 0xF4AE, 0xF4AE, 0xF5BE, 0xF5BF, 0xF5BF, 0xF5BF, 0xF5BF, 0xF5BF, 0xF6CF, 0xF6CF, 0xF6CF, 0xF6CF, 0xF6CF, 0xF6CF, 0xF6CF,
0xF6CF, 0xF5BF, 0xF5BF, 0xF5BF, 0xF5BF, 0xF5BF, 0xF5BF, 0xF5BF, 0xF5BF, 0xF5BE, 0xF4AE, 0xE4AE, 0xE4AE, 0xE4AE, 0xF4AE, 0xF4AE,
0xF4AE, 0xB4AE, 0x34AE, 0x0000, 0x0000, 0x0000, 0x0000, 0x0000, 0x0000, 0x0000, 0x0000, 0x0000, 0x0000, 0x0000, 0x0000, 0x0000,
0x0000, 0x0000, 0x0000, 0x0000, 0x0000, 0x0000, 0x0000, 0x56CF, 0xF6CF, 0xE6CF, 0xF6CF, 0xF6CF, 0xF6CF, 0xF6CF, 0xF6CF, 0xF6CF,
0xF6CF, 0xF6CF, 0xE6CF, 0xF6CF, 0x56CF, 0x0000, 0x0000, 0x0000, 0x0000, 0x0000, 0x0000, 0x0000, 0x0000, 0x0000, 0x0000, 0x0000,
0x0000, 0x0000, 0x0000, 0x0000, 0x0000, 0x0000, 0x0000, 0x0000, 0x0000, 0x0000, 0x039E, 0xD39E, 0xE39E, 0xE4AE, 0xF4AE, 0xF5BF,
0xF6CF, 0xF7DF, 0xF8EF, 0xEAFF, 0xEDFF, 0xEEFF, 0x2FFF, 0x0000, 0x0000, 0x0000, 0x0000, 0x0000, 0x0000, 0x0000, 0x0000, 0x0000,
0x0000, 0x0000, 0x0000, 0x0000, 0x0000, 0x0000, 0x0000, 0x0000, 0x0000, 0x139E, 0x939E, 0xF39E, 0xF39E, 0xE39E, 0xE4AE, 0xF4AE,
0xF4AE, 0xF5BF, 0xF5BF, 0xF5BF, 0xF6CF, 0xF6CF, 0xF6CF, 0xF6CF, 0xF6CF, 0xF6CF, 0xF6CF, 0xF6CF, 0xF7DF, 0xF7DF, 0xF7DF, 0xF6CF,
0xF6CF, 0xF6CF, 0xF6CF, 0xF6CF, 0xF6CF, 0xF6CF, 0xF5BF, 0xF5BF, 0xF5BF, 0xF5BF, 0xF5BF, 0xF5BF, 0xF5BF, 0xF4AE, 0xE4AE, 0xE4AE,
0xE4AE, 0xF4AE, 0xF4AE, 0x84AE, 0x04AE, 0x0000, 0x0000, 0x0000, 0x0000, 0x0000, 0x0000, 0x0000, 0x0000, 0x0000, 0x0000, 0x0000,
0x0000, 0x0000, 0x0000, 0x0000, 0x0000, 0x0000, 0x0000, 0x0000, 0x96CF, 0xF6CF, 0xE6CF, 0xF6CF, 0xF6CF, 0xF6CF, 0xF6CF, 0xF6CF,
0xF6CF, 0xF6CF, 0xE6CF, 0xE6CF, 0xD6CF, 0x06CF, 0x0000, 0x0000, 0x0000, 0x0000, 0x0000, 0x0000, 0x0000, 0x0000, 0x0000, 0x0000,
0x0000, 0x0000, 0x0000, 0x0000, 0x0000, 0x0000, 0x0000, 0x0000, 0x0000, 0x0000, 0x839E, 0xF39E, 0xE39E, 0xF4AE, 0xF5BF, 0xF5BF,
0xF6CF, 0xF8EF, 0xFAFF, 0xECFF, 0xFEFF, 0x5FFF, 0x0000, 0x0000, 0x0000, 0x0000, 0x0000, 0x0000, 0x0000, 0x0000, 0x0000, 0x0000,
0x0000, 0x0000, 0x0000, 0x0000, 0x0000, 0x0000, 0x0000, 0x0000, 0x539E, 0xD39E, 0xF39E, 0xE39E, 0xE39E, 0xF4AE, 0xF4AE, 0xF5BF,
0xF5BF, 0xF5BF, 0xF6CF, 0xF6CF, 0xF6CF, 0xF7DF, 0xF7DF, 0xF7DF, 0xF7DF, 0xF7DF, 0xF8EF, 0xF8EF, 0xF8EF, 0xF8EF, 0xF8EF, 0xF8EF,
0xF7DF, 0xF7DF, 0xF7DF, 0xF7DF, 0xF6CF, 0xF6CF, 0xF6CF, 0xF6CF, 0xF6CF, 0xF6CF, 0xF5BF, 0xF5BF, 0xF5BF, 0xF5BF, 0xF5BF, 0xF5BF,
0xF5BE, 0xE4AE, 0xE4AE, 0xF4AE, 0xC4AE, 0x34AE, 0x0000, 0x0000, 0x0000, 0x0000, 0x0000, 0x0000, 0x0000, 0x0000, 0x0000, 0x0000,
0x0000, 0x0000, 0x0000, 0x0000, 0x0000, 0x0000, 0x0000, 0x0000, 0x06CF, 0xD6CF, 0xE6CF, 0xE6CF, 0xF6CF, 0xF6CF, 0xF6CF, 0xF6CF,
0xF6CF, 0xF6CF, 0xF6CF, 0xE6CF, 0xF6CF, 0x76CF, 0x0000, 0x0000, 0x0000, 0x0000, 0x0000, 0x0000, 0x0000, 0x0000, 0x0000, 0x0000,
0x0000, 0x0000, 0x0000, 0x0000, 0x0000, 0x0000, 0x0000, 0x0000, 0x0000, 0x239E, 0xE39E, 0xE39E, 0xE4AE, 0xF4AE, 0xF5BF, 0xF6CF,
0xF7DF, 0xF9FF, 0xEBFF, 0xFEFF, 0x8FFF, 0x0000, 0x0000, 0x0000, 0x0000, 0x0000, 0x0000, 0x0000, 0x0000, 0x0000, 0x0000, 0x0000,
0x0000, 0x0000, 0x0000, 0x0000, 0x0000, 0x0000, 0x039E, 0x939E, 0xF39E, 0xF39E, 0xE39E, 0xF4AE, 0xF4AE, 0xF5BE, 0xF5BF, 0xF5BF,
0xF6CF, 0xF6CF, 0xF7DF, 0xF7DF, 0xF8EF, 0xF8EF, 0xF8EF, 0xE9FF, 0xE9FF, 0xE9FF, 0xEAFF, 0xEAFF, 0xEAFF, 0xEAFF, 0xEAFF, 0xE9FF,
0xE9FF, 0xE9FF, 0xE8EF, 0xE8EF, 0xF8EF, 0xF7DF, 0xF7DF, 0xF7DF, 0xF6CF, 0xF6CF, 0xF6CF, 0xF6CF, 0xF6CF, 0xF5BF, 0xF5BF, 0xF5BF,
0xF5BF, 0xF5BF, 0xF5BF, 0xE5BF, 0xF4AE, 0xE4AE, 0x64AE, 0x0000, 0x0000, 0x0000, 0x0000, 0x0000, 0x0000, 0x0000, 0x0000, 0x0000,
0x0000, 0x0000, 0x0000, 0x0000, 0x0000, 0x0000, 0x0000, 0x0000, 0x0000, 0x36CF, 0xF5BF, 0xE6CF, 0xF6CF, 0xF6CF, 0xF6CF, 0xF6CF,
0xF6CF, 0xF6CF, 0xF6CF, 0xE6CF, 0xE6CF, 0xE6CF, 0x16CF, 0x0000, 0x0000, 0x0000, 0x0000, 0x0000, 0x0000, 0x0000, 0x0000, 0x0000,
0x0000, 0x0000, 0x0000, 0x0000, 0x0000, 0x0000, 0x0000, 0x0000, 0x0000, 0x939E, 0xF39E, 0xE39E, 0xF4AE, 0xF5BF, 0xF6CF, 0xF7DF,
0xF8EF, 0xEAFF, 0xFDFF, 0xBEFF, 0x0000, 0x0000, 0x0000, 0x0000, 0x0000, 0x0000, 0x0000, 0x0000, 0x0000, 0x0000, 0x0000, 0x0000,
0x0000, 0x0000, 0x0000, 0x0000, 0x0000, 0x239E, 0xC39E, 0xF39E, 0xE39E, 0xE39E, 0xF4AE, 0xF4AE, 0xF5BF, 0xF5BF, 0xF6CF, 0xF6CF,
0xF7DF, 0xF7DF, 0xF8EF, 0xE9FF, 0xEAFF, 0xEAFF, 0xEBFF, 0xFBFF, 0xFBFF, 0xFCFF, 0xFCFF, 0xFCFF, 0xFCFF, 0xFCFF, 0xFBFF, 0xFBFF,
0xFBFF, 0xFAFF, 0xFAFF, 0xF9FF, 0xF9FF, 0xE9FF, 0xE8EF, 0xE8EF, 0xF7DF, 0xF7DF, 0xF6CF, 0xF6CF, 0xF6CF, 0xF6CF, 0xF6CF, 0xF5BF,
0xF5BF, 0xF5BF, 0xF5BF, 0xF5BF, 0xE5BF, 0xE5BF, 0xF5BF, 0x95BF, 0x05BF, 0x0000, 0x0000, 0x0000, 0x0000, 0x0000, 0x0000, 0x0000,
0x0000, 0x0000, 0x0000, 0x0000, 0x0000, 0x0000, 0x0000, 0x0000, 0x0000, 0x0000, 0x85BF, 0xF6CF, 0xE5BF, 0xF6CF, 0xF6CF, 0xF6CF,
0xF6CF, 0xF6CF, 0xF6CF, 0xF6CF, 0xE6CF, 0xF6CF, 0x96CF, 0x0000, 0x0000, 0x0000, 0x0000, 0x0000, 0x0000, 0x0000, 0x0000, 0x0000,
0x0000, 0x0000, 0x0000, 0x0000, 0x0000, 0x0000, 0x0000, 0x0000, 0x239E, 0xE39E, 0xE39E, 0xE4AE, 0xF4AE, 0xF5BF, 0xF6CF, 0xF8EF,
0xE9FF, 0xECFF, 0xEEFF, 0x2FFF, 0x0000, 0x0000, 0x0000, 0x0000, 0x0000, 0x0000, 0x0000, 0x0000, 0x0000, 0x0000, 0x0000, 0x0000,
0x0000, 0x0000, 0x0000, 0x0000, 0x439E, 0xE39E, 0xF39E, 0xE39E, 0xF4AE, 0xF4AE, 0xF5BE, 0xF5BF, 0xF6CF, 0xF6CF, 0xF7DF, 0xF8EF,
0xF9FF, 0xE9FF, 0xEAFF, 0xFBFF, 0xFCFF, 0xFDFF, 0xFDFF, 0xEDFF, 0xCDFF, 0x9DFF, 0x8DFF, 0x7DFF, 0x5DFF, 0x4CFF, 0x4CFF, 0x4CFF,
0x5BFF, 0x7BFF, 0xABFF, 0xCAFF, 0xFAFF, 0xFAFF, 0xF9FF, 0xF9FF, 0xE8EF, 0xE8EF, 0xF7DF, 0xF7DF, 0xF6CF, 0xF6CF, 0xF6CF, 0xF6CF,
0xF6CF, 0xF5BF, 0xF5BF, 0xF5BF, 0xF5BF, 0xE5BF, 0xE5BF, 0xF5BF, 0xB5BF, 0x15BF, 0x0000, 0x0000, 0x0000, 0x0000, 0x0000, 0x0000,
0x0000, 0x0000, 0x0000, 0x0000, 0x0000, 0x0000, 0x0000, 0x0000, 0x0000, 0x0000, 0x05BF, 0xC5BF, 0xE5BF, 0xE5BF, 0xF6CF, 0xF6CF,
0xF6CF, 0xF6CF, 0xF6CF, 0xF6CF, 0xE6CF, 0xE6CF, 0xE6CF, 0x27DF, 0x0000, 0x0000, 0x0000, 0x0000, 0x0000, 0x0000, 0x0000, 0x0000,
0x0000, 0x0000, 0x0000, 0x0000, 0x0000, 0x0000, 0x0000, 0x0000, 0x939E, 0xF39E, 0xE4AE, 0xF4AE, 0xF5BF, 0xF6CF, 0xF7DF, 0xF9FF,
0xEBFF, 0xFDFF, 0x6EFF, 0x0000, 0x0000, 0x0000, 0x0000, 0x0000, 0x0000, 0x0000, 0x0000, 0x0000, 0x0000, 0x0000, 0x0000, 0x0000,
0x0000, 0x0000, 0x0000, 0x639E, 0xF39E, 0xF39E, 0xE39E, 0xF4AE, 0xF4AE, 0xF5BF, 0xF5BF, 0xF6CF, 0xF7DF, 0xF8EF, 0xF8EF, 0xEAFF,
0xEBFF, 0xFCFF, 0xFDFF, 0xEEFF, 0xBEFF, 0x8EFF, 0x4EFF, 0x1EFF, 0x0000, 0x0000, 0x0000, 0x0000, 0x0000, 0x0000, 0x0000, 0x0000,
0x0000, 0x0000, 0x0000, 0x0000, 0x2AFF, 0x6AFF, 0xAAFF, 0xE9FF, 0xF9FF, 0xF8EF, 0xE8EF, 0xE7DF, 0xF7DF, 0xF6CF, 0xF6CF, 0xF6CF,
0xF6CF, 0xF6CF, 0xF6CF, 0xF5BF, 0xF5BF, 0xF5BF, 0xF5BF, 0xE5BF, 0xF5BF, 0xC5BF, 0x15BF, 0x0000, 0x0000, 0x0000, 0x0000, 0x0000,
0x0000, 0x0000, 0x0000, 0x0000, 0x0000, 0x0000, 0x0000, 0x0000, 0x0000, 0x0000, 0x0000, 0x35BF, 0xF5BF, 0xE5BF, 0xF5BF, 0xF5BF,
0xF6CF, 0xF6CF, 0xF6CF, 0xF6CF, 0xF6CF, 0xE6CF, 0xF7DF, 0x97DF, 0x0000, 0x0000, 0x0000, 0x0000, 0x0000, 0x0000, 0x0000, 0x0000,
0x0000, 0x0000, 0x0000, 0x0000, 0x0000, 0x0000, 0x0000, 0x139E, 0xE39E, 0xE39E, 0xE4AE, 0xF5BE, 0xF5BF, 0xF6CF, 0xF8EF, 0xEAFF,
0xECFF, 0xCEFF, 0x0000, 0x0000, 0x0000, 0x0000, 0x0000, 0x0000, 0x0000, 0x0000, 0x0000, 0x0000, 0x0000, 0x0000, 0x0000, 0x0000,
0x0000, 0x0000, 0x739E, 0xF39E, 0xE39E, 0xE39E, 0xF4AE, 0xF4AE, 0xF5BF, 0xF6CF, 0xF6CF, 0xF7DF, 0xF8EF, 0xF9FF, 0xEBFF, 0xFCFF,
0xFEFF, 0xDEFF, 0x8FFF, 0x2FFF, 0x0000, 0x0000, 0x0000, 0x0000, 0x0000, 0x0000, 0x0000, 0x0000, 0x0000, 0x0000, 0x0000, 0x0000,
0x0000, 0x0000, 0x0000, 0x0000, 0x0000, 0x0000, 0x0000, 0x1AFF, 0x59FF, 0xB9FF, 0xF8EF, 0xF8EF, 0xE7DF, 0xE7DF, 0xF7DF, 0xF6CF,
0xF6CF, 0xF6CF, 0xF6CF, 0xF6CF, 0xF5BF, 0xF5BF, 0xF5BF, 0xF5BF, 0xE5BF, 0xF5BF, 0xD5BF, 0x25BF, 0x0000, 0x0000, 0x0000, 0x0000,
0x0000, 0x0000, 0x0000, 0x0000, 0x0000, 0x0000, 0x0000, 0x0000, 0x0000, 0x0000, 0x0000, 0x0000, 0x95BF, 0xF5BF, 0xE5BF, 0xF5BF,
0xF6CF, 0xF6CF, 0xF6CF, 0xF6CF, 0xF6CF, 0xE6CF, 0xE6CF, 0xE7DF, 0x27DF, 0x0000, 0x0000, 0x0000, 0x0000, 0x0000, 0x0000, 0x0000,
0x0000, 0x0000, 0x0000, 0x0000, 0x0000, 0x0000, 0x0000, 0x839E, 0xF39E, 0xE4AE, 0xF4AE, 0xF5BF, 0xF6CF, 0xF7DF, 0xF9FF, 0xEBFF,
0xFDFF, 0x4EFF, 0x0000, 0x0000, 0x0000, 0x0000, 0x0000, 0x0000, 0x0000, 0x0000, 0x0000, 0x0000, 0x0000, 0x0000, 0x0000, 0x0000,
0x0000, 0x739E, 0xF39E, 0xE39E, 0xE39E, 0xF4AE, 0xF5BE, 0xF5BF, 0xF6CF, 0xF7DF, 0xF8EF, 0xF9FF, 0xEAFF, 0xECFF, 0xFEFF, 0xEFFF,
0x7FFF, 0x1FFF, 0x0000, 0x0000, 0x0000, 0x0000, 0x0000, 0x0000, 0x0000, 0x0000, 0x0000, 0x0000, 0x0000, 0x0000, 0x0000, 0x0000,
0x0000, 0x0000, 0x0000, 0x0000, 0x0000, 0x0000, 0x0000, 0x0000, 0x0000, 0x0000, 0x59FF, 0xC8EF, 0xF8EF, 0xF8EF, 0xE7DF, 0xF7DF,
0xF6CF, 0xF6CF, 0xF6CF, 0xF6CF, 0xF6CF, 0xF6CF, 0xF5BF, 0xF5BF, 0xF5BF, 0xE5BF, 0xF5BF, 0xD5BF, 0x35BF, 0x0000, 0x0000, 0x0000,
0x0000, 0x0000, 0x0000, 0x0000, 0x0000, 0x0000, 0x0000, 0x0000, 0x0000, 0x0000, 0x0000, 0x0000, 0x15BF, 0xD5BF, 0xE5BF, 0xE5BF,
0xF5BF, 0xF6CF, 0xF6CF, 0xF6CF, 0xF6CF, 0xF6CF, 0xE6CF, 0xF7DF, 0x87DF, 0x0000, 0x0000, 0x0000, 0x0000, 0x0000, 0x0000, 0x0000,
0x0000, 0x0000, 0x0000, 0x0000, 0x0000, 0x0000, 0x139E, 0xD39E, 0xE39E, 0xE4AE, 0xF5BE, 0xF5BF, 0xF6CF, 0xF8EF, 0xEAFF, 0xFCFF,
0xBEFF, 0x0000, 0x0000, 0x0000, 0x0000, 0x0000, 0x0000, 0x0000, 0x0000, 0x0000, 0x0000, 0x0000, 0x0000, 0x0000, 0x0000, 0x0000,
0x539E, 0xF39E, 0xE39E, 0xE39E, 0xF4AE, 0xF5BF, 0xF5BF, 0xF6CF, 0xF7DF, 0xF8EF, 0xFAFF, 0xEBFF, 0xFDFF, 0xFFFF, 0x9FFF, 0x2FFF,
0x0000, 0x0000, 0x0000, 0x0000, 0x0000, 0x0000, 0x0000, 0x0000, 0x0000, 0x0000, 0x0000, 0x0000, 0x0000, 0x0000, 0x0000, 0x0000,
0x0000, 0x0000, 0x0000, 0x0000, 0x0000, 0x0000, 0x0000, 0x0000, 0x0000, 0x0000, 0x0000, 0x0000, 0x68EF, 0xE8EF, 0xF8EF, 0xE7DF,
0xE7DF, 0xF6CF, 0xF6CF, 0xF6CF, 0xF6CF, 0xF6CF, 0xF6CF, 0xF5BF, 0xF5BF, 0xF5BF, 0xE5BF, 0xF5BF, 0xE5BF, 0x25BF, 0x0000, 0x0000,
0x0000, 0x0000, 0x0000, 0x0000, 0x0000, 0x0000, 0x0000, 0x0000, 0x0000, 0x0000, 0x0000, 0x0000, 0x0000, 0x55BF, 0xF5BF, 0xE5BF,
0xF5BF, 0xF5BF, 0xF6CF, 0xF6CF, 0xF6CF, 0xF6CF, 0xE6CF, 0xE7DF, 0xE7DF, 0x17DF, 0x0000, 0x0000, 0x0000, 0x0000, 0x0000, 0x0000,
0x0000, 0x0000, 0x0000, 0x0000, 0x0000, 0x0000, 0x639E, 0xF39E, 0xE4AE, 0xF4AE, 0xF5BF, 0xF6CF, 0xF7DF, 0xF9FF, 0xEBFF, 0xFDFF,
0x4EFF, 0x0000, 0x0000, 0x0000, 0x0000, 0x0000, 0x0000, 0x0000, 0x0000, 0x0000, 0x0000, 0x0000, 0x0000, 0x0000, 0x0000, 0x239E,
0xE39E, 0xE39E, 0xE39E, 0xF4AE, 0xF5BF, 0xF5BF, 0xF6CF, 0xF7DF, 0xF9FF, 0xEAFF, 0xECFF, 0xFEFF, 0xDFFF, 0x5FFF, 0x0000, 0x0000,
0x0000, 0x0000, 0x0000, 0x0000, 0x0000, 0x0000, 0x0000, 0x0000, 0x0000, 0x0000, 0x0000, 0x0000, 0x0000, 0x0000, 0x0000, 0x0000,
0x0000, 0x0000, 0x0000, 0x0000, 0x0000, 0x0000, 0x0000, 0x0000, 0x0000, 0x0000, 0x0000, 0x0000, 0x0000, 0x28EF, 0xA8EF, 0xF7DF,
0xE7DF, 0xE7DF, 0xF6CF, 0xF6CF, 0xF6CF, 0xF6CF, 0xF6CF, 0xF6CF, 0xF5BF, 0xF5BF, 0xF5BF, 0xE5BF, 0xF5BF, 0xD5BF, 0x15BF, 0x0000,
0x0000, 0x0000, 0x0000, 0x0000, 0x0000, 0x0000, 0x0000, 0x0000, 0x0000, 0x0000, 0x0000, 0x0000, 0x0000, 0x0000, 0xB5BF, 0xF5BF,
0xE5BF, 0xF5BF, 0xF5BF, 0xF6CF, 0xF6CF, 0xF6CF, 0xF6CF, 0xE6CF, 0xF7DF, 0x77DF, 0x0000, 0x0000, 0x0000, 0x0000, 0x0000, 0x0000,
0x0000, 0x0000, 0x0000, 0x0000, 0x0000, 0x0000, 0xC39E, 0xE39E, 0xE4AE, 0xF4AE, 0xF5BF, 0xF6CF, 0xF8EF, 0xEAFF, 0xECFF, 0xBDFF,
0x0000, 0x0000, 0x0000, 0x0000, 0x0000, 0x0000, 0x0000, 0x0000, 0x0000, 0x0000, 0x0000, 0x0000, 0x0000, 0x0000, 0x039E, 0xC39E,
0xF39E, 0xE39E, 0xF4AE, 0xF5BF, 0xF5BF, 0xF6CF, 0xF7DF, 0xF9FF, 0xEBFF, 0xFDFF, 0xFEFF, 0xAFFF, 0x1FFF, 0x0000, 0x0000, 0x0000,
0x0000, 0x0000, 0x0000, 0x0000, 0x0000, 0x0000, 0x0000, 0x0000, 0x0000, 0x0000, 0x0000, 0x0000, 0x0000, 0x0000, 0x0000, 0x0000,
0x0000, 0x0000, 0x0000, 0x0000, 0x0000, 0x0000, 0x0000, 0x0000, 0x0000, 0x0000, 0x0000, 0x0000, 0x0000, 0x0000, 0x0000, 0x67DF,
0xE7DF, 0xF7DF, 0xE7DF, 0xF6CF, 0xF6CF, 0xF6CF, 0xF6CF, 0xF6CF, 0xF6CF, 0xF6CF, 0xF5BF, 0xF5BF, 0xE5BF, 0xF5BF, 0xB6CF, 0x0000,
0x0000, 0x0000, 0x0000, 0x0000, 0x0000, 0x0000, 0x0000, 0x0000, 0x0000, 0x0000, 0x0000, 0x0000, 0x0000, 0x0000, 0x35BF, 0xF5BF,
0xE5BF, 0xF5BF, 0xF5BF, 0xF6CF, 0xF6CF, 0xF6CF, 0xF6CF, 0xE6CF, 0xE7DF, 0xD7DF, 0x17DF, 0x0000, 0x0000, 0x0000, 0x0000, 0x0000,
0x0000, 0x0000, 0x0000, 0x0000, 0x0000, 0x539E, 0xF39E, 0xE39E, 0xF4AE, 0xF5BF, 0xF6CF, 0xF7DF, 0xF8EF, 0xEBFF, 0xFDFF, 0x5DFF,
0x0000, 0x0000, 0x0000, 0x0000, 0x0000, 0x0000, 0x0000, 0x0000, 0x0000, 0x0000, 0x0000, 0x0000, 0x0000, 0x0000, 0x839E, 0xF39E,
0xE39E, 0xF4AE, 0xF4AE, 0xF5BF, 0xF6CF, 0xF7DF, 0xF9FF, 0xEBFF, 0xFDFF, 0xEFFF, 0x5FFF, 0x0000, 0x0000, 0x0000, 0x0000, 0x0000,
0x0000, 0x0000, 0x0000, 0x0000, 0x0000, 0x0000, 0x0000, 0x0000, 0x0000, 0x0000, 0x0000, 0x0000, 0x0000, 0x0000, 0x0000, 0x0000,
0x0000, 0x0000, 0x0000, 0x0000, 0x0000, 0x0000, 0x0000, 0x0000, 0x0000, 0x0000, 0x0000, 0x0000, 0x0000, 0x0000, 0x0000, 0x0000,
0x37DF, 0xD7DF, 0xF7DF, 0xE7DF, 0xF6CF, 0xF6CF, 0xF6CF, 0xF6CF, 0xF6CF, 0xF6CF, 0xF6CF, 0xF6CF, 0xF6CF, 0xE6CF, 0xF6CF, 0x76CF,
0x0000, 0x0000, 0x0000, 0x0000, 0x0000, 0x0000, 0x0000, 0x0000, 0x0000, 0x0000, 0x0000, 0x0000, 0x0000, 0x0000, 0x0000, 0xA5BF,
0xF5BF, 0xE5BF, 0xF5BF, 0xF5BF, 0xF6CF, 0xF6CF, 0xF6CF, 0xF6CF, 0xE7DF, 0xF7DF, 0x67DF, 0x0000, 0x0000, 0x0000, 0x0000, 0x0000,
0x0000, 0x0000, 0x0000, 0x0000, 0x0000, 0xB39E, 0xE39E, 0xE4AE, 0xF4AE, 0xF5BF, 0xF6CF, 0xF7DF, 0xE9FF, 0xECFF, 0xDDFF, 0x0DFF,
0x0000, 0x0000, 0x0000, 0x0000, 0x0000, 0x0000, 0x0000, 0x0000, 0x0000, 0x0000, 0x0000, 0x0000, 0x0000, 0x439E, 0xF39E, 0xE39E,
0xF4AE, 0xF4AE, 0xF5BF, 0xF6CF, 0xF7DF, 0xF9FF, 0xEBFF, 0xFEFF, 0xCFFF, 0x2FFF, 0x0000, 0x0000, 0x0000, 0x0000, 0x0000, 0x0000,
0x0000, 0x0000, 0x0000, 0x0000, 0x0000, 0x0000, 0x0000, 0x0000, 0x0000, 0x0000, 0x0000, 0x0000, 0x0000, 0x0000, 0x0000, 0x0000,
0x0000, 0x0000, 0x0000, 0x0000, 0x0000, 0x0000, 0x0000, 0x0000, 0x0000, 0x0000, 0x0000, 0x0000, 0x0000, 0x0000, 0x0000, 0x0000,
0x0000, 0x27DF, 0xC7DF, 0xF7DF, 0xE6CF, 0xF6CF, 0xF6CF, 0xF6CF, 0xF6CF, 0xF6CF, 0xF6CF, 0xF6CF, 0xF6CF, 0xE6CF, 0xE6CF, 0xE6CF,
0x26CF, 0x0000, 0x0000, 0x0000, 0x0000, 0x0000, 0x0000, 0x0000, 0x0000, 0x0000, 0x0000, 0x0000, 0x0000, 0x0000, 0x0000, 0x35BF,
0xE5BF, 0xE5BF, 0xF5BF, 0xF5BF, 0xF6CF, 0xF6CF, 0xF6CF, 0xF6CF, 0xE6CF, 0xE7DF, 0xC7DF, 0x0000, 0x0000, 0x0000, 0x0000, 0x0000,
0x0000, 0x0000, 0x0000, 0x0000, 0x239E, 0xE39E, 0xE39E, 0xF4AE, 0xF5BF, 0xF6CF, 0xF7DF, 0xF8EF, 0xEAFF, 0xFCFF, 0x7DFF, 0x0000,
0x0000, 0x0000, 0x0000, 0x0000, 0x0000, 0x0000, 0x0000, 0x0000, 0x0000, 0x0000, 0x0000, 0x0000, 0x139E, 0xD39E, 0xE39E, 0xE4AE,
0xF4AE, 0xF5BF, 0xF6CF, 0xF7DF, 0xF9FF, 0xEBFF, 0xFDFF, 0xBFFF, 0x1FFF, 0x0000, 0x0000, 0x0000, 0x0000, 0x0000, 0x0000, 0x0000,
0x0000, 0x0000, 0x0000, 0x0000, 0x0000, 0x0000, 0x0000, 0x0000, 0x0000, 0x0000, 0x0000, 0x0000, 0x0000, 0x0000, 0x0000, 0x0000,
0x0000, 0x0000, 0x0000, 0x0000, 0x0000, 0x0000, 0x0000, 0x0000, 0x0000, 0x0000, 0x0000, 0x0000, 0x0000, 0x0000, 0x0000, 0x0000,
0x0000, 0x0000, 0x17DF, 0xB6CF, 0xF6CF, 0xE6CF, 0xF6CF, 0xF6CF, 0xF6CF, 0xF6CF, 0xF6CF, 0xF6CF, 0xF6CF, 0xF6CF, 0xE6CF, 0xF6CF,
0xB6CF, 0x0000, 0x0000, 0x0000, 0x0000, 0x0000, 0x0000, 0x0000, 0x0000, 0x0000, 0x0000, 0x0000, 0x0000, 0x0000, 0x0000, 0x0000,
0xA5BF, 0xF5BF, 0xE5BF, 0xF5BF, 0xF5BF, 0xF6CF, 0xF6CF, 0xF6CF, 0xF6CF, 0xE7DF, 0xF7DF, 0x57DF, 0x0000, 0x0000, 0x0000, 0x0000,
0x0000, 0x0000, 0x0000, 0x0000, 0x739E, 0xF39E, 0xE4AE, 0xF4AE, 0xF5BF, 0xF6CF, 0xF7DF, 0xE9FF, 0xEBFF, 0xEDFF, 0x1DFF, 0x0000,
0x0000, 0x0000, 0x0000, 0x0000, 0x0000, 0x0000, 0x0000, 0x0000, 0x0000, 0x0000, 0x0000, 0x0000, 0x839E, 0xF39E, 0xE39E, 0xF4AE,
0xF5BF, 0xF6CF, 0xF7DF, 0xF8EF, 0xEAFF, 0xFDFF, 0xCFFF, 0x0FFF, 0x0000, 0x0000, 0x0000, 0x0000, 0x0000, 0x0000, 0x0000, 0x0000,
0x0000, 0x0000, 0x0000, 0x0000, 0x0000, 0x0000, 0x0000, 0x0000, 0x0000, 0x0000, 0x0000, 0x0000, 0x0000, 0x0000, 0x0000, 0x0000,
0x0000, 0x0000, 0x0000, 0x0000, 0x0000, 0x0000, 0x0000, 0x0000, 0x0000, 0x0000, 0x0000, 0x0000, 0x0000, 0x0000, 0x0000, 0x0000,
0x0000, 0x0000, 0x0000, 0x06CF, 0xB6CF, 0xF6CF, 0xE6CF, 0xF6CF, 0xF6CF, 0xF6CF, 0xF6CF, 0xF6CF, 0xF6CF, 0xF6CF, 0xF6CF, 0xE6CF,
0xF6CF, 0x56CF, 0x0000, 0x0000, 0x0000, 0x0000, 0x0000, 0x0000, 0x0000, 0x0000, 0x0000, 0x0000, 0x0000, 0x0000, 0x0000, 0x0000,
0x25BF, 0xE5BF, 0xE5BF, 0xF5BF, 0xF5BF, 0xF6CF, 0xF6CF, 0xF6CF, 0xF6CF, 0xE7DF, 0xE7DF, 0xB7DF, 0x0000, 0x0000, 0x0000, 0x0000,
0x0000, 0x0000, 0x0000, 0x0000, 0xB39E, 0xF39E, 0xE4AE, 0xF5BE, 0xF5BF, 0xF6CF, 0xF8EF, 0xEAFF, 0xFCFF, 0x9DFF, 0x0000, 0x0000,
0x0000, 0x0000, 0x0000, 0x0000, 0x0000, 0x0000, 0x0000, 0x0000, 0x0000, 0x0000, 0x0000, 0x239E, 0xE39E, 0xE39E, 0xE4AE, 0xF4AE,
0xF5BF, 0xF6CF, 0xF7DF, 0xE9FF, 0xECFF, 0xEEFF, 0x2FFF, 0x0000, 0x0000, 0x0000, 0x0000, 0x0000, 0x0000, 0x0000, 0x0000, 0x0000,
0x0000, 0x0000, 0x0000, 0x0000, 0x0000, 0x0000, 0x0000, 0x0000, 0x0000, 0x0000, 0x0000, 0x0000, 0x0000, 0x0000, 0x0000, 0x0000,
0x0000, 0x0000, 0x0000, 0x0000, 0x0000, 0x0000, 0x0000, 0x0000, 0x0000, 0x0000, 0x0000, 0x0000, 0x0000, 0x0000, 0x0000, 0x0000,
0x0000, 0x0000, 0x0000, 0x0000, 0x16CF, 0xD6CF, 0xF6CF, 0xE6CF, 0xF6CF, 0xF6CF, 0xF6CF, 0xF6CF, 0xF6CF, 0xF6CF, 0xF6CF, 0xE6CF,
0xE6CF, 0xD6CF, 0x06CF, 0x0000, 0x0000, 0x0000, 0x0000, 0x0000, 0x0000, 0x0000, 0x0000, 0x0000, 0x0000, 0x0000, 0x0000, 0x0000,
0x0000, 0xB5BE, 0xF5BF, 0xE5BF, 0xF5BF, 0xF5BF, 0xF6CF, 0xF6CF, 0xF6CF, 0xF6CF, 0xE7DF, 0xE7DF, 0x27DF, 0x0000, 0x0000, 0x0000,
0x0000, 0x0000, 0x0000, 0x239E, 0xE39E, 0xE39E, 0xE4AE, 0xF5BF, 0xF6CF, 0xF7DF, 0xF9FF, 0xEBFF, 0xEDFF, 0x2DFF, 0x0000, 0x0000,
0x0000, 0x0000, 0x0000, 0x0000, 0x0000, 0x0000, 0x0000, 0x0000, 0x0000, 0x0000, 0x0000, 0xB39E, 0xF39E, 0xE4AE, 0xF4AE, 0xF5BF,
0xF6CF, 0xF7DF, 0xF9FF, 0xEBFF, 0xFDFF, 0x8FFF, 0x0000, 0x0000, 0x0000, 0x0000, 0x0000, 0x0000, 0x0000, 0x0000, 0x0000, 0x0000,
0x0000, 0x0000, 0x0000, 0x0000, 0x0000, 0x0000, 0x0000, 0x0000, 0x0000, 0x0000, 0x0000, 0x0000, 0x0000, 0x0000, 0x0000, 0x0000,
0x0000, 0x0000, 0x0000, 0x0000, 0x0000, 0x0000, 0x0000, 0x0000, 0x0000, 0x0000, 0x0000, 0x0000, 0x0000, 0x0000, 0x0000, 0x0000,
0x0000, 0x0000, 0x0000, 0x0000, 0x0000, 0x26CF, 0xE6CF, 0xE6CF, 0xE6CF, 0xF6CF, 0xF6CF, 0xF6CF, 0xF6CF, 0xF6CF, 0xF6CF, 0xF6CF,
0xE6CF, 0xF6CF, 0x77DF, 0x0000, 0x0000, 0x0000, 0x0000, 0x0000, 0x0000, 0x0000, 0x0000, 0x0000, 0x0000, 0x0000, 0x0000, 0x0000,
0x0000, 0x54AE, 0xF5BE, 0xE5BF, 0xF5BF, 0xF5BF, 0xF6CF, 0xF6CF, 0xF6CF, 0xF6CF, 0xE7DF, 0xF7DF, 0x87DF, 0x0000, 0x0000, 0x0000,
0x0000, 0x0000, 0x0000, 0x639E, 0xF39E, 0xE4AE, 0xF4AE, 0xF5BF, 0xF6CF, 0xF7DF, 0xE9FF, 0xFCFF, 0xADFF, 0x0000, 0x0000, 0x0000,
0x0000, 0x0000, 0x0000, 0x0000, 0x0000, 0x0000, 0x0000, 0x0000, 0x0000, 0x0000, 0x539E, 0xF39E, 0xE39E, 0xF4AE, 0xF5BE, 0xF5BF,
0xF6CF, 0xF8EF, 0xEAFF, 0xECFF, 0xDEFF, 0x0EFF, 0x0000, 0x0000, 0x0000, 0x0000, 0x0000, 0x0000, 0x0000, 0x0000, 0x0000, 0x0000,
0x0000, 0x0000, 0x0000, 0x0000, 0x0000, 0x239E, 0x539E, 0x739E, 0x839E, 0x939E, 0x939E, 0x839E, 0x639E, 0x539E, 0x339E, 0x139E,
0x0000, 0x0000, 0x0000, 0x0000, 0x0000, 0x0000, 0x0000, 0x0000, 0x0000, 0x0000, 0x0000, 0x0000, 0x0000, 0x0000, 0x0000, 0x0000,
0x0000, 0x0000, 0x0000, 0x0000, 0x0000, 0x0000, 0x66CF, 0xF6CF, 0xE6CF, 0xF6CF, 0xF6CF, 0xF6CF, 0xF6CF, 0xF6CF, 0xF6CF, 0xF6CF,
0xE6CF, 0xE6CF, 0xD7DF, 0x07DF, 0x0000, 0x0000, 0x0000, 0x0000, 0x0000, 0x0000, 0x0000, 0x0000, 0x0000, 0x0000, 0x0000, 0x0000,
0x0000, 0x14AE, 0xE4AE, 0xF5BE, 0xE5BF, 0xF5BF, 0xF5BF, 0xF6CF, 0xF6CF, 0xF6CF, 0xE7DF, 0xF7DF, 0xD7DF, 0x0000, 0x0000, 0x0000,
0x0000, 0x0000, 0x0000, 0xB39E, 0xF39E, 0xE4AE, 0xF5BE, 0xF5BF, 0xF6CF, 0xF8EF, 0xEAFF, 0xFCFF, 0x4DFF, 0x0000, 0x0000, 0x0000,
0x0000, 0x0000, 0x0000, 0x0000, 0x0000, 0x0000, 0x0000, 0x0000, 0x0000, 0x039E, 0xD39E, 0xE39E, 0xE4AE, 0xF4AE, 0xF5BF, 0xF6CF,
0xF7DF, 0xF9FF, 0xEBFF, 0xFEFF, 0x5EFF, 0x0000, 0x0000, 0x0000, 0x0000, 0x0000, 0x0000, 0x0000, 0x0000, 0x0000, 0x0000, 0x0000,
0x0000, 0x0000, 0x139E, 0x739E, 0xC39E, 0xF39E, 0xF39E, 0xF39E, 0xF39E, 0xF39E, 0xF39E, 0xF39E, 0xF39E, 0xF39E, 0xF39E, 0xE39E,
0xC39E, 0x94AE, 0x54AE, 0x14AE, 0x0000, 0x0000, 0x0000, 0x0000, 0x0000, 0x0000, 0x0000, 0x0000, 0x0000, 0x0000, 0x0000, 0x0000,
0x0000, 0x0000, 0x0000, 0x0000, 0x0000, 0x0000, 0x0000, 0xA6CF, 0xF6CF, 0xE6CF, 0xF6CF, 0xF6CF, 0xF6CF, 0xF6CF, 0xF6CF, 0xF6CF,
0xF6CF, 0xE7DF, 0xF7DF, 0x57DF, 0x0000, 0x0000, 0x0000, 0x0000, 0x0000, 0x0000, 0x0000, 0x0000, 0x0000, 0x0000, 0x0000, 0x0000,
0x0000, 0x0000, 0xB4AE, 0xF4AE, 0xE5BF, 0xF5BF, 0xF5BF, 0xF6CF, 0xF6CF, 0xF6CF, 0xF7DF, 0xE7DF, 0xF8EF, 0x38EF, 0x0000, 0x0000,
0x0000, 0x0000, 0x139E, 0xE39E, 0xF39E, 0xE4AE, 0xF5BF, 0xF6CF, 0xF7DF, 0xE9FF, 0xFBFF, 0xDCFF, 0x0DFF, 0x0000, 0x0000, 0x0000,
0x0000, 0x0000, 0x0000, 0x0000, 0x0000, 0x0000, 0x0000, 0x0000, 0x0000, 0x539E, 0xF39E, 0xE39E, 0xF4AE, 0xF5BF, 0xF6CF, 0xF7DF,
0xF8EF, 0xEAFF, 0xFDFF, 0xAEFF, 0x0000, 0x0000, 0x0000, 0x0000, 0x0000, 0x0000, 0x0000, 0x0000, 0x0000, 0x0000, 0x0000, 0x0000,
0x0000, 0x539E, 0xD39E, 0xF39E, 0xF39E, 0xF39E, 0xE39E, 0xE4AE, 0xE4AE, 0xE4AE, 0xE4AE, 0xE4AE, 0xE4AE, 0xE4AE, 0xE4AE, 0xF4AE,
0xF4AE, 0xF4AE, 0xF4AE, 0xE4AE, 0x94AE, 0x34AE, 0x0000, 0x0000, 0x0000, 0x0000, 0x0000, 0x0000, 0x0000, 0x0000, 0x0000, 0x0000,
0x0000, 0x0000, 0x0000, 0x0000, 0x0000, 0x0000, 0x0000, 0x15BF, 0xD5BF, 0xE5BF, 0xE5BF, 0xF5BF, 0xF6CF, 0xF6CF, 0xF6CF, 0xF6CF,
0xF6CF, 0xE6CF, 0xE7DF, 0xB7DF, 0x0000, 0x0000, 0x0000, 0x0000, 0x0000, 0x0000, 0x0000, 0x0000, 0x0000, 0x0000, 0x0000, 0x0000,
0x0000, 0x0000, 0x74AE, 0xF4AE, 0xE5BF, 0xF5BF, 0xF5BF, 0xF6CF, 0xF6CF, 0xF6CF, 0xF7DF, 0xE7DF, 0xF8EF, 0x78EF, 0x0000, 0x0000,
0x0000, 0x0000, 0x639E, 0xF39E, 0xE4AE, 0xF4AE, 0xF5BF, 0xF6CF, 0xF7DF, 0xE9FF, 0xFBFF, 0x8CFF, 0x0000, 0x0000, 0x0000, 0x0000,
0x0000, 0x0000, 0x0000, 0x0000, 0x0000, 0x0000, 0x0000, 0x0000, 0x0000, 0xB39E, 0xE39E, 0xE4AE, 0xF4AE, 0xF5BF, 0xF6CF, 0xF7DF,
0xE9FF, 0xECFF, 0xEEFF, 0x1EFF, 0x0000, 0x0000, 0x0000, 0x0000, 0x0000, 0x0000, 0x0000, 0x0000, 0x0000, 0x0000, 0x0000, 0x0000,
0x839E, 0xF39E, 0xF39E, 0xE39E, 0xE39E, 0xF4AE, 0xF4AE, 0xF4AE, 0xF4AE, 0xF4AE, 0xF4AE, 0xF4AE, 0xF4AE, 0xF4AE, 0xF4AE, 0xE4AE,
0xE4AE, 0xE4AE, 0xE4AE, 0xF4AE, 0xF4AE, 0xF4AE, 0xB4AE, 0x44AE, 0x0000, 0x0000, 0x0000, 0x0000, 0x0000, 0x0000, 0x0000, 0x0000,
0x0000, 0x0000, 0x0000, 0x0000, 0x0000, 0x0000, 0x0000, 0x0000, 0x45BF, 0xF5BF, 0xE5BF, 0xF5BF, 0xF5BF, 0xF6CF, 0xF6CF, 0xF6CF,
0xF6CF, 0xF6CF, 0xE7DF, 0xE7DF, 0x27DF, 0x0000, 0x0000, 0x0000, 0x0000, 0x0000, 0x0000, 0x0000, 0x0000, 0x0000, 0x0000, 0x0000,
0x0000, 0x0000, 0x34AE, 0xF4AE, 0xE5BE, 0xF5BF, 0xF5BF, 0xF5BF, 0xF6CF, 0xF6CF, 0xF6CF, 0xE7DF, 0xF8EF, 0xA8EF, 0x0000, 0x0000,
0x0000, 0x0000, 0xA39E, 0xF39E, 0xE4AE, 0xF4AE, 0xF5BF, 0xF6CF, 0xF8EF, 0xEAFF, 0xFBFF, 0x4CFF, 0x0000, 0x0000, 0x0000, 0x0000,
0x0000, 0x0000, 0x0000, 0x0000, 0x0000, 0x0000, 0x0000, 0x0000, 0x239E, 0xE39E, 0xE39E, 0xF4AE, 0xF5BF, 0xF6CF, 0xF7DF, 0xF8EF,
0xEBFF, 0xFDFF, 0x7EFF, 0x0000, 0x0000, 0x0000, 0x0000, 0x0000, 0x0000, 0x0000, 0x0000, 0x0000, 0x0000, 0x0000, 0x0000, 0xA39E,
0xF39E, 0xE39E, 0xE39E, 0xF4AE, 0xF4AE, 0xF5BE, 0xF5BF, 0xF5BF, 0xF5BF, 0xF5BF, 0xF5BF, 0xF5BF, 0xF5BF, 0xF5BF, 0xF5BF, 0xF5BF,
0xF5BF, 0xF5BF, 0xF4AE, 0xE4AE, 0xE4AE, 0xE4AE, 0xF4AE, 0xF4AE, 0xA4AE, 0x24AE, 0x0000, 0x0000, 0x0000, 0x0000, 0x0000, 0x0000,
0x0000, 0x0000, 0x0000, 0x0000, 0x0000, 0x0000, 0x0000, 0x0000, 0x0000, 0xA5BF, 0xF5BF, 0xE5BF, 0xF5BF, 0xF6CF, 0xF6CF, 0xF6CF,
0xF6CF, 0xF6CF, 0xE7DF, 0xF7DF, 0x87DF, 0x0000, 0x0000, 0x0000, 0x0000, 0x0000, 0x0000, 0x0000, 0x0000, 0x0000, 0x0000, 0x0000,
0x0000, 0x0000, 0x04AE, 0xD4AE, 0xF4AE, 0xE5BF, 0xF5BF, 0xF5BF, 0xF6CF, 0xF6CF, 0xF6CF, 0xE7DF, 0xF8EF, 0xC8EF, 0x0000, 0x0000,
0x0000, 0x139E, 0xE39E, 0xF4AE, 0xE4AE, 0xF5BF, 0xF6CF, 0xF7DF, 0xE8EF, 0xFAFF, 0xEBFF, 0x2CFF, 0x0000, 0x0000, 0x0000, 0x0000,
0x0000, 0x0000, 0x0000, 0x0000, 0x0000, 0x0000, 0x0000, 0x0000, 0x939E, 0xF39E, 0xE4AE, 0xF4AE, 0xF5BF, 0xF6CF, 0xF7DF, 0xE9FF,
0xECFF, 0xDEFF, 0x0EFF, 0x0000, 0x0000, 0x0000, 0x0000, 0x0000, 0x0000, 0x0000, 0x0000, 0x0000, 0x0000, 0x0000, 0xA39E, 0xF39E,
0xE39E, 0xF4AE, 0xF4AE, 0xF4AE, 0xF5BF, 0xF5BF, 0xF6CF, 0xF6CF, 0xF6CF, 0xF6CF, 0xF6CF, 0xF6CF, 0xF6CF, 0xF6CF, 0xF6CF, 0xF5BF,
0xF5BF, 0xF5BF, 0xF5BF, 0xF5BF, 0xF5BF, 0xF5BE, 0xE4AE, 0xE4AE, 0xF4AE, 0xE4AE, 0x64AE, 0x0000, 0x0000, 0x0000, 0x0000, 0x0000,
0x0000, 0x0000, 0x0000, 0x0000, 0x0000, 0x0000, 0x0000, 0x0000, 0x0000, 0x25BF, 0xE5BF, 0xE5BF, 0xE5BF, 0xF5BF, 0xF5BF, 0xF6CF,
0xF6CF, 0xF6CF, 0xE7DF, 0xF7DF, 0xD7DF, 0x07DF, 0x0000, 0x0000, 0x0000, 0x0000, 0x0000, 0x0000, 0x0000, 0x0000, 0x0000, 0x0000,
0x0000, 0x0000, 0x0000, 0xA4AE, 0xF4AE, 0xE5BF, 0xF5BF, 0xF5BF, 0xF6CF, 0xF6CF, 0xF6CF, 0xE7DF, 0xF8EF, 0xE8EF, 0x17DF, 0x0000,
0x0000, 0x439E, 0xF39E, 0xE4AE, 0xF4AE, 0xF5BF, 0xF6CF, 0xF7DF, 0xE8EF, 0xFAFF, 0xDBFF, 0x0000, 0x0000, 0x0000, 0x0000, 0x0000,
0x0000, 0x0000, 0x0000, 0x0000, 0x0000, 0x0000, 0x0000, 0x139E, 0xE39E, 0xF39E, 0xE4AE, 0xF5BE, 0xF5BF, 0xF7DF, 0xF8EF, 0xEBFF,
0xFDFF, 0x6EFF, 0x0000, 0x0000, 0x0000, 0x0000, 0x0000, 0x0000, 0x0000, 0x0000, 0x0000, 0x0000, 0x0000, 0x939E, 0xF39E, 0xE39E,
0xF4AE, 0xF4AE, 0xF5BF, 0xF5BF, 0xF6CF, 0xF6CF, 0xF7DF, 0xF7DF, 0xF7DF, 0xF7DF, 0xF7DF, 0xF7DF, 0xF7DF, 0xF7DF, 0xF6CF, 0xF6CF,
0xF6CF, 0xF6CF, 0xF6CF, 0xF5BF, 0xF5BF, 0xF5BF, 0xF5BF, 0xF5BF, 0xE5BF, 0xF5BE, 0xF5BF, 0x95BF, 0x0000, 0x0000, 0x0000, 0x0000,
0x0000, 0x0000, 0x0000, 0x0000, 0x0000, 0x0000, 0x0000, 0x0000, 0x0000, 0x0000, 0x95BF, 0xF5BF, 0xE5BF, 0xF5BF, 0xF5BF, 0xF6CF,
0xF6CF, 0xF6CF, 0xF6CF, 0xE7DF, 0xF7DF, 0x48EF, 0x0000, 0x0000, 0x0000, 0x0000, 0x0000, 0x0000, 0x0000, 0x0000, 0x0000, 0x0000,
0x0000, 0x0000, 0x0000, 0x64AE, 0xF4AE, 0xE5BF, 0xF5BF, 0xF5BF, 0xF6CF, 0xF6CF, 0xF6CF, 0xF7DF, 0xE8EF, 0xF8EF, 0x37DF, 0x0000,
0x0000, 0x64AE, 0xF39E, 0xE4AE, 0xF4AE, 0xF5BF, 0xF6CF, 0xF7DF, 0xE9FF, 0xFAFF, 0xACFF, 0x0000, 0x0000, 0x0000, 0x0000, 0x0000,
0x0000, 0x0000, 0x0000, 0x0000, 0x0000, 0x0000, 0x0000, 0x539E, 0xF39E, 0xE4AE, 0xF4AE, 0xF5BF, 0xF6CF, 0xF7DF, 0xE9FF, 0xFBFF,
0xDDFF, 0x0DFF, 0x0000, 0x0000, 0x0000, 0x0000, 0x0000, 0x0000, 0x0000, 0x0000, 0x0000, 0x0000, 0x839E, 0xF39E, 0xE39E, 0xF4AE,
0xF4AE, 0xF5BF, 0xF5BF, 0xF6CF, 0xF7DF, 0xF7DF, 0xF8EF, 0xE9FF, 0xE9FF, 0xE9FF, 0xE9FF, 0xE9FF, 0xE8EF, 0xE8EF, 0xF7DF, 0xF7DF,
0xF7DF, 0xF6CF, 0xF6CF, 0xF6CF, 0xF6CF, 0xF5BF, 0xF5BF, 0xF5BF, 0xF5BF, 0xE5BF, 0xE5BF, 0xF5BF, 0x95BF, 0x0000, 0x0000, 0x0000,
0x0000, 0x0000, 0x0000, 0x0000, 0x0000, 0x0000, 0x0000, 0x0000, 0x0000, 0x0000, 0x25BF, 0xE5BF, 0xE5BF, 0xE5BF, 0xF5BF, 0xF5BF,
0xF6CF, 0xF6CF, 0xF6CF, 0xE7DF, 0xE7DF, 0x98EF, 0x0000, 0x0000, 0x0000, 0x0000, 0x0000, 0x0000, 0x0000, 0x0000, 0x0000, 0x0000,
0x0000, 0x0000, 0x0000, 0x24AE, 0xE4AE, 0xE5BE, 0xF5BF, 0xF5BF, 0xF6CF, 0xF6CF, 0xF6CF, 0xF7DF, 0xE7DF, 0xF8EF, 0x57DF, 0x0000,
0x0000, 0x84AE, 0xF4AE, 0xE4AE, 0xF5BE, 0xF5BF, 0xF6CF, 0xF7DF, 0xE9FF, 0xFBFF, 0x8BFF, 0x0000, 0x0000, 0x0000, 0x0000, 0x0000,
0x0000, 0x0000, 0x0000, 0x0000, 0x0000, 0x0000, 0x0000, 0x839E, 0xE39E, 0xE4AE, 0xF4AE, 0xF5BF, 0xF6CF, 0xF8EF, 0xEAFF, 0xFCFF,
0x7DFF, 0x0000, 0x0000, 0x0000, 0x0000, 0x0000, 0x0000, 0x0000, 0x0000, 0x0000, 0x0000, 0x339E, 0xF39E, 0xE39E, 0xE4AE, 0xF4AE,
0xF5BF, 0xF6CF, 0xF6CF, 0xF7DF, 0xF8EF, 0xE9FF, 0xEBFF, 0xFBFF, 0xFBFF, 0xFBFF, 0xFBFF, 0xFAFF, 0xFAFF, 0xF9FF, 0xE9FF, 0xE8EF,
0xE8EF, 0xF7DF, 0xF7DF, 0xF6CF, 0xF6CF, 0xF6CF, 0xF6CF, 0xF5BF, 0xF5BF, 0xF5BF, 0xF5BF, 0xE5BF, 0xF5BF, 0x85BF, 0x0000, 0x0000,
0x0000, 0x0000, 0x0000, 0x0000, 0x0000, 0x0000, 0x0000, 0x0000, 0x0000, 0x0000, 0x0000, 0xA5BE, 0xF5BF, 0xE5BF, 0xF5BF, 0xF5BF,
0xF6CF, 0xF6CF, 0xF6CF, 0xE7DF, 0xF8EF, 0xC8EF, 0x0000, 0x0000, 0x0000, 0x0000, 0x0000, 0x0000, 0x0000, 0x0000, 0x0000, 0x0000,
0x0000, 0x0000, 0x0000, 0x0000, 0xB4AE, 0xF5BE, 0xE5BF, 0xF5BF, 0xF5BF, 0xF6CF, 0xF6CF, 0xF7DF, 0xE7DF, 0xF7DF, 0x87DF, 0x0000,
0x0000, 0xB4AE, 0xF4AE, 0xE4AE, 0xF5BF, 0xF5BF, 0xF6CF, 0xF7DF, 0xE9FF, 0xFBFF, 0x5BFF, 0x0000, 0x0000, 0x0000, 0x0000, 0x0000,
0x0000, 0x0000, 0x0000, 0x0000, 0x0000, 0x0000, 0x0000, 0xC39E, 0xF39E, 0xE4AE, 0xF5BF, 0xF6CF, 0xF7DF, 0xE8EF, 0xEBFF, 0xECFF,
0x2DFF, 0x0000, 0x0000, 0x0000, 0x0000, 0x0000, 0x0000, 0x0000, 0x0000, 0x0000, 0x0000, 0xB39E, 0xF39E, 0xE39E, 0xF4AE, 0xF5BF,
0xF5BF, 0xF6CF, 0xF7DF, 0xF9FF, 0xEAFF, 0xFCFF, 0xFDFF, 0xDEFF, 0x9DFF, 0x7DFF, 0x7CFF, 0x9BFF, 0xCBFF, 0xEAFF, 0xFAFF, 0xF9FF,
0xF8EF, 0xE8EF, 0xE7DF, 0xF7DF, 0xF6CF, 0xF6CF, 0xF6CF, 0xF6CF, 0xF6CF, 0xF5BF, 0xF5BF, 0xF5BF, 0xE5BF, 0xF5BF, 0x65BF, 0x0000,
0x0000, 0x0000, 0x0000, 0x0000, 0x0000, 0x0000, 0x0000, 0x0000, 0x0000, 0x0000, 0x0000, 0x44AE, 0xF5BE, 0xE5BF, 0xF5BF, 0xF5BF,
0xF6CF, 0xF6CF, 0xF6CF, 0xE7DF, 0xF7DF, 0xE8EF, 0x18EF, 0x0000, 0x0000, 0x0000, 0x0000, 0x0000, 0x0000, 0x0000, 0x0000, 0x0000,
0x0000, 0x0000, 0x0000, 0x0000, 0x54AE, 0xF4AE, 0xE5BF, 0xF5BF, 0xF5BF, 0xF6CF, 0xF6CF, 0xF6CF, 0xE7DF, 0xF7DF, 0xB6CF, 0x0000,
0x14AE, 0xD4AE, 0xF4AE, 0xE4AE, 0xF5BF, 0xF6CF, 0xF6CF, 0xF8EF, 0xE9FF, 0xFBFF, 0x3BFF, 0x0000, 0x0000, 0x0000, 0x0000, 0x0000,
0x0000, 0x0000, 0x0000, 0x0000, 0x0000, 0x0000, 0x139E, 0xE39E, 0xF4AE, 0xE4AE, 0xF5BF, 0xF6CF, 0xF7DF, 0xE9FF, 0xFBFF, 0xBDFF,
0x0000, 0x0000, 0x0000, 0x0000, 0x0000, 0x0000, 0x0000, 0x0000, 0x0000, 0x0000, 0x439E, 0xF39E, 0xE39E, 0xF4AE, 0xF5BE, 0xF5BF,
0xF6CF, 0xF7DF, 0xF9FF, 0xEBFF, 0xFDFF, 0xDEFF, 0x5FFF, 0x0EFF, 0x0000, 0x0000, 0x0000, 0x0000, 0x0000, 0x1AFF, 0x4AFF, 0x8AFF,
0xD9FF, 0xF9FF, 0xF8EF, 0xE7DF, 0xF7DF, 0xF6CF, 0xF6CF, 0xF6CF, 0xF6CF, 0xF6CF, 0xF6CF, 0xF6CF, 0xE6CF, 0xE6CF, 0xE6CF, 0x26CF,
0x0000, 0x0000, 0x0000, 0x0000, 0x0000, 0x0000, 0x0000, 0x0000, 0x0000, 0x0000, 0x0000, 0x04AE, 0xE4AE, 0xF5BE, 0xE5BF, 0xF5BF,
0xF6CF, 0xF6CF, 0xF6CF, 0xF7DF, 0xE7DF, 0xF8EF, 0x48EF, 0x0000, 0x0000, 0x0000, 0x0000, 0x0000, 0x0000, 0x0000, 0x0000, 0x0000,
0x0000, 0x0000, 0x0000, 0x0000, 0x14AE, 0xE4AE, 0xF5BE, 0xE5BF, 0xF5BF, 0xF6CF, 0xF6CF, 0xF6CF, 0xE7DF, 0xF7DF, 0xD6CF, 0x05BF,
0x44AE, 0xF4AE, 0xE4AE, 0xF4AE, 0xF5BF, 0xF6CF, 0xF7DF, 0xE8EF, 0xF9FF, 0xEBFF, 0x1BFF, 0x0000, 0x0000, 0x0000, 0x0000, 0x0000,
0x0000, 0x0000, 0x0000, 0x0000, 0x0000, 0x0000, 0x339E, 0xF39E, 0xE4AE, 0xF4AE, 0xF5BF, 0xF6CF, 0xF8EF, 0xEAFF, 0xFBFF, 0x6CFF,
0x0000, 0x0000, 0x0000, 0x0000, 0x0000, 0x0000, 0x0000, 0x0000, 0x0000, 0x0000, 0xB39E, 0xE39E, 0xE4AE, 0xF4AE, 0xF5BF, 0xF6CF,
0xF7DF, 0xF9FF, 0xEBFF, 0xFDFF, 0xBFFF, 0x1FFF, 0x0000, 0x0000, 0x0000, 0x0000, 0x0000, 0x0000, 0x0000, 0x0000, 0x0000, 0x0000,
0x09FF, 0x59FF, 0xC8EF, 0xF8EF, 0xE7DF, 0xE7DF, 0xF6CF, 0xF6CF, 0xF6CF, 0xF6CF, 0xF6CF, 0xF6CF, 0xF6CF, 0xE6CF, 0xF6CF, 0xB6CF,
0x0000, 0x0000, 0x0000, 0x0000, 0x0000, 0x0000, 0x0000, 0x0000, 0x0000, 0x0000, 0x0000, 0x0000, 0xA4AE, 0xF4AE, 0xE5BF, 0xF5BF,
0xF5BF, 0xF6CF, 0xF6CF, 0xF7DF, 0xE7DF, 0xF8EF, 0x88EF, 0x0000, 0x0000, 0x0000, 0x0000, 0x0000, 0x0000, 0x0000, 0x0000, 0x0000,
0x0000, 0x0000, 0x0000, 0x0000, 0x0000, 0xB4AE, 0xF4AE, 0xE5BF, 0xF5BF, 0xF5BF, 0xF6CF, 0xF6CF, 0xF6CF, 0xF6CF, 0xE6CF, 0x35BF,
0x74AE, 0xF4AE, 0xE4AE, 0xF5BE, 0xF5BF, 0xF6CF, 0xF7DF, 0xE8EF, 0xF9FF, 0xDBFF, 0x0BFF, 0x0000, 0x0000, 0x0000, 0x0000, 0x0000,
0x0000, 0x0000, 0x0000, 0x0000, 0x0000, 0x0000, 0x539E, 0xF39E, 0xE4AE, 0xF4AE, 0xF5BF, 0xF6CF, 0xF8EF, 0xEAFF, 0xECFF, 0x2CFF,
0x0000, 0x0000, 0x0000, 0x0000, 0x0000, 0x0000, 0x0000, 0x0000, 0x0000, 0x239E, 0xE39E, 0xE39E, 0xF4AE, 0xF5BF, 0xF5BF, 0xF6CF,
0xF8EF, 0xEAFF, 0xFDFF, 0xCEFF, 0x1FFF, 0x0000, 0x0000, 0x0000, 0x0000, 0x0000, 0x0000, 0x0000, 0x0000, 0x0000, 0x0000, 0x0000,
0x0000, 0x0000, 0x08EF, 0x88EF, 0xF7DF, 0xF7DF, 0xE6CF, 0xF6CF, 0xF6CF, 0xF6CF, 0xF6CF, 0xF6CF, 0xF6CF, 0xF6CF, 0xE6CF, 0xF6CF,
0x56CF, 0x0000, 0x0000, 0x0000, 0x0000, 0x0000, 0x0000, 0x0000, 0x0000, 0x0000, 0x0000, 0x0000, 0x64AE, 0xF4AE, 0xE5BE, 0xF5BF,
0xF5BF, 0xF6CF, 0xF6CF, 0xF6CF, 0xE7DF, 0xF8EF, 0xB8EF, 0x0000, 0x0000, 0x0000, 0x0000, 0x0000, 0x0000, 0x0000, 0x0000, 0x0000,
0x0000, 0x0000, 0x0000, 0x0000, 0x0000, 0x84AE, 0xF4AE, 0xE5BE, 0xF5BF, 0xF5BF, 0xF6CF, 0xF6CF, 0xF6CF, 0xE6CF, 0xF5BF, 0x65BF,
0xA4AE, 0xF4AE, 0xE4AE, 0xF5BF, 0xF5BF, 0xF6CF, 0xF7DF, 0xE8EF, 0xF9FF, 0xCAFF, 0x0000, 0x0000, 0x0000, 0x0000, 0x0000, 0x0000,
0x0000, 0x0000, 0x0000, 0x0000, 0x0000, 0x0000, 0x739E, 0xF4AE, 0xE4AE, 0xF5BE, 0xF5BF, 0xF7DF, 0xE8EF, 0xFAFF, 0xDCFF, 0x0000,
0x0000, 0x0000, 0x0000, 0x0000, 0x0000, 0x0000, 0x0000, 0x0000, 0x0000, 0x739E, 0xF39E, 0xE4AE, 0xF4AE, 0xF5BF, 0xF6CF, 0xF7DF,
0xE9FF, 0xEBFF, 0xEEFF, 0x3FFF, 0x0000, 0x0000, 0x0000, 0x0000, 0x0000, 0x0000, 0x0000, 0x0000, 0x0000, 0x0000, 0x0000, 0x0000,
0x0000, 0x0000, 0x0000, 0x0000, 0x47DF, 0xD7DF, 0xF7DF, 0xE6CF, 0xF6CF, 0xF6CF, 0xF6CF, 0xF6CF, 0xF6CF, 0xF6CF, 0xE6CF, 0xE6CF,
0xC7DF, 0x0000, 0x0000, 0x0000, 0x0000, 0x0000, 0x0000, 0x0000, 0x0000, 0x0000, 0x0000, 0x0000, 0x34AE, 0xF4AE, 0xE4AE, 0xF5BF,
0xF5BF, 0xF6CF, 0xF6CF, 0xF6CF, 0xE7DF, 0xF8EF, 0xE8EF, 0x18EF, 0x0000, 0x0000, 0x0000, 0x0000, 0x0000, 0x0000, 0x0000, 0x0000,
0x0000, 0x0000, 0x0000, 0x0000, 0x0000, 0x54AE, 0xF4AE, 0xE4AE, 0xF5BF, 0xF5BF, 0xF6CF, 0xF6CF, 0xF6CF, 0xE6CF, 0xF5BF, 0x95BF,
0xB5BE, 0xF5BE, 0xE5BF, 0xF5BF, 0xF5BF, 0xF6CF, 0xF7DF, 0xE8EF, 0xF9FF, 0xBAFF, 0x0000, 0x0000, 0x0000, 0x0000, 0x0000, 0x0000,
0x0000, 0x0000, 0x0000, 0x0000, 0x0000, 0x0000, 0x939E, 0xF4AE, 0xE4AE, 0xF5BF, 0xF6CF, 0xF7DF, 0xE8EF, 0xFAFF, 0xABFF, 0x0000,
0x0000, 0x0000, 0x0000, 0x0000, 0x0000, 0x0000, 0x0000, 0x0000, 0x0000, 0xA39E, 0xF39E, 0xE4AE, 0xF4AE, 0xF5BF, 0xF6CF, 0xF8EF,
0xEAFF, 0xFDFF, 0x8EFF, 0x0000, 0x0000, 0x0000, 0x0000, 0x0000, 0x0000, 0x0000, 0x0000, 0x0000, 0x0000, 0x0000, 0x0000, 0x0000,
0x0000, 0x0000, 0x0000, 0x0000, 0x0000, 0x27DF, 0xD6CF, 0xF6CF, 0xE6CF, 0xF6CF, 0xF6CF, 0xF6CF, 0xF6CF, 0xF6CF, 0xF6CF, 0xE7DF,
0xF7DF, 0x37DF, 0x0000, 0x0000, 0x0000, 0x0000, 0x0000, 0x0000, 0x0000, 0x0000, 0x0000, 0x0000, 0x04AE, 0xD4AE, 0xF4AE, 0xE5BF,
0xF5BF, 0xF5BF, 0xF6CF, 0xF6CF, 0xF7DF, 0xE8EF, 0xF8EF, 0x38EF, 0x0000, 0x0000, 0x0000, 0x0000, 0x0000, 0x0000, 0x0000, 0x0000,
0x0000, 0x0000, 0x0000, 0x0000, 0x0000, 0x24AE, 0xE4AE, 0xF4AE, 0xF5BF, 0xF5BF, 0xF6CF, 0xF6CF, 0xF6CF, 0xE6CF, 0xF5BF, 0xC5BF,
0xC5BF, 0xF5BF, 0xE5BF, 0xF5BF, 0xF6CF, 0xF6CF, 0xF7DF, 0xE8EF, 0xF9FF, 0xBAFF, 0x0000, 0x0000, 0x0000, 0x0000, 0x0000, 0x0000,
0x0000, 0x0000, 0x0000, 0x0000, 0x0000, 0x0000, 0xA39E, 0xF4AE, 0xE4AE, 0xF5BF, 0xF6CF, 0xF7DF, 0xE9FF, 0xFAFF, 0x8BFF, 0x0000,
0x0000, 0x0000, 0x0000, 0x0000, 0x0000, 0x0000, 0x0000, 0x0000, 0x0000, 0xD39E, 0xF4AE, 0xE4AE, 0xF5BF, 0xF6CF, 0xF7DF, 0xE9FF,
0xFBFF, 0xDDFF, 0x0DFF, 0x0000, 0x0000, 0x0000, 0x0000, 0x0000, 0x0000, 0x0000, 0x0000, 0x0000, 0x0000, 0x0000, 0x0000, 0x0000,
0x0000, 0x0000, 0x0000, 0x0000, 0x0000, 0x0000, 0x26CF, 0xD6CF, 0xE6CF, 0xE5BF, 0xF6CF, 0xF6CF, 0xF6CF, 0xF6CF, 0xF6CF, 0xE7DF,
0xE7DF, 0x97DF, 0x0000, 0x0000, 0x0000, 0x0000, 0x0000, 0x0000, 0x0000, 0x0000, 0x0000, 0x0000, 0x0000, 0xA4AE, 0xF4AE, 0xE5BF,
0xF5BF, 0xF5BF, 0xF6CF, 0xF6CF, 0xF7DF, 0xE8EF, 0xF8EF, 0x59FF, 0x0000, 0x0000, 0x0000, 0x0000, 0x0000, 0x0000, 0x0000, 0x0000,
0x0000, 0x0000, 0x0000, 0x0000, 0x0000, 0x04AE, 0xD4AE, 0xF4AE, 0xE5BF, 0xF5BF, 0xF5BF, 0xF6CF, 0xF6CF, 0xF6CF, 0xF5BF, 0xE5BF,
0xD5BF, 0xF5BF, 0xE5BF, 0xF5BF, 0xF6CF, 0xF6CF, 0xF7DF, 0xE8EF, 0xF9FF, 0xBAFF, 0x0000, 0x0000, 0x0000, 0x0000, 0x0000, 0x0000,
0x0000, 0x0000, 0x0000, 0x0000, 0x0000, 0x0000, 0xC39E, 0xF4AE, 0xE4AE, 0xF5BF, 0xF6CF, 0xF7DF, 0xE9FF, 0xFAFF, 0x6BFF, 0x0000,
0x0000, 0x0000, 0x0000, 0x0000, 0x0000, 0x0000, 0x0000, 0x0000, 0x239E, 0xE39E, 0xE4AE, 0xF4AE, 0xF5BF, 0xF6CF, 0xF7DF, 0xE9FF,
0xFBFF, 0x7DFF, 0x0000, 0x0000, 0x0000, 0x0000, 0x0000, 0x0000, 0x0000, 0x0000, 0x0000, 0x0000, 0x0000, 0x0000, 0x0000, 0x0000,
0x0000, 0x0000, 0x0000, 0x0000, 0x0000, 0x0000, 0x0000, 0x46CF, 0xF5BF, 0xE5BF, 0xF5BF, 0xF5BF, 0xF6CF, 0xF6CF, 0xF6CF, 0xE7DF,
0xF7DF, 0xD7DF, 0x07DF, 0x0000, 0x0000, 0x0000, 0x0000, 0x0000, 0x0000, 0x0000, 0x0000, 0x0000, 0x0000, 0x64AE, 0xF4AE, 0xE5BE,
0xF5BF, 0xF5BF, 0xF6CF, 0xF6CF, 0xF7DF, 0xE7DF, 0xF8EF, 0x79FF, 0x0000, 0x0000, 0x0000, 0x0000, 0x0000, 0x0000, 0x0000, 0x0000,
0x0000, 0x0000, 0x0000, 0x0000, 0x0000, 0x0000, 0xA4AE, 0xF4AE, 0xE5BF, 0xF5BF, 0xF6CF, 0xF6CF, 0xF6CF, 0xF6CF, 0xF6CF, 0xF6CF,
0xD5BF, 0xF5BF, 0xE5BF, 0xF5BF, 0xF6CF, 0xF6CF, 0xF7DF, 0xE8EF, 0xF9FF, 0xBAFF, 0x0000, 0x0000, 0x0000, 0x0000, 0x0000, 0x0000,
0x0000, 0x0000, 0x0000, 0x0000, 0x0000, 0x0000, 0xC4AE, 0xF4AE, 0xE4AE, 0xF5BF, 0xF6CF, 0xF7DF, 0xE9FF, 0xFAFF, 0x5BFF, 0x0000,
0x0000, 0x0000, 0x0000, 0x0000, 0x0000, 0x0000, 0x0000, 0x0000, 0x539E, 0xF39E, 0xE4AE, 0xF4AE, 0xF5BF, 0xF6CF, 0xF7DF, 0xE9FF,
0xFBFF, 0x3CFF, 0x0000, 0x0000, 0x0000, 0x0000, 0x0000, 0x0000, 0x0000, 0x0000, 0x0000, 0x0000, 0x0000, 0x0000, 0x0000, 0x0000,
0x0000, 0x0000, 0x0000, 0x0000, 0x0000, 0x0000, 0x0000, 0x0000, 0xA5BF, 0xF5BF, 0xE5BF, 0xF5BF, 0xF6CF, 0xF6CF, 0xF6CF, 0xF6CF,
0xE7DF, 0xF8EF, 0x48EF, 0x0000, 0x0000, 0x0000, 0x0000, 0x0000, 0x0000, 0x0000, 0x0000, 0x0000, 0x0000, 0x34AE, 0xF4AE, 0xE4AE,
0xF5BF, 0xF5BF, 0xF6CF, 0xF6CF, 0xF7DF, 0xE7DF, 0xF8EF, 0xA9FF, 0x0000, 0x0000, 0x0000, 0x0000, 0x0000, 0x0000, 0x0000, 0x0000,
0x0000, 0x0000, 0x0000, 0x0000, 0x0000, 0x0000, 0x74AE, 0xF5BF, 0xE5BF, 0xF5BF, 0xF6CF, 0xF6CF, 0xF6CF, 0xF7DF, 0xF7DF, 0xE7DF,
0xD5BF, 0xF5BF, 0xE5BF, 0xF6CF, 0xF6CF, 0xF6CF, 0xF7DF, 0xE8EF, 0xF9FF, 0xBAFF, 0x0000, 0x0000, 0x0000, 0x0000, 0x0000, 0x0000,
0x0000, 0x0000, 0x0000, 0x0000, 0x0000, 0x04AE, 0xD4AE, 0xF4AE, 0xE4AE, 0xF5BF, 0xF6CF, 0xF7DF, 0xE9FF, 0xFAFF, 0x4AFF, 0x0000,
0x0000, 0x0000, 0x0000, 0x0000, 0x0000, 0x0000, 0x0000, 0x0000, 0x739E, 0xF4AE, 0xE4AE, 0xF5BE, 0xF5BF, 0xF6CF, 0xE7DF, 0xF9FF,
0xEAFF, 0x1BFF, 0x0000, 0x0000, 0x0000, 0x0000, 0x0000, 0x0000, 0x0000, 0x0000, 0x0000, 0x0000, 0x0000, 0x0000, 0x0000, 0x0000,
0x0000, 0x0000, 0x0000, 0x0000, 0x0000, 0x0000, 0x0000, 0x0000, 0x35BF, 0xF5BF, 0xE5BF, 0xF5BF, 0xF5BF, 0xF6CF, 0xF6CF, 0xF6CF,
0xE7DF, 0xE8EF, 0x98EF, 0x0000, 0x0000, 0x0000, 0x0000, 0x0000, 0x0000, 0x0000, 0x0000, 0x0000, 0x0000, 0x04AE, 0xD4AE, 0xF4AE,
0xE5BF, 0xF5BF, 0xF5BF, 0xF6CF, 0xF6CF, 0xE7DF, 0xF8EF, 0xC9FF, 0x0000, 0x0000, 0x0000, 0x0000, 0x0000, 0x0000, 0x0000, 0x0000,
0x0000, 0x0000, 0x0000, 0x0000, 0x0000, 0x0000, 0x25BF, 0xE5BF, 0xE5BF, 0xF6CF, 0xF6CF, 0xF7DF, 0xF7DF, 0xE8EF, 0xF8EF, 0xD8EF,
0xD6CF, 0xF5BF, 0xE5BF, 0xF6CF, 0xF6CF, 0xF6CF, 0xF7DF, 0xE8EF, 0xF9FF, 0xBAFF, 0x0000, 0x0000, 0x0000, 0x0000, 0x0000, 0x0000,
0x0000, 0x0000, 0x0000, 0x0000, 0x0000, 0x14AE, 0xE4AE, 0xF4AE, 0xE4AE, 0xF5BF, 0xF6CF, 0xF7DF, 0xE8EF, 0xFAFF, 0x4AFF, 0x0000,
0x0000, 0x0000, 0x0000, 0x0000, 0x0000, 0x0000, 0x0000, 0x0000, 0x74AE, 0xF4AE, 0xE4AE, 0xF5BE, 0xF5BF, 0xF6CF, 0xE7DF, 0xF9FF,
0xDAFF, 0x0AFF, 0x0000, 0x0000, 0x0000, 0x0000, 0x0000, 0x0000, 0x0000, 0x0000, 0x0000, 0x0000, 0x0000, 0x0000, 0x0000, 0x0000,
0x0000, 0x0000, 0x0000, 0x0000, 0x0000, 0x0000, 0x0000, 0x0000, 0x0000, 0xC5BE, 0xF5BF, 0xE5BF, 0xF5BF, 0xF6CF, 0xF6CF, 0xF6CF,
0xE7DF, 0xF8EF, 0xC8EF, 0x0000, 0x0000, 0x0000, 0x0000, 0x0000, 0x0000, 0x0000, 0x0000, 0x0000, 0x0000, 0x0000, 0xA4AE, 0xF4AE,
0xE5BE, 0xF5BF, 0xF5BF, 0xF6CF, 0xF6CF, 0xE7DF, 0xF8EF, 0xE8EF, 0x18EF, 0x0000, 0x0000, 0x0000, 0x0000, 0x0000, 0x0000, 0x0000,
0x0000, 0x0000, 0x0000, 0x0000, 0x0000, 0x0000, 0x0000, 0xA5BF, 0xF6CF, 0xE6CF, 0xF7DF, 0xF8EF, 0xF9FF, 0xEAFF, 0xEAFF, 0xBAFF,
0xD6CF, 0xF6CF, 0xE6CF, 0xF6CF, 0xF6CF, 0xF6CF, 0xF7DF, 0xE8EF, 0xF9FF, 0xBAFF, 0x0000, 0x0000, 0x0000, 0x0000, 0x0000, 0x0000,
0x0000, 0x0000, 0x0000, 0x0000, 0x0000, 0x14AE, 0xE4AE, 0xF4AE, 0xE4AE, 0xF5BF, 0xF6CF, 0xF7DF, 0xE8EF, 0xF9FF, 0x4AFF, 0x0000,
0x0000, 0x0000, 0x0000, 0x0000, 0x0000, 0x0000, 0x0000, 0x0000, 0x74AE, 0xF4AE, 0xE4AE, 0xF5BF, 0xF5BF, 0xF6CF, 0xE7DF, 0xF8EF,
0xE9FF, 0x19FF, 0x0000, 0x0000, 0x0000, 0x0000, 0x0000, 0x0000, 0x0000, 0x0000, 0x0000, 0x0000, 0x0000, 0x0000, 0x0000, 0x0000,
0x0000, 0x0000, 0x0000, 0x0000, 0x0000, 0x0000, 0x0000, 0x0000, 0x0000, 0x74AE, 0xF5BE, 0xE5BF, 0xF5BF, 0xF5BF, 0xF6CF, 0xF6CF,
0xF7DF, 0xE7DF, 0xE8EF, 0x28EF, 0x0000, 0x0000, 0x0000, 0x0000, 0x0000, 0x0000, 0x0000, 0x0000, 0x0000, 0x0000, 0x74AE, 0xF4AE,
0xE4AE, 0xF5BF, 0xF5BF, 0xF6CF, 0xF6CF, 0xF7DF, 0xE8EF, 0xF8EF, 0x39FF, 0x0000, 0x0000, 0x0000, 0x0000, 0x0000, 0x0000, 0x0000,
0x0000, 0x0000, 0x0000, 0x0000, 0x0000, 0x0000, 0x0000, 0x26CF, 0xD6CF, 0xF7DF, 0xE8EF, 0xE9FF, 0xEBFF, 0xECFF, 0xFCFF, 0x6BFF,
0xE6CF, 0xF6CF, 0xF6CF, 0xF6CF, 0xF6CF, 0xF6CF, 0xF7DF, 0xE8EF, 0xF9FF, 0xAAFF, 0x0000, 0x0000, 0x0000, 0x0000, 0x0000, 0x0000,
0x0000, 0x0000, 0x0000, 0x0000, 0x0000, 0x14AE, 0xE4AE, 0xF4AE, 0xE4AE, 0xF5BF, 0xF6CF, 0xF7DF, 0xE8EF, 0xF9FF, 0x4AFF, 0x0000,
0x0000, 0x0000, 0x0000, 0x0000, 0x0000, 0x0000, 0x0000, 0x0000, 0x64AE, 0xF4AE, 0xE4AE, 0xF5BF, 0xF5BF, 0xF6CF, 0xF7DF, 0xE7DF,
0xF8EF, 0x48EF, 0x0000, 0x0000, 0x0000, 0x0000, 0x0000, 0x0000, 0x0000, 0x0000, 0x0000, 0x0000, 0x0000, 0x0000, 0x0000, 0x0000,
0x0000, 0x0000, 0x0000, 0x0000, 0x0000, 0x0000, 0x0000, 0x0000, 0x0000, 0x24AE, 0xE4AE, 0xE5BE, 0xF5BF, 0xF5BF, 0xF6CF, 0xF6CF,
0xF7DF, 0xE7DF, 0xF8EF, 0x58EF, 0x0000, 0x0000, 0x0000, 0x0000, 0x0000, 0x0000, 0x0000, 0x0000, 0x0000, 0x0000, 0x44AE, 0xF4AE,
0xE4AE, 0xF5BF, 0xF5BF, 0xF6CF, 0xF6CF, 0xF7DF, 0xE8EF, 0xF8EF, 0x69FF, 0x0000, 0x0000, 0x0000, 0x0000, 0x0000, 0x0000, 0x0000,
0x0000, 0x0000, 0x0000, 0x0000, 0x0000, 0x0000, 0x0000, 0x0000, 0x27DF, 0xB8EF, 0xF9FF, 0xFBFF, 0xFCFF, 0xFDFF, 0xBDFF, 0x0CFF,
0xE6CF, 0xF6CF, 0xF6CF, 0xF6CF, 0xF6CF, 0xF6CF, 0xF7DF, 0xE8EF, 0xF9FF, 0xAAFF, 0x0000, 0x0000, 0x0000, 0x0000, 0x0000, 0x0000,
0x0000, 0x0000, 0x0000, 0x0000, 0x0000, 0x14AE, 0xE4AE, 0xF4AE, 0xE4AE, 0xF5BF, 0xF6CF, 0xF7DF, 0xE8EF, 0xF9FF, 0x59FF, 0x0000,
0x0000, 0x0000, 0x0000, 0x0000, 0x0000, 0x0000, 0x0000, 0x0000, 0x44AE, 0xF4AE, 0xE4AE, 0xF5BF, 0xF5BF, 0xF6CF, 0xF6CF, 0xE7DF,
0xF7DF, 0x88EF, 0x0000, 0x0000, 0x0000, 0x0000, 0x0000, 0x0000, 0x0000, 0x0000, 0x0000, 0x0000, 0x0000, 0x0000, 0x0000, 0x0000,
0x0000, 0x0000, 0x0000, 0x0000, 0x0000, 0x0000, 0x0000, 0x0000, 0x0000, 0x0000, 0xC4AE, 0xF4AE, 0xE5BF, 0xF5BF, 0xF6CF, 0xF6CF,
0xF7DF, 0xE7DF, 0xF8EF, 0x89FF, 0x0000, 0x0000, 0x0000, 0x0000, 0x0000, 0x0000, 0x0000, 0x0000, 0x0000, 0x0000, 0x14AE, 0xE4AE,
0xF4AE, 0xE5BF, 0xF5BF, 0xF6CF, 0xF6CF, 0xF7DF, 0xE7DF, 0xF8EF, 0x89FF, 0x0000, 0x0000, 0x0000, 0x0000, 0x0000, 0x0000, 0x0000,
0x0000, 0x0000, 0x0000, 0x0000, 0x0000, 0x0000, 0x0000, 0x0000, 0x0000, 0x0000, 0x49FF, 0x7BFF, 0x8CFF, 0x6DFF, 0x0CFF, 0x0000,
0xD6CF, 0xF6CF, 0xE6CF, 0xF6CF, 0xF6CF, 0xF6CF, 0xF7DF, 0xE8EF, 0xF9FF, 0xAAFF, 0x0000, 0x0000, 0x0000, 0x0000, 0x0000, 0x0000,
0x0000, 0x0000, 0x0000, 0x0000, 0x0000, 0x14AE, 0xE4AE, 0xF4AE, 0xE4AE, 0xF5BF, 0xF6CF, 0xF7DF, 0xE8EF, 0xF9FF, 0x69FF, 0x0000,
0x0000, 0x0000, 0x0000, 0x0000, 0x0000, 0x0000, 0x0000, 0x0000, 0x24AE, 0xE4AE, 0xF4AE, 0xE5BF, 0xF5BF, 0xF6CF, 0xF6CF, 0xE7DF,
0xF7DF, 0xD7DF, 0x07DF, 0x0000, 0x0000, 0x0000, 0x0000, 0x0000, 0x0000, 0x0000, 0x0000, 0x0000, 0x0000, 0x0000, 0x0000, 0x0000,
0x0000, 0x0000, 0x0000, 0x0000, 0x0000, 0x0000, 0x0000, 0x0000, 0x0000, 0x0000, 0x94AE, 0xF4AE, 0xE5BE, 0xF5BF, 0xF5BF, 0xF6CF,
0xF7DF, 0xE7DF, 0xF8EF, 0xA9FF, 0x0000, 0x0000, 0x0000, 0x0000, 0x0000, 0x0000, 0x0000, 0x0000, 0x0000, 0x0000, 0x0000, 0xC4AE,
0xF4AE, 0xE5BE, 0xF5BF, 0xF6CF, 0xF6CF, 0xF7DF, 0xE7DF, 0xF8EF, 0xA9FF, 0x0000, 0x0000, 0x0000, 0x0000, 0x0000, 0x0000, 0x0000,
0x0000, 0x0000, 0x0000, 0x0000, 0x0000, 0x0000, 0x0000, 0x0000, 0x0000, 0x0000, 0x0000, 0x0000, 0x0000, 0x0000, 0x0000, 0x0000,
0xB6CF, 0xF6CF, 0xE6CF, 0xF6CF, 0xF6CF, 0xF6CF, 0xF7DF, 0xE8EF, 0xF9FF, 0xAAFF, 0x0000, 0x0000, 0x0000, 0x0000, 0x0000, 0x0000,
0x0000, 0x0000, 0x0000, 0x0000, 0x0000, 0x0000, 0xD4AE, 0xF4AE, 0xE4AE, 0xF5BF, 0xF6CF, 0xF7DF, 0xE8EF, 0xF9FF, 0x89FF, 0x0000,
0x0000, 0x0000, 0x0000, 0x0000, 0x0000, 0x0000, 0x0000, 0x0000, 0x0000, 0xC4AE, 0xF4AE, 0xE5BF, 0xF5BF, 0xF6CF, 0xF6CF, 0xF6CF,
0xE6CF, 0xF6CF, 0x56CF, 0x0000, 0x0000, 0x0000, 0x0000, 0x0000, 0x0000, 0x0000, 0x0000, 0x0000, 0x0000, 0x0000, 0x0000, 0x0000,
0x0000, 0x0000, 0x0000, 0x0000, 0x0000, 0x0000, 0x0000, 0x0000, 0x0000, 0x0000, 0x54AE, 0xF4AE, 0xE4AE, 0xF5BF, 0xF5BF, 0xF6CF,
0xF6CF, 0xE7DF, 0xF8EF, 0xC9FF, 0x0000, 0x0000, 0x0000, 0x0000, 0x0000, 0x0000, 0x0000, 0x0000, 0x0000, 0x0000, 0x0000, 0xA4AE,
0xF4AE, 0xE4AE, 0xF5BF, 0xF5BF, 0xF6CF, 0xF6CF, 0xE7DF, 0xF8EF, 0xC9FF, 0x0000, 0x0000, 0x0000, 0x0000, 0x0000, 0x0000, 0x0000,
0x0000, 0x0000, 0x0000, 0x0000, 0x0000, 0x0000, 0x0000, 0x0000, 0x0000, 0x0000, 0x0000, 0x0000, 0x0000, 0x0000, 0x0000, 0x0000,
0xA6CF, 0xF6CF, 0xE6CF, 0xF5BF, 0xF6CF, 0xF6CF, 0xF7DF, 0xE8EF, 0xF9FF, 0xB9FF, 0x0000, 0x0000, 0x0000, 0x0000, 0x0000, 0x0000,
0x0000, 0x0000, 0x0000, 0x0000, 0x0000, 0x0000, 0xB4AE, 0xF4AE, 0xE4AE, 0xF5BF, 0xF6CF, 0xF6CF, 0xE7DF, 0xF8EF, 0x99FF, 0x0000,
0x0000, 0x0000, 0x0000, 0x0000, 0x0000, 0x0000, 0x0000, 0x0000, 0x0000, 0x94AE, 0xE5BE, 0xE5BF, 0xF5BF, 0xF5BF, 0xF6CF, 0xF6CF,
0xE6CF, 0xE6CF, 0xD6CF, 0x15BF, 0x0000, 0x0000, 0x0000, 0x0000, 0x0000, 0x0000, 0x0000, 0x0000, 0x0000, 0x0000, 0x0000, 0x0000,
0x0000, 0x0000, 0x0000, 0x0000, 0x0000, 0x0000, 0x0000, 0x0000, 0x0000, 0x0000, 0x24AE, 0xF4AE, 0xE4AE, 0xF5BF, 0xF5BF, 0xF6CF,
0xF6CF, 0xE7DF, 0xF8EF, 0xD9FF, 0x09FF, 0x0000, 0x0000, 0x0000, 0x0000, 0x0000, 0x0000, 0x0000, 0x0000, 0x0000, 0x0000, 0x84AE,
0xF4AE, 0xE4AE, 0xF5BF, 0xF5BF, 0xF6CF, 0xF6CF, 0xE7DF, 0xF8EF, 0xE9FF, 0x19FF, 0x0000, 0x0000, 0x0000, 0x0000, 0x0000, 0x0000,
0x0000, 0x0000, 0x0000, 0x0000, 0x0000, 0x0000, 0x0000, 0x0000, 0x0000, 0x0000, 0x0000, 0x0000, 0x0000, 0x0000, 0x0000, 0x0000,
0x96CF, 0xF6CF, 0xE5BF, 0xF5BF, 0xF6CF, 0xF6CF, 0xF7DF, 0xE8EF, 0xF9FF, 0xC9FF, 0x0000, 0x0000, 0x0000, 0x0000, 0x0000, 0x0000,
0x0000, 0x0000, 0x0000, 0x0000, 0x0000, 0x0000, 0x94AE, 0xF4AE, 0xE4AE, 0xF5BF, 0xF6CF, 0xF6CF, 0xE7DF, 0xF8EF, 0xB9FF, 0x0000,
0x0000, 0x0000, 0x0000, 0x0000, 0x0000, 0x0000, 0x0000, 0x0000, 0x0000, 0x35BE, 0xF5BF, 0xE5BF, 0xF5BF, 0xF5BF, 0xF6CF, 0xF6CF,
0xF6CF, 0xE6CF, 0xF5BF, 0xB5BF, 0x24AE, 0x0000, 0x0000, 0x0000, 0x0000, 0x0000, 0x0000, 0x0000, 0x0000, 0x0000, 0x0000, 0x0000,
0x0000, 0x0000, 0x0000, 0x0000, 0x0000, 0x0000, 0x0000, 0x0000, 0x0000, 0x0000, 0x14AE, 0xE4AE, 0xF4AE, 0xE5BE, 0xF5BF, 0xF6CF,
0xF6CF, 0xE7DF, 0xF8EF, 0xE9FF, 0x19FF, 0x0000, 0x0000, 0x0000, 0x0000, 0x0000, 0x0000, 0x0000, 0x0000, 0x0000, 0x0000, 0x64AE,
0xF4AE, 0xE4AE, 0xF5BF, 0xF5BF, 0xF6CF, 0xF6CF, 0xF7DF, 0xF8EF, 0xE9FF, 0x29FF, 0x0000, 0x0000, 0x0000, 0x0000, 0x0000, 0x0000,
0x0000, 0x0000, 0x0000, 0x0000, 0x0000, 0x0000, 0x0000, 0x0000, 0x0000, 0x0000, 0x0000, 0x0000, 0x0000, 0x0000, 0x0000, 0x0000,
0x96CF, 0xF6CF, 0xE5BF, 0xF5BF, 0xF6CF, 0xF6CF, 0xF6CF, 0xE7DF, 0xF8EF, 0xD9FF, 0x0000, 0x0000, 0x0000, 0x0000, 0x0000, 0x0000,
0x0000, 0x0000, 0x0000, 0x0000, 0x0000, 0x0000, 0x74AE, 0xF4AE, 0xE4AE, 0xF5BF, 0xF6CF, 0xF6CF, 0xE7DF, 0xF8EF, 0xD9FF, 0x0000,
0x0000, 0x0000, 0x0000, 0x0000, 0x0000, 0x0000, 0x0000, 0x0000, 0x0000, 0x0000, 0xB5BF, 0xE5BF, 0xE5BF, 0xF5BF, 0xF6CF, 0xF6CF,
0xF6CF, 0xF5BF, 0xE5BF, 0xF5BF, 0xE4AE, 0x94AE, 0x74AE, 0x639E, 0x439E, 0x339E, 0x339E, 0x339E, 0x439E, 0x54AE, 0x44AE, 0x0000,
0x0000, 0x0000, 0x0000, 0x0000, 0x0000, 0x0000, 0x0000, 0x0000, 0x0000, 0x0000, 0x14AE, 0xE4AE, 0xF4AE, 0xE5BE, 0xF5BF, 0xF6CF,
0xF6CF, 0xF7DF, 0xF8EF, 0xF9FF, 0x29FF, 0x0000, 0x0000, 0x0000, 0x0000, 0x0000, 0x0000, 0x0000, 0x0000, 0x0000, 0x0000, 0x54AE,
0xF4AE, 0xE4AE, 0xF5BF, 0xF5BF, 0xF6CF, 0xF6CF, 0xF7DF, 0xE8EF, 0xF9FF, 0x49FF, 0x0000, 0x0000, 0x0000, 0x0000, 0x0000, 0x0000,
0x0000, 0x0000, 0x0000, 0x0000, 0x0000, 0x0000, 0x0000, 0x0000, 0x0000, 0x0000, 0x0000, 0x0000, 0x0000, 0x0000, 0x0000, 0x0000,
0x76CF, 0xF6CF, 0xE5BF, 0xF5BF, 0xF5BF, 0xF6CF, 0xF6CF, 0xE7DF, 0xF8EF, 0xE9FF, 0x19FF, 0x0000, 0x0000, 0x0000, 0x0000, 0x0000,
0x0000, 0x0000, 0x0000, 0x0000, 0x0000, 0x0000, 0x54AE, 0xF4AE, 0xE4AE, 0xF5BF, 0xF5BF, 0xF6CF, 0xF7DF, 0xF8EF, 0xE8EF, 0x28EF,
0x0000, 0x0000, 0x0000, 0x0000, 0x0000, 0x0000, 0x0000, 0x0000, 0x0000, 0x0000, 0x45BF, 0xF5BF, 0xE5BF, 0xF6CF, 0xF6CF, 0xF6CF,
0xF6CF, 0xF5BF, 0xF5BF, 0xE5BF, 0xF4AE, 0xF4AE, 0xF4AE, 0xF39E, 0xF39E, 0xF39E, 0xF39E, 0xF39E, 0xF39E, 0xF4AE, 0xF4AE, 0xB5BF,
0x05BF, 0x0000, 0x0000, 0x0000, 0x0000, 0x0000, 0x0000, 0x0000, 0x0000, 0x0000, 0x14AE, 0xE4AE, 0xF4AE, 0xE4AE, 0xF5BF, 0xF6CF,
0xF6CF, 0xF7DF, 0xE8EF, 0xF9FF, 0x3AFF, 0x0000, 0x0000, 0x0000, 0x0000, 0x0000, 0x0000, 0x0000, 0x0000, 0x0000, 0x0000, 0x44AE,
0xF4AE, 0xE4AE, 0xF5BE, 0xF5BF, 0xF6CF, 0xF6CF, 0xF7DF, 0xE8EF, 0xF9FF, 0x59FF, 0x0000, 0x0000, 0x0000, 0x0000, 0x0000, 0x0000,
0x0000, 0x0000, 0x0000, 0x0000, 0x0000, 0x0000, 0x0000, 0x0000, 0x0000, 0x0000, 0x0000, 0x0000, 0x0000, 0x0000, 0x0000, 0x0000,
0x47DF, 0xF6CF, 0xE5BF, 0xF5BF, 0xF5BF, 0xF6CF, 0xF6CF, 0xF7DF, 0xE8EF, 0xF9FF, 0x39FF, 0x0000, 0x0000, 0x0000, 0x0000, 0x0000,
0x0000, 0x0000, 0x0000, 0x0000, 0x0000, 0x0000, 0x34AE, 0xF4AE, 0xE4AE, 0xF5BF, 0xF5BF, 0xF6CF, 0xF7DF, 0xE8EF, 0xF8EF, 0x58EF,
0x0000, 0x0000, 0x0000, 0x0000, 0x0000, 0x0000, 0x0000, 0x0000, 0x0000, 0x0000, 0x0000, 0xB5BF, 0xF5BF, 0xE6CF, 0xF6CF, 0xF6CF,
0xF6CF, 0xF6CF, 0xF5BF, 0xF5BF, 0xE5BF, 0xE4AE, 0xE4AE, 0xE4AE, 0xE4AE, 0xE4AE, 0xE4AE, 0xE4AE, 0xE4AE, 0xE4AE, 0xE5BF, 0xF5BF,
0x76CF, 0x0000, 0x0000, 0x0000, 0x0000, 0x0000, 0x0000, 0x0000, 0x0000, 0x0000, 0x14AE, 0xE4AE, 0xF4AE, 0xE4AE, 0xF5BF, 0xF6CF,
0xF6CF, 0xF7DF, 0xE9FF, 0xFAFF, 0x3AFF, 0x0000, 0x0000, 0x0000, 0x0000, 0x0000, 0x0000, 0x0000, 0x0000, 0x0000, 0x0000, 0x34AE,
0xF4AE, 0xE4AE, 0xF5BE, 0xF5BF, 0xF6CF, 0xF6CF, 0xF7DF, 0xE8EF, 0xF9FF, 0x79FF, 0x0000, 0x0000, 0x0000, 0x0000, 0x0000, 0x0000,
0x0000, 0x0000, 0x0000, 0x0000, 0x0000, 0x0000, 0x0000, 0x0000, 0x0000, 0x0000, 0x0000, 0x0000, 0x0000, 0x0000, 0x0000, 0x0000,
0x27DF, 0xE5BF, 0xF5BF, 0xE5BF, 0xF5BF, 0xF6CF, 0xF6CF, 0xF7DF, 0xE8EF, 0xF8EF, 0x59FF, 0x0000, 0x0000, 0x0000, 0x0000, 0x0000,
0x0000, 0x0000, 0x0000, 0x0000, 0x0000, 0x0000, 0x04AE, 0xD4AE, 0xF4AE, 0xE5BF, 0xF5BF, 0xF6CF, 0xF7DF, 0xE7DF, 0xF8EF, 0x78EF,
0x0000, 0x0000, 0x0000, 0x0000, 0x0000, 0x0000, 0x0000, 0x0000, 0x0000, 0x0000, 0x0000, 0x36CF, 0xE6CF, 0xE6CF, 0xE6CF, 0xF6CF,
0xF6CF, 0xF6CF, 0xF6CF, 0xF5BF, 0xF5BF, 0xF5BF, 0xF5BF, 0xF4AE, 0xF4AE, 0xF4AE, 0xF4AE, 0xF4AE, 0xF5BE, 0xF5BF, 0xE6CF, 0xE7DF,
0xC7DF, 0x0000, 0x0000, 0x0000, 0x0000, 0x0000, 0x0000, 0x0000, 0x0000, 0x0000, 0x14AE, 0xE4AE, 0xF4AE, 0xE4AE, 0xF5BF, 0xF6CF,
0xF6CF, 0xF7DF, 0xE9FF, 0xFAFF, 0x3AFF, 0x0000, 0x0000, 0x0000, 0x0000, 0x0000, 0x0000, 0x0000, 0x0000, 0x0000, 0x0000, 0x24AE,
0xF4AE, 0xF4AE, 0xF5BE, 0xF5BF, 0xF6CF, 0xF6CF, 0xF7DF, 0xE8EF, 0xF9FF, 0x89FF, 0x0000, 0x0000, 0x0000, 0x0000, 0x0000, 0x0000,
0x0000, 0x0000, 0x0000, 0x0000, 0x0000, 0x0000, 0x0000, 0x0000, 0x0000, 0x0000, 0x0000, 0x0000, 0x0000, 0x0000, 0x0000, 0x0000,
0x0000, 0xC5BF, 0xF5BF, 0xE5BF, 0xF5BF, 0xF6CF, 0xF6CF, 0xF6CF, 0xE7DF, 0xF8EF, 0x98EF, 0x0000, 0x0000, 0x0000, 0x0000, 0x0000,
0x0000, 0x0000, 0x0000, 0x0000, 0x0000, 0x0000, 0x0000, 0x94AE, 0xF4AE, 0xE5BF, 0xF5BF, 0xF6CF, 0xF6CF, 0xE7DF, 0xF8EF, 0xA8EF,
0x0000, 0x0000, 0x0000, 0x0000, 0x0000, 0x0000, 0x0000, 0x0000, 0x0000, 0x0000, 0x0000, 0x0000, 0x56CF, 0xF6CF, 0xE6CF, 0xE6CF,
0xF6CF, 0xF6CF, 0xF6CF, 0xF6CF, 0xF6CF, 0xF5BF, 0xF5BF, 0xF5BF, 0xF5BF, 0xF5BF, 0xF5BF, 0xF5BF, 0xF6CF, 0xF6CF, 0xE7DF, 0xF8EF,
0xE9FF, 0x19FF, 0x0000, 0x0000, 0x0000, 0x0000, 0x0000, 0x0000, 0x0000, 0x0000, 0x14AE, 0xE4AE, 0xF4AE, 0xE4AE, 0xF5BF, 0xF6CF,
0xF6CF, 0xF7DF, 0xE9FF, 0xFAFF, 0x3AFF, 0x0000, 0x0000, 0x0000, 0x0000, 0x0000, 0x0000, 0x0000, 0x0000, 0x0000, 0x0000, 0x14AE,
0xE4AE, 0xF4AE, 0xE5BE, 0xF5BF, 0xF6CF, 0xF6CF, 0xF7DF, 0xE8EF, 0xF9FF, 0x99FF, 0x0000, 0x0000, 0x0000, 0x0000, 0x0000, 0x0000,
0x0000, 0x0000, 0x0000, 0x0000, 0x0000, 0x0000, 0x0000, 0x0000, 0x0000, 0x0000, 0x0000, 0x0000, 0x0000, 0x0000, 0x0000, 0x0000,
0x0000, 0x95BF, 0xF5BF, 0xE5BF, 0xF5BF, 0xF5BF, 0xF6CF, 0xF6CF, 0xE7DF, 0xF8EF, 0xC8EF, 0x0000, 0x0000, 0x0000, 0x0000, 0x0000,
0x0000, 0x0000, 0x0000, 0x0000, 0x0000, 0x0000, 0x0000, 0x64AE, 0xF4AE, 0xE4AE, 0xF5BF, 0xF6CF, 0xF6CF, 0xE7DF, 0xF7DF, 0xD8EF,
0x08EF, 0x0000, 0x0000, 0x0000, 0x0000, 0x0000, 0x0000, 0x0000, 0x0000, 0x0000, 0x0000, 0x0000, 0x0000, 0x66CF, 0xF7DF, 0xE7DF,
0xE7DF, 0xF7DF, 0xF7DF, 0xF7DF, 0xF6CF, 0xF6CF, 0xF6CF, 0xF6CF, 0xF6CF, 0xF6CF, 0xF6CF, 0xF6CF, 0xF7DF, 0xF8EF, 0xE9FF, 0xFAFF,
0xCBFF, 0x0000, 0x0000, 0x0000, 0x0000, 0x0000, 0x0000, 0x0000, 0x0000, 0x0000, 0x14AE, 0xE4AE, 0xF4AE, 0xE4AE, 0xF5BF, 0xF6CF,
0xF6CF, 0xF8EF, 0xE9FF, 0xFAFF, 0x3AFF, 0x0000, 0x0000, 0x0000, 0x0000, 0x0000, 0x0000, 0x0000, 0x0000, 0x0000, 0x0000, 0x04AE,
0xD4AE, 0xF4AE, 0xE5BE, 0xF5BF, 0xF6CF, 0xF6CF, 0xF7DF, 0xE8EF, 0xF9FF, 0xBAFF, 0x0000, 0x0000, 0x0000, 0x0000, 0x0000, 0x0000,
0x0000, 0x0000, 0x0000, 0x0000, 0x0000, 0x0000, 0x0000, 0x0000, 0x0000, 0x0000, 0x0000, 0x0000, 0x0000, 0x0000, 0x0000, 0x0000,
0x0000, 0x65BF, 0xF4AE, 0xE5BF, 0xF5BF, 0xF5BF, 0xF6CF, 0xF6CF, 0xE7DF, 0xF8EF, 0xE8EF, 0x18EF, 0x0000, 0x0000, 0x0000, 0x0000,
0x0000, 0x0000, 0x0000, 0x0000, 0x0000, 0x0000, 0x0000, 0x44AE, 0xF4AE, 0xE4AE, 0xF5BF, 0xF5BF, 0xF6CF, 0xF6CF, 0xE7DF, 0xF7DF,
0x47DF, 0x0000, 0x0000, 0x0000, 0x0000, 0x0000, 0x0000, 0x0000, 0x0000, 0x0000, 0x0000, 0x0000, 0x0000, 0x0000, 0x57DF, 0xF7DF,
0xF8EF, 0xE8EF, 0xE8EF, 0xE8EF, 0xF7DF, 0xF7DF, 0xF7DF, 0xF7DF, 0xF7DF, 0xF7DF, 0xF7DF, 0xF8EF, 0xF9FF, 0xFAFF, 0xEBFF, 0xECFF,
0xACFF, 0x0000, 0x0000, 0x0000, 0x0000, 0x0000, 0x0000, 0x0000, 0x0000, 0x0000, 0x14AE, 0xE4AE, 0xF4AE, 0xE4AE, 0xF5BF, 0xF6CF,
0xF7DF, 0xF8EF, 0xF9FF, 0xFAFF, 0x2AFF, 0x0000, 0x0000, 0x0000, 0x0000, 0x0000, 0x0000, 0x0000, 0x0000, 0x0000, 0x0000, 0x0000,
0xB4AE, 0xF4AE, 0xE4AE, 0xF5BF, 0xF5BF, 0xF6CF, 0xF7DF, 0xE8EF, 0xF9FF, 0xCAFF, 0x0000, 0x0000, 0x0000, 0x0000, 0x0000, 0x0000,
0x0000, 0x0000, 0x0000, 0x0000, 0x0000, 0x0000, 0x0000, 0x0000, 0x0000, 0x0000, 0x0000, 0x0000, 0x0000, 0x0000, 0x0000, 0x0000,
0x0000, 0x35BF, 0xF4AE, 0xE4AE, 0xF5BF, 0xF5BF, 0xF6CF, 0xF6CF, 0xF7DF, 0xE7DF, 0xF8EF, 0x48EF, 0x0000, 0x0000, 0x0000, 0x0000,
0x0000, 0x0000, 0x0000, 0x0000, 0x0000, 0x0000, 0x0000, 0x14AE, 0xE4AE, 0xF4AE, 0xE5BF, 0xF5BF, 0xF6CF, 0xF6CF, 0xE7DF, 0xF7DF,
0xA7DF, 0x0000, 0x0000, 0x0000, 0x0000, 0x0000, 0x0000, 0x0000, 0x0000, 0x0000, 0x0000, 0x0000, 0x0000, 0x0000, 0x0000, 0x48EF,
0xD8EF, 0xF9FF, 0xF9FF, 0xF9FF, 0xE9FF, 0xE9FF, 0xE9FF, 0xE9FF, 0xE9FF, 0xE9FF, 0xE9FF, 0xEAFF, 0xEBFF, 0xECFF, 0xFEFF, 0xFEFF,
0x4DFF, 0x0000, 0x0000, 0x0000, 0x0000, 0x0000, 0x0000, 0x0000, 0x0000, 0x0000, 0x239E, 0xE39E, 0xF4AE, 0xE4AE, 0xF5BF, 0xF6CF,
0xF7DF, 0xE8EF, 0xF9FF, 0xEBFF, 0x1BFF, 0x0000, 0x0000, 0x0000, 0x0000, 0x0000, 0x0000, 0x0000, 0x0000, 0x0000, 0x0000, 0x0000,
0xA4AE, 0xF4AE, 0xE4AE, 0xF5BF, 0xF5BF, 0xF6CF, 0xF7DF, 0xE8EF, 0xF9FF, 0xCAFF, 0x0000, 0x0000, 0x0000, 0x0000, 0x0000, 0x0000,
0x0000, 0x0000, 0x0000, 0x0000, 0x0000, 0x0000, 0x0000, 0x0000, 0x0000, 0x0000, 0x0000, 0x0000, 0x0000, 0x0000, 0x0000, 0x0000,
0x0000, 0x05BF, 0xD4AE, 0xF4AE, 0xE5BF, 0xF5BF, 0xF6CF, 0xF6CF, 0xF7DF, 0xE7DF, 0xF8EF, 0x68EF, 0x0000, 0x0000, 0x0000, 0x0000,
0x0000, 0x0000, 0x0000, 0x0000, 0x0000, 0x0000, 0x0000, 0x0000, 0xB4AE, 0xF4AE, 0xE5BF, 0xF5BF, 0xF6CF, 0xF6CF, 0xF6CF, 0xE7DF,
0xE7DF, 0x27DF, 0x0000, 0x0000, 0x0000, 0x0000, 0x0000, 0x0000, 0x0000, 0x0000, 0x0000, 0x0000, 0x0000, 0x0000, 0x0000, 0x0000,
0x08EF, 0x69FF, 0xAAFF, 0xEAFF, 0xFAFF, 0xFAFF, 0xFAFF, 0xFBFF, 0xFBFF, 0xFBFF, 0xFBFF, 0xFCFF, 0xFDFF, 0xFEFF, 0xEFFF, 0x6EFF,
0x0000, 0x0000, 0x0000, 0x0000, 0x0000, 0x0000, 0x0000, 0x0000, 0x0000, 0x0000, 0x439E, 0xF39E, 0xE4AE, 0xF4AE, 0xF5BF, 0xF6CF,
0xF7DF, 0xE8EF, 0xFAFF, 0xDBFF, 0x0BFF, 0x0000, 0x0000, 0x0000, 0x0000, 0x0000, 0x0000, 0x0000, 0x0000, 0x0000, 0x0000, 0x0000,
0x94AE, 0xF4AE, 0xE4AE, 0xF5BF, 0xF5BF, 0xF6CF, 0xF7DF, 0xE8EF, 0xF9FF, 0xCAFF, 0x0000, 0x0000, 0x0000, 0x0000, 0x0000, 0x0000,
0x0000, 0x0000, 0x0000, 0x0000, 0x0000, 0x0000, 0x0000, 0x0000, 0x0000, 0x0000, 0x0000, 0x0000, 0x0000, 0x0000, 0x0000, 0x0000,
0x0000, 0x0000, 0xB4AE, 0xF4AE, 0xE5BF, 0xF5BF, 0xF5BF, 0xF6CF, 0xF7DF, 0xE7DF, 0xF8EF, 0x98EF, 0x0000, 0x0000, 0x0000, 0x0000,
0x0000, 0x0000, 0x0000, 0x0000, 0x0000, 0x0000, 0x0000, 0x0000, 0x84AE, 0xE4AE, 0xE5BF, 0xF5BF, 0xF5BF, 0xF6CF, 0xF6CF, 0xE6CF,
0xF7DF, 0x87DF, 0x0000, 0x0000, 0x0000, 0x0000, 0x0000, 0x0000, 0x0000, 0x0000, 0x0000, 0x0000, 0x0000, 0x0000, 0x0000, 0x0000,
0x0000, 0x0000, 0x0000, 0x1AFF, 0x4AFF, 0x7BFF, 0x9BFF, 0xBBFF, 0xCCFF, 0xDCFF, 0xCDFF, 0xADFF, 0x9EFF, 0x6EFF, 0x1EFF, 0x0000,
0x0000, 0x0000, 0x0000, 0x0000, 0x0000, 0x0000, 0x0000, 0x0000, 0x0000, 0x0000, 0x639E, 0xF39E, 0xE4AE, 0xF4AE, 0xF5BF, 0xF6CF,
0xF7DF, 0xE8EF, 0xFAFF, 0xCBFF, 0x0000, 0x0000, 0x0000, 0x0000, 0x0000, 0x0000, 0x0000, 0x0000, 0x0000, 0x0000, 0x0000, 0x0000,
0x84AE, 0xF4AE, 0xE4AE, 0xF5BF, 0xF5BF, 0xF6CF, 0xF7DF, 0xE8EF, 0xF9FF, 0xBAFF, 0x0000, 0x0000, 0x0000, 0x0000, 0x0000, 0x0000,
0x0000, 0x0000, 0x0000, 0x0000, 0x0000, 0x0000, 0x0000, 0x0000, 0x0000, 0x0000, 0x0000, 0x0000, 0x0000, 0x0000, 0x0000, 0x0000,
0x0000, 0x0000, 0x84AE, 0xF4AE, 0xE5BE, 0xF5BF, 0xF5BF, 0xF6CF, 0xF6CF, 0xE7DF, 0xF8EF, 0xC8EF, 0x0000, 0x0000, 0x0000, 0x0000,
0x0000, 0x0000, 0x0000, 0x0000, 0x0000, 0x0000, 0x0000, 0x0000, 0x44AE, 0xF4AE, 0xE5BF, 0xF5BF, 0xF5BF, 0xF6CF, 0xF6CF, 0xE6CF,
0xE6CF, 0xE7DF, 0x16CF, 0x0000, 0x0000, 0x0000, 0x0000, 0x0000, 0x0000, 0x0000, 0x0000, 0x0000, 0x0000, 0x0000, 0x0000, 0x0000,
0x0000, 0x0000, 0x0000, 0x0000, 0x0000, 0x0000, 0x0000, 0x0000, 0x0000, 0x0000, 0x0000, 0x0000, 0x0000, 0x0000, 0x0000, 0x0000,
0x0000, 0x0000, 0x0000, 0x0000, 0x0000, 0x0000, 0x0000, 0x0000, 0x0000, 0x0000, 0x939E, 0xF39E, 0xE4AE, 0xF5BE, 0xF5BF, 0xF6CF,
0xF7DF, 0xE9FF, 0xFBFF, 0xBBFF, 0x0000, 0x0000, 0x0000, 0x0000, 0x0000, 0x0000, 0x0000, 0x0000, 0x0000, 0x0000, 0x0000, 0x0000,
0x94AE, 0xF4AE, 0xE4AE, 0xF5BF, 0xF5BF, 0xF6CF, 0xF7DF, 0xE8EF, 0xFAFF, 0xBAFF, 0x0000, 0x0000, 0x0000, 0x0000, 0x0000, 0x0000,
0x0000, 0x0000, 0x0000, 0x0000, 0x0000, 0x0000, 0x0000, 0x0000, 0x0000, 0x0000, 0x0000, 0x0000, 0x0000, 0x0000, 0x0000, 0x0000,
0x0000, 0x0000, 0x54AE, 0xF4AE, 0xE5BE, 0xF5BF, 0xF5BF, 0xF6CF, 0xF6CF, 0xF7DF, 0xE7DF, 0xE8EF, 0x28EF, 0x0000, 0x0000, 0x0000,
0x0000, 0x0000, 0x0000, 0x0000, 0x0000, 0x0000, 0x0000, 0x0000, 0x04AE, 0xD4AE, 0xF5BF, 0xE5BF, 0xF5BF, 0xF6CF, 0xF6CF, 0xF6CF,
0xE6CF, 0xF6CF, 0x86CF, 0x0000, 0x0000, 0x0000, 0x0000, 0x0000, 0x0000, 0x0000, 0x0000, 0x0000, 0x0000, 0x0000, 0x0000, 0x0000,
0x0000, 0x0000, 0x0000, 0x0000, 0x0000, 0x0000, 0x0000, 0x0000, 0x0000, 0x0000, 0x0000, 0x0000, 0x0000, 0x0000, 0x0000, 0x0000,
0x0000, 0x0000, 0x0000, 0x0000, 0x0000, 0x0000, 0x0000, 0x0000, 0x0000, 0x039E, 0xD39E, 0xF39E, 0xE4AE, 0xF5BF, 0xF5BF, 0xF6CF,
0xF8EF, 0xE9FF, 0xEBFF, 0x9CFF, 0x0000, 0x0000, 0x0000, 0x0000, 0x0000, 0x0000, 0x0000, 0x0000, 0x0000, 0x0000, 0x0000, 0x0000,
0xA4AE, 0xF4AE, 0xE4AE, 0xF5BF, 0xF5BF, 0xF6CF, 0xF7DF, 0xE8EF, 0xFAFF, 0xAAFF, 0x0000, 0x0000, 0x0000, 0x0000, 0x0000, 0x0000,
0x0000, 0x0000, 0x0000, 0x0000, 0x0000, 0x0000, 0x0000, 0x0000, 0x0000, 0x0000, 0x0000, 0x0000, 0x0000, 0x0000, 0x0000, 0x0000,
0x0000, 0x0000, 0x24AE, 0xE4AE, 0xF4AE, 0xE5BF, 0xF5BF, 0xF6CF, 0xF6CF, 0xF7DF, 0xE7DF, 0xF8EF, 0x58EF, 0x0000, 0x0000, 0x0000,
0x0000, 0x0000, 0x0000, 0x0000, 0x0000, 0x0000, 0x0000, 0x0000, 0x0000, 0x95BE, 0xF5BF, 0xE5BF, 0xF5BF, 0xF5BF, 0xF6CF, 0xF6CF,
0xE6CF, 0xE6CF, 0xE6CF, 0x36CF, 0x0000, 0x0000, 0x0000, 0x0000, 0x0000, 0x0000, 0x0000, 0x0000, 0x0000, 0x0000, 0x0000, 0x0000,
0x0000, 0x0000, 0x0000, 0x0000, 0x0000, 0x0000, 0x0000, 0x0000, 0x0000, 0x0000, 0x0000, 0x0000, 0x0000, 0x0000, 0x0000, 0x0000,
0x0000, 0x0000, 0x0000, 0x0000, 0x0000, 0x0000, 0x0000, 0x0000, 0x0000, 0x539E, 0xF39E, 0xE4AE, 0xF4AE, 0xF5BF, 0xF6CF, 0xF7DF,
0xF8EF, 0xEAFF, 0xFCFF, 0x5CFF, 0x0000, 0x0000, 0x0000, 0x0000, 0x0000, 0x0000, 0x0000, 0x0000, 0x0000, 0x0000, 0x0000, 0x0000,
0xA4AE, 0xF4AE, 0xE4AE, 0xF5BF, 0xF5BF, 0xF6CF, 0xF7DF, 0xE9FF, 0xFAFF, 0x9BFF, 0x0000, 0x0000, 0x0000, 0x0000, 0x0000, 0x0000,
0x0000, 0x0000, 0x0000, 0x0000, 0x0000, 0x0000, 0x0000, 0x0000, 0x0000, 0x0000, 0x0000, 0x0000, 0x0000, 0x0000, 0x0000, 0x0000,
0x0000, 0x0000, 0x0000, 0xB4AE, 0xF4AE, 0xE5BF, 0xF5BF, 0xF5BF, 0xF6CF, 0xF6CF, 0xE7DF, 0xF8EF, 0x98EF, 0x0000, 0x0000, 0x0000,
0x0000, 0x0000, 0x0000, 0x0000, 0x0000, 0x0000, 0x0000, 0x0000, 0x0000, 0x35BF, 0xF5BF, 0xE5BF, 0xF5BF, 0xF5BF, 0xF6CF, 0xF6CF,
0xF6CF, 0xE6CF, 0xF6CF, 0xC6CF, 0x06CF, 0x0000, 0x0000, 0x0000, 0x0000, 0x0000, 0x0000, 0x0000, 0x0000, 0x0000, 0x0000, 0x0000,
0x0000, 0x0000, 0x0000, 0x0000, 0x0000, 0x0000, 0x0000, 0x0000, 0x0000, 0x0000, 0x0000, 0x0000, 0x0000, 0x0000, 0x0000, 0x0000,
0x0000, 0x0000, 0x0000, 0x0000, 0x0000, 0x0000, 0x0000, 0x0000, 0x239E, 0xD39E, 0xE39E, 0xE4AE, 0xF5BE, 0xF5BF, 0xF6CF, 0xF7DF,
0xE9FF, 0xFBFF, 0xEDFF, 0x1CFF, 0x0000, 0x0000, 0x0000, 0x0000, 0x0000, 0x0000, 0x0000, 0x0000, 0x0000, 0x0000, 0x0000, 0x0000,
0xB39E, 0xF4AE, 0xE4AE, 0xF5BF, 0xF5BF, 0xF6CF, 0xF7DF, 0xE9FF, 0xFAFF, 0x7BFF, 0x0000, 0x0000, 0x0000, 0x0000, 0x0000, 0x0000,
0x0000, 0x0000, 0x0000, 0x0000, 0x0000, 0x0000, 0x0000, 0x0000, 0x0000, 0x0000, 0x0000, 0x0000, 0x0000, 0x0000, 0x0000, 0x0000,
0x0000, 0x0000, 0x0000, 0x74AE, 0xF4AE, 0xE5BF, 0xF5BF, 0xF5BF, 0xF6CF, 0xF6CF, 0xE7DF, 0xF7DF, 0xD8EF, 0x08EF, 0x0000, 0x0000,
0x0000, 0x0000, 0x0000, 0x0000, 0x0000, 0x0000, 0x0000, 0x0000, 0x0000, 0x0000, 0xB5BF, 0xF5BF, 0xE5BF, 0xF5BF, 0xF6CF, 0xF6CF,
0xF6CF, 0xF6CF, 0xE6CF, 0xF6CF, 0x95BF, 0x0000, 0x0000, 0x0000, 0x0000, 0x0000, 0x0000, 0x0000, 0x0000, 0x0000, 0x0000, 0x0000,
0x0000, 0x0000, 0x0000, 0x0000, 0x0000, 0x0000, 0x0000, 0x0000, 0x0000, 0x0000, 0x0000, 0x0000, 0x0000, 0x0000, 0x0000, 0x0000,
0x0000, 0x0000, 0x0000, 0x0000, 0x0000, 0x0000, 0x0000, 0x139E, 0xD39E, 0xF39E, 0xE4AE, 0xF4AE, 0xF5BF, 0xF6CF, 0xF7DF, 0xF8EF,
0xEAFF, 0xFCFF, 0x9DFF, 0x0000, 0x0000, 0x0000, 0x0000, 0x0000, 0x0000, 0x0000, 0x0000, 0x0000, 0x0000, 0x0000, 0x0000, 0x0000,
0xC39E, 0xF4AE, 0xE4AE, 0xF5BF, 0xF5BF, 0xF6CF, 0xF7DF, 0xE9FF, 0xFAFF, 0x6BFF, 0x0000, 0x0000, 0x0000, 0x0000, 0x0000, 0x0000,
0x0000, 0x0000, 0x0000, 0x0000, 0x0000, 0x0000, 0x0000, 0x0000, 0x0000, 0x0000, 0x0000, 0x0000, 0x0000, 0x0000, 0x0000, 0x0000,
0x0000, 0x0000, 0x0000, 0x34AE, 0xF4AE, 0xE5BF, 0xF5BF, 0xF5BF, 0xF6CF, 0xF6CF, 0xF7DF, 0xE7DF, 0xF7DF, 0x38EF, 0x0000, 0x0000,
0x0000, 0x0000, 0x0000, 0x0000, 0x0000, 0x0000, 0x0000, 0x0000, 0x0000, 0x0000, 0x35BF, 0xF5BF, 0xE5BF, 0xF5BF, 0xF5BF, 0xF6CF,
0xF6CF, 0xF6CF, 0xF6CF, 0xE5BF, 0xF5BF, 0x65BF, 0x0000, 0x0000, 0x0000, 0x0000, 0x0000, 0x0000, 0x0000, 0x0000, 0x0000, 0x0000,
0x0000, 0x0000, 0x0000, 0x0000, 0x0000, 0x0000, 0x0000, 0x0000, 0x0000, 0x0000, 0x0000, 0x0000, 0x0000, 0x0000, 0x0000, 0x0000,
0x0000, 0x0000, 0x0000, 0x0000, 0x0000, 0x0000, 0x239E, 0xC39E, 0xF39E, 0xE39E, 0xF4AE, 0xF5BF, 0xF5BF, 0xF6CF, 0xF8EF, 0xF9FF,
0xECFF, 0xFDFF, 0x3DFF, 0x0000, 0x0000, 0x0000, 0x0000, 0x0000, 0x0000, 0x0000, 0x0000, 0x0000, 0x0000, 0x0000, 0x0000, 0x139E,
0xE39E, 0xF4AE, 0xE4AE, 0xF5BF, 0xF6CF, 0xF6CF, 0xF8EF, 0xE9FF, 0xFBFF, 0x4BFF, 0x0000, 0x0000, 0x0000, 0x0000, 0x0000, 0x0000,
0x0000, 0x0000, 0x0000, 0x0000, 0x0000, 0x0000, 0x0000, 0x0000, 0x0000, 0x0000, 0x0000, 0x0000, 0x0000, 0x0000, 0x0000, 0x0000,
0x0000, 0x0000, 0x0000, 0x0000, 0xC4AE, 0xF5BE, 0xE5BF, 0xF5BF, 0xF6CF, 0xF6CF, 0xF6CF, 0xE7DF, 0xF7DF, 0x87DF, 0x0000, 0x0000,
0x0000, 0x0000, 0x0000, 0x0000, 0x0000, 0x0000, 0x0000, 0x0000, 0x0000, 0x0000, 0x0000, 0xA5BF, 0xF5BF, 0xE5BF, 0xF5BF, 0xF6CF,
0xF6CF, 0xF6CF, 0xF6CF, 0xE5BF, 0xE5BF, 0xF5BF, 0x55BF, 0x0000, 0x0000, 0x0000, 0x0000, 0x0000, 0x0000, 0x0000, 0x0000, 0x0000,
0x0000, 0x0000, 0x0000, 0x0000, 0x0000, 0x0000, 0x0000, 0x0000, 0x0000, 0x0000, 0x0000, 0x0000, 0x0000, 0x0000, 0x0000, 0x0000,
0x0000, 0x0000, 0x0000, 0x0000, 0x0000, 0x339E, 0xD39E, 0xF39E, 0xE39E, 0xF4AE, 0xF4AE, 0xF5BF, 0xF6CF, 0xF7DF, 0xF9FF, 0xEBFF,
0xFDFF, 0xBEFF, 0x0000, 0x0000, 0x0000, 0x0000, 0x0000, 0x0000, 0x0000, 0x0000, 0x0000, 0x0000, 0x0000, 0x0000, 0x0000, 0x439E,
0xF39E, 0xE4AE, 0xF4AE, 0xF5BF, 0xF6CF, 0xF7DF, 0xF8EF, 0xEAFF, 0xFBFF, 0x3BFF, 0x0000, 0x0000, 0x0000, 0x0000, 0x0000, 0x0000,
0x0000, 0x0000, 0x0000, 0x0000, 0x0000, 0x0000, 0x0000, 0x0000, 0x0000, 0x0000, 0x0000, 0x0000, 0x0000, 0x0000, 0x0000, 0x0000,
0x0000, 0x0000, 0x0000, 0x0000, 0x84AE, 0xE5BE, 0xE5BF, 0xF5BF, 0xF5BF, 0xF6CF, 0xF6CF, 0xE7DF, 0xF7DF, 0xD7DF, 0x0000, 0x0000,
0x0000, 0x0000, 0x0000, 0x0000, 0x0000, 0x0000, 0x0000, 0x0000, 0x0000, 0x0000, 0x0000, 0x25BF, 0xE5BF, 0xE5BF, 0xF5BF, 0xF6CF,
0xF6CF, 0xF6CF, 0xF6CF, 0xF5BF, 0xE5BF, 0xE5BF, 0xF5BF, 0x65BF, 0x0000, 0x0000, 0x0000, 0x0000, 0x0000, 0x0000, 0x0000, 0x0000,
0x0000, 0x0000, 0x0000, 0x0000, 0x0000, 0x0000, 0x0000, 0x0000, 0x0000, 0x0000, 0x0000, 0x0000, 0x0000, 0x0000, 0x0000, 0x0000,
0x0000, 0x0000, 0x0000, 0x139E, 0x739E, 0xE39E, 0xF39E, 0xE39E, 0xF4AE, 0xF4AE, 0xF5BF, 0xF6CF, 0xF7DF, 0xF8EF, 0xEAFF, 0xEDFF,
0xEEFF, 0x2EFF, 0x0000, 0x0000, 0x0000, 0x0000, 0x0000, 0x0000, 0x0000, 0x0000, 0x0000, 0x0000, 0x0000, 0x0000, 0x0000, 0x839E,
0xF39E, 0xE4AE, 0xF4AE, 0xF5BF, 0xF6CF, 0xF7DF, 0xE8EF, 0xFAFF, 0xEBFF, 0x1BFF, 0x0000, 0x0000, 0x0000, 0x0000, 0x0000, 0x0000,
0x0000, 0x0000, 0x0000, 0x0000, 0x0000, 0x0000, 0x0000, 0x0000, 0x0000, 0x0000, 0x0000, 0x0000, 0x0000, 0x0000, 0x0000, 0x0000,
0x0000, 0x0000, 0x0000, 0x0000, 0x34AE, 0xF5BE, 0xE5BF, 0xF5BF, 0xF5BF, 0xF6CF, 0xF6CF, 0xF6CF, 0xE7DF, 0xF7DF, 0x57DF, 0x0000,
0x0000, 0x0000, 0x0000, 0x0000, 0x0000, 0x0000, 0x0000, 0x0000, 0x0000, 0x0000, 0x0000, 0x0000, 0x95BF, 0xF5BF, 0xE6CF, 0xF6CF,
0xF6CF, 0xF6CF, 0xF6CF, 0xF5BF, 0xF5BF, 0xE5BF, 0xE5BF, 0xF5BF, 0x94AE, 0x14AE, 0x0000, 0x0000, 0x0000, 0x0000, 0x0000, 0x0000,
0x0000, 0x0000, 0x0000, 0x0000, 0x0000, 0x0000, 0x0000, 0x0000, 0x0000, 0x0000, 0x0000, 0x0000, 0x0000, 0x0000, 0x0000, 0x0000,
0x0000, 0x139E, 0x739E, 0xD39E, 0xF39E, 0xF39E, 0xE39E, 0xF4AE, 0xF5BE, 0xF5BF, 0xF6CF, 0xF7DF, 0xF8EF, 0xFAFF, 0xECFF, 0xFEFF,
0x7FFF, 0x0000, 0x0000, 0x0000, 0x0000, 0x0000, 0x0000, 0x0000, 0x0000, 0x0000, 0x0000, 0x0000, 0x0000, 0x0000, 0x0000, 0xC39E,
0xF39E, 0xE4AE, 0xF5BF, 0xF5BF, 0xF6CF, 0xF7DF, 0xE9FF, 0xFBFF, 0xCCFF, 0x0000, 0x0000, 0x0000, 0x0000, 0x0000, 0x0000, 0x0000,
0x0000, 0x0000, 0x0000, 0x0000, 0x0000, 0x0000, 0x0000, 0x0000, 0x0000, 0x0000, 0x0000, 0x0000, 0x0000, 0x0000, 0x0000, 0x0000,
0x0000, 0x0000, 0x0000, 0x0000, 0x0000, 0xC4AE, 0xF5BF, 0xE5BF, 0xF5BF, 0xF6CF, 0xF6CF, 0xF6CF, 0xE6CF, 0xF7DF, 0xC7DF, 0x0000,
0x0000, 0x0000, 0x0000, 0x0000, 0x0000, 0x0000, 0x0000, 0x0000, 0x0000, 0x0000, 0x0000, 0x0000, 0x15BF, 0xD6CF, 0xE6CF, 0xE6CF,
0xF6CF, 0xF6CF, 0xF6CF, 0xF6CF, 0xF5BF, 0xF5BF, 0xF5BF, 0xE5BF, 0xF4AE, 0xD4AE, 0x64AE, 0x04AE, 0x0000, 0x0000, 0x0000, 0x0000,
0x0000, 0x0000, 0x0000, 0x0000, 0x0000, 0x0000, 0x0000, 0x0000, 0x0000, 0x0000, 0x0000, 0x0000, 0x0000, 0x0000, 0x0000, 0x239E,
0x839E, 0xE39E, 0xF39E, 0xF39E, 0xE39E, 0xE4AE, 0xF4AE, 0xF5BF, 0xF5BF, 0xF6CF, 0xF7DF, 0xF8EF, 0xFAFF, 0xECFF, 0xFEFF, 0xBFFF,
0x0000, 0x0000, 0x0000, 0x0000, 0x0000, 0x0000, 0x0000, 0x0000, 0x0000, 0x0000, 0x0000, 0x0000, 0x0000, 0x0000, 0x439E, 0xF39E,
0xE4AE, 0xF4AE, 0xF5BF, 0xF5BF, 0xF6CF, 0xF8EF, 0xE9FF, 0xFBFF, 0x9CFF, 0x0000, 0x0000, 0x0000, 0x0000, 0x0000, 0x0000, 0x0000,
0x0000, 0x0000, 0x0000, 0x0000, 0x0000, 0x0000, 0x0000, 0x0000, 0x0000, 0x0000, 0x0000, 0x0000, 0x0000, 0x0000, 0x0000, 0x0000,
0x0000, 0x0000, 0x0000, 0x0000, 0x0000, 0x75BE, 0xF5BF, 0xE5BF, 0xF5BF, 0xF5BF, 0xF6CF, 0xF6CF, 0xF6CF, 0xE7DF, 0xF7DF, 0x37DF,
0x0000, 0x0000, 0x0000, 0x0000, 0x0000, 0x0000, 0x0000, 0x0000, 0x0000, 0x0000, 0x0000, 0x0000, 0x0000, 0x46CF, 0xF6CF, 0xE6CF,
0xE6CF, 0xF6CF, 0xF6CF, 0xF6CF, 0xF6CF, 0xF5BF, 0xF5BF, 0xF5BF, 0xE5BF, 0xF4AE, 0xF4AE, 0xC4AE, 0x64AE, 0x14AE, 0x0000, 0x0000,
0x0000, 0x0000, 0x0000, 0x0000, 0x0000, 0x0000, 0x0000, 0x0000, 0x0000, 0x0000, 0x0000, 0x0000, 0x0000, 0x339E, 0x939E, 0xE39E,
0xF39E, 0xF39E, 0xE39E, 0xE4AE, 0xF4AE, 0xF4AE, 0xF5BF, 0xF5BF, 0xF6CF, 0xF7DF, 0xF8EF, 0xFAFF, 0xECFF, 0xFEFF, 0xBFFF, 0x1FFF,
0x0000, 0x0000, 0x0000, 0x0000, 0x0000, 0x0000, 0x0000, 0x0000, 0x0000, 0x0000, 0x0000, 0x0000, 0x0000, 0x0000, 0x939E, 0xF39E,
0xE4AE, 0xF4AE, 0xF5BF, 0xF6CF, 0xF7DF, 0xF8EF, 0xEAFF, 0xFCFF, 0x5CFF, 0x0000, 0x0000, 0x0000, 0x0000, 0x0000, 0x0000, 0x0000,
0x0000, 0x0000, 0x0000, 0x0000, 0x0000, 0x0000, 0x0000, 0x0000, 0x0000, 0x0000, 0x0000, 0x0000, 0x0000, 0x0000, 0x0000, 0x0000,
0x0000, 0x0000, 0x0000, 0x0000, 0x0000, 0x25BE, 0xE5BF, 0xE5BF, 0xE5BF, 0xF5BF, 0xF6CF, 0xF6CF, 0xF6CF, 0xE6CF, 0xF7DF, 0xA7DF,
0x0000, 0x0000, 0x0000, 0x0000, 0x0000, 0x0000, 0x0000, 0x0000, 0x0000, 0x0000, 0x0000, 0x0000, 0x0000, 0x0000, 0x66CF, 0xF6CF,
0xE6CF, 0xE6CF, 0xF6CF, 0xF6CF, 0xF6CF, 0xF6CF, 0xF5BF, 0xF5BF, 0xF5BF, 0xE5BF, 0xE4AE, 0xF4AE, 0xF4AE, 0xD4AE, 0x84AE, 0x34AE,
0x139E, 0x0000, 0x0000, 0x0000, 0x0000, 0x0000, 0x0000, 0x0000, 0x039E, 0x239E, 0x539E, 0x939E, 0xC39E, 0xF39E, 0xF39E, 0xF39E,
0xE39E, 0xE4AE, 0xF4AE, 0xF4AE, 0xF5BF, 0xF5BF, 0xF6CF, 0xF6CF, 0xF7DF, 0xF9FF, 0xEAFF, 0xEDFF, 0xFEFF, 0xBFFF, 0x1FFF, 0x0000,
0x0000, 0x0000, 0x0000, 0x0000, 0x0000, 0x0000, 0x0000, 0x0000, 0x0000, 0x0000, 0x0000, 0x0000, 0x0000, 0x139E, 0xE39E, 0xF39E,
0xE4AE, 0xF5BE, 0xF5BF, 0xF6CF, 0xF7DF, 0xE9FF, 0xFBFF, 0xECFF, 0x1CFF, 0x0000, 0x0000, 0x0000, 0x0000, 0x0000, 0x0000, 0x0000,
0x0000, 0x0000, 0x0000, 0x0000, 0x0000, 0x0000, 0x0000, 0x0000, 0x0000, 0x0000, 0x0000, 0x0000, 0x0000, 0x0000, 0x0000, 0x0000,
0x0000, 0x0000, 0x0000, 0x0000, 0x0000, 0x0000, 0xB5BF, 0xE5BF, 0xE5BF, 0xF5BF, 0xF5BF, 0xF6CF, 0xF6CF, 0xF6CF, 0xE6CF, 0xE7DF,
0x37DF, 0x0000, 0x0000, 0x0000, 0x0000, 0x0000, 0x0000, 0x0000, 0x0000, 0x0000, 0x0000, 0x0000, 0x0000, 0x0000, 0x0000, 0x76CF,
0xF6CF, 0xE6CF, 0xE6CF, 0xF6CF, 0xF6CF, 0xF6CF, 0xF6CF, 0xF5BF, 0xF5BF, 0xF5BF, 0xF5BF, 0xE4AE, 0xE4AE, 0xF4AE, 0xF4AE, 0xF4AE,
0xE39E, 0xC39E, 0xA39E, 0x939E, 0x939E, 0x939E, 0xA39E, 0xB39E, 0xD39E, 0xE39E, 0xF39E, 0xF39E, 0xF39E, 0xE39E, 0xE39E, 0xE4AE,
0xF4AE, 0xF4AE, 0xF5BF, 0xF5BF, 0xF6CF, 0xF6CF, 0xF7DF, 0xF8EF, 0xF9FF, 0xEBFF, 0xEDFF, 0xFFFF, 0xAFFF, 0x0FFF, 0x0000, 0x0000,
0x0000, 0x0000, 0x0000, 0x0000, 0x0000, 0x0000, 0x0000, 0x0000, 0x0000, 0x0000, 0x0000, 0x0000, 0x0000, 0x639E, 0xF39E, 0xE4AE,
0xF4AE, 0xF5BF, 0xF6CF, 0xF6CF, 0xF8EF, 0xEAFF, 0xECFF, 0xBDFF, 0x0000, 0x0000, 0x0000, 0x0000, 0x0000, 0x0000, 0x0000, 0x0000,
0x0000, 0x0000, 0x0000, 0x0000, 0x0000, 0x0000, 0x0000, 0x0000, 0x0000, 0x0000, 0x0000, 0x0000, 0x0000, 0x0000, 0x0000, 0x0000,
0x0000, 0x0000, 0x0000, 0x0000, 0x0000, 0x0000, 0x55BF, 0xF5BF, 0xE5BF, 0xF5BF, 0xF5BF, 0xF6CF, 0xF6CF, 0xF6CF, 0xE6CF, 0xF6CF,
0xA7DF, 0x0000, 0x0000, 0x0000, 0x0000, 0x0000, 0x0000, 0x0000, 0x0000, 0x0000, 0x0000, 0x0000, 0x0000, 0x0000, 0x0000, 0x0000,
0x77DF, 0xF7DF, 0xE7DF, 0xE7DF, 0xF6CF, 0xF6CF, 0xF6CF, 0xF6CF, 0xF6CF, 0xF5BF, 0xF5BF, 0xF5BF, 0xF5BF, 0xE4AE, 0xE4AE, 0xE4AE,
0xF4AE, 0xF4AE, 0xF4AE, 0xF39E, 0xF39E, 0xF39E, 0xF39E, 0xF39E, 0xF39E, 0xF39E, 0xE39E, 0xE4AE, 0xE4AE, 0xF4AE, 0xF4AE, 0xF5BE,
0xF5BF, 0xF5BF, 0xF6CF, 0xF6CF, 0xF7DF, 0xF8EF, 0xF9FF, 0xEAFF, 0xECFF, 0xFEFF, 0xEFFF, 0x7FFF, 0x0000, 0x0000, 0x0000, 0x0000,
0x0000, 0x0000, 0x0000, 0x0000, 0x0000, 0x0000, 0x0000, 0x0000, 0x0000, 0x0000, 0x0000, 0x0000, 0x0000, 0xC39E, 0xF39E, 0xE4AE,
0xF4AE, 0xF5BF, 0xF6CF, 0xF7DF, 0xF8EF, 0xEAFF, 0xFCFF, 0x5DFF, 0x0000, 0x0000, 0x0000, 0x0000, 0x0000, 0x0000, 0x0000, 0x0000,
0x0000, 0x0000, 0x0000, 0x0000, 0x0000, 0x0000, 0x0000, 0x0000, 0x0000, 0x0000, 0x0000, 0x0000, 0x0000, 0x0000, 0x0000, 0x0000,
0x0000, 0x0000, 0x0000, 0x0000, 0x0000, 0x0000, 0x0000, 0xC5BF, 0xE5BF, 0xE5BF, 0xF5BF, 0xF6CF, 0xF6CF, 0xF6CF, 0xF6CF, 0xE6CF,
0xF6CF, 0x36CF, 0x0000, 0x0000, 0x0000, 0x0000, 0x0000, 0x0000, 0x0000, 0x0000, 0x0000, 0x0000, 0x0000, 0x0000, 0x0000, 0x0000,
0x0000, 0x67DF, 0xE7DF, 0xF7DF, 0xE7DF, 0xF7DF, 0xF6CF, 0xF6CF, 0xF6CF, 0xF6CF, 0xF5BF, 0xF5BF, 0xF5BF, 0xF5BF, 0xF5BF, 0xF4AE,
0xE4AE, 0xE4AE, 0xE4AE, 0xE4AE, 0xE4AE, 0xE4AE, 0xE4AE, 0xE4AE, 0xE4AE, 0xE4AE, 0xF4AE, 0xF4AE, 0xF4AE, 0xF5BF, 0xF5BF, 0xF5BF,
0xF6CF, 0xF6CF, 0xF7DF, 0xF7DF, 0xF8EF, 0xFAFF, 0xEBFF, 0xFDFF, 0xFEFF, 0xCFFF, 0x3FFF, 0x0000, 0x0000, 0x0000, 0x0000, 0x0000,
0x0000, 0x0000, 0x0000, 0x0000, 0x0000, 0x0000, 0x0000, 0x0000, 0x0000, 0x0000, 0x0000, 0x0000, 0x539E, 0xF39E, 0xE39E, 0xF4AE,
0xF5BF, 0xF5BF, 0xF6CF, 0xF7DF, 0xE9FF, 0xFBFF, 0xEDFF, 0x1DFF, 0x0000, 0x0000, 0x0000, 0x0000, 0x0000, 0x0000, 0x0000, 0x0000,
0x0000, 0x0000, 0x0000, 0x0000, 0x0000, 0x0000, 0x0000, 0x0000, 0x0000, 0x0000, 0x0000, 0x0000, 0x0000, 0x0000, 0x0000, 0x0000,
0x0000, 0x0000, 0x0000, 0x0000, 0x0000, 0x0000, 0x0000, 0x65BF, 0xF5BF, 0xE5BF, 0xF5BF, 0xF5BF, 0xF6CF, 0xF6CF, 0xF6CF, 0xE6CF,
0xF6CF, 0xC6CF, 0x0000, 0x0000, 0x0000, 0x0000, 0x0000, 0x0000, 0x0000, 0x0000, 0x0000, 0x0000, 0x0000, 0x0000, 0x0000, 0x0000,
0x0000, 0x0000, 0x47DF, 0xD7DF, 0xF7DF, 0xE7DF, 0xE7DF, 0xF7DF, 0xF7DF, 0xF6CF, 0xF6CF, 0xF6CF, 0xF6CF, 0xF5BF, 0xF5BF, 0xF5BF,
0xF5BF, 0xF5BF, 0xF5BF, 0xF5BE, 0xF5BE, 0xF5BE, 0xF5BE, 0xF5BE, 0xF5BF, 0xF5BF, 0xF5BF, 0xF5BF, 0xF5BF, 0xF6CF, 0xF6CF, 0xF6CF,
0xF7DF, 0xF8EF, 0xF8EF, 0xFAFF, 0xEBFF, 0xEDFF, 0xFEFF, 0xEFFF, 0x7FFF, 0x0000, 0x0000, 0x0000, 0x0000, 0x0000, 0x0000, 0x0000,
0x0000, 0x0000, 0x0000, 0x0000, 0x0000, 0x0000, 0x0000, 0x0000, 0x0000, 0x0000, 0x0000, 0x139E, 0xD39E, 0xE39E, 0xE4AE, 0xF4AE,
0xF5BF, 0xF6CF, 0xF7DF, 0xF8EF, 0xEAFF, 0xFCFF, 0x9DFF, 0x0000, 0x0000, 0x0000, 0x0000, 0x0000, 0x0000, 0x0000, 0x0000, 0x0000,
0x0000, 0x0000, 0x0000, 0x0000, 0x0000, 0x0000, 0x0000, 0x0000, 0x0000, 0x0000, 0x0000, 0x0000, 0x0000, 0x0000, 0x0000, 0x0000,
0x0000, 0x0000, 0x0000, 0x0000, 0x0000, 0x0000, 0x0000, 0x05BF, 0xD5BF, 0xE5BF, 0xE5BF, 0xF5BF, 0xF6CF, 0xF6CF, 0xF6CF, 0xF6CF,
0xE6CF, 0xF6CF, 0x66CF, 0x0000, 0x0000, 0x0000, 0x0000, 0x0000, 0x0000, 0x0000, 0x0000, 0x0000, 0x0000, 0x0000, 0x0000, 0x0000,
0x0000, 0x0000, 0x0000, 0x18EF, 0xA8EF, 0xF8EF, 0xF8EF, 0xE7DF, 0xE7DF, 0xF7DF, 0xF7DF, 0xF7DF, 0xF6CF, 0xF6CF, 0xF6CF, 0xF6CF,
0xF6CF, 0xF6CF, 0xF5BF, 0xF5BF, 0xF5BF, 0xF5BF, 0xF5BF, 0xF5BF, 0xF6CF, 0xF6CF, 0xF6CF, 0xF6CF, 0xF6CF, 0xF7DF, 0xF7DF, 0xF8EF,
0xF9FF, 0xEAFF, 0xEBFF, 0xECFF, 0xFEFF, 0xEFFF, 0x9FFF, 0x1FFF, 0x0000, 0x0000, 0x0000, 0x0000, 0x0000, 0x0000, 0x0000, 0x0000,
0x0000, 0x0000, 0x0000, 0x0000, 0x0000, 0x0000, 0x0000, 0x0000, 0x0000, 0x0000, 0x0000, 0x939E, 0xF39E, 0xE39E, 0xF4AE, 0xF5BF,
0xF5BF, 0xF6CF, 0xF7DF, 0xF9FF, 0xEBFF, 0xEDFF, 0x2DFF, 0x0000, 0x0000, 0x0000, 0x0000, 0x0000, 0x0000, 0x0000, 0x0000, 0x0000,
0x0000, 0x0000, 0x0000, 0x0000, 0x0000, 0x0000, 0x0000, 0x0000, 0x0000, 0x0000, 0x0000, 0x0000, 0x0000, 0x0000, 0x0000, 0x0000,
0x0000, 0x0000, 0x0000, 0x0000, 0x0000, 0x0000, 0x0000, 0x0000, 0x65BF, 0xF5BF, 0xE5BF, 0xF5BF, 0xF6CF, 0xF6CF, 0xF6CF, 0xF6CF,
0xE6CF, 0xE6CF, 0xE6CF, 0x26CF, 0x0000, 0x0000, 0x0000, 0x0000, 0x0000, 0x0000, 0x0000, 0x0000, 0x0000, 0x0000, 0x0000, 0x0000,
0x0000, 0x0000, 0x0000, 0x0000, 0x0000, 0x58EF, 0xD8EF, 0xF8EF, 0xF8EF, 0xE8EF, 0xE8EF, 0xE8EF, 0xF7DF, 0xF7DF, 0xF7DF, 0xF7DF,
0xF7DF, 0xF7DF, 0xF6CF, 0xF6CF, 0xF6CF, 0xF6CF, 0xF6CF, 0xF7DF, 0xF7DF, 0xF7DF, 0xF7DF, 0xF8EF, 0xF8EF, 0xF9FF, 0xE9FF, 0xEAFF,
0xEBFF, 0xFCFF, 0xFDFF, 0xFFFF, 0xAFFF, 0x3FFF, 0x0000, 0x0000, 0x0000, 0x0000, 0x0000, 0x0000, 0x0000, 0x0000, 0x0000, 0x0000,
0x0000, 0x0000, 0x0000, 0x0000, 0x0000, 0x0000, 0x0000, 0x0000, 0x0000, 0x0000, 0x439E, 0xF39E, 0xE39E, 0xF4AE, 0xF4AE, 0xF5BF,
0xF6CF, 0xF7DF, 0xF8EF, 0xEAFF, 0xFDFF, 0xAEFF, 0x0000, 0x0000, 0x0000, 0x0000, 0x0000, 0x0000, 0x0000, 0x0000, 0x0000, 0x0000,
0x0000, 0x0000, 0x0000, 0x0000, 0x0000, 0x0000, 0x0000, 0x0000, 0x0000, 0x0000, 0x0000, 0x0000, 0x0000, 0x0000, 0x0000, 0x0000,
0x0000, 0x0000, 0x0000, 0x0000, 0x0000, 0x0000, 0x0000, 0x0000, 0x05BF, 0xC5BF, 0xE5BF, 0xE5BF, 0xF5BF, 0xF6CF, 0xF6CF, 0xF6CF,
0xF6CF, 0xE6CF, 0xF6CF, 0xB6CF, 0x0000, 0x0000, 0x0000, 0x0000, 0x0000, 0x0000, 0x0000, 0x0000, 0x0000, 0x0000, 0x0000, 0x0000,
0x0000, 0x0000, 0x0000, 0x0000, 0x0000, 0x0000, 0x18EF, 0x79FF, 0xD9FF, 0xF9FF, 0xF9FF, 0xF9FF, 0xE9FF, 0xE8EF, 0xE8EF, 0xE8EF,
0xF8EF, 0xF8EF, 0xF8EF, 0xF8EF, 0xF8EF, 0xF8EF, 0xF8EF, 0xF8EF, 0xF9FF, 0xE9FF, 0xE9FF, 0xEAFF, 0xEAFF, 0xEBFF, 0xFCFF, 0xFDFF,
0xFEFF, 0xDEFF, 0x9FFF, 0x3FFF, 0x0000, 0x0000, 0x0000, 0x0000, 0x0000, 0x0000, 0x0000, 0x0000, 0x0000, 0x0000, 0x0000, 0x0000,
0x0000, 0x0000, 0x0000, 0x0000, 0x0000, 0x0000, 0x0000, 0x0000, 0x0000, 0x039E, 0xD39E, 0xE39E, 0xE4AE, 0xF4AE, 0xF5BF, 0xF6CF,
0xF6CF, 0xF7DF, 0xF9FF, 0xECFF, 0xFEFF, 0x3EFF, 0x0000, 0x0000, 0x0000, 0x0000, 0x0000, 0x0000, 0x0000, 0x0000, 0x0000, 0x0000,
0x0000, 0x0000, 0x0000, 0x0000, 0x0000, 0x0000, 0x0000, 0x0000, 0x0000, 0x0000, 0x0000, 0x0000, 0x0000, 0x0000, 0x0000, 0x0000,
0x0000, 0x0000, 0x0000, 0x0000, 0x0000, 0x0000, 0x0000, 0x0000, 0x0000, 0x55BF, 0xF5BF, 0xE5BF, 0xF5BF, 0xF6CF, 0xF6CF, 0xF6CF,
0xF6CF, 0xF6CF, 0xE6CF, 0xF6CF, 0x85BF, 0x0000, 0x0000, 0x0000, 0x0000, 0x0000, 0x0000, 0x0000, 0x0000, 0x0000, 0x0000, 0x0000,
0x0000, 0x0000, 0x0000, 0x0000, 0x0000, 0x0000, 0x0000, 0x0000, 0x19FF, 0x69FF, 0xBAFF, 0xEAFF, 0xFAFF, 0xFAFF, 0xFAFF, 0xFAFF,
0xFAFF, 0xE9FF, 0xE9FF, 0xEAFF, 0xEAFF, 0xEAFF, 0xEAFF, 0xEAFF, 0xFBFF, 0xFBFF, 0xFCFF, 0xFCFF, 0xFDFF, 0xFDFF, 0xEEFF, 0xAEFF,
0x5EFF, 0x1EFF, 0x0000, 0x0000, 0x0000, 0x0000, 0x0000, 0x0000, 0x0000, 0x0000, 0x0000, 0x0000, 0x0000, 0x0000, 0x0000, 0x0000,
0x0000, 0x0000, 0x0000, 0x0000, 0x0000, 0x0000, 0x0000, 0x0000, 0x0000, 0x939E, 0xF39E, 0xE39E, 0xF4AE, 0xF5BF, 0xF5BF, 0xF6CF,
0xF7DF, 0xF8EF, 0xEBFF, 0xFDFF, 0xAEFF, 0x0000, 0x0000, 0x0000, 0x0000, 0x0000, 0x0000, 0x0000, 0x0000, 0x0000, 0x0000, 0x0000,
0x0000, 0x0000, 0x0000, 0x0000, 0x0000, 0x0000, 0x0000, 0x0000, 0x0000, 0x0000, 0x0000, 0x0000, 0x0000, 0x0000, 0x0000, 0x0000,
0x0000, 0x0000, 0x0000, 0x0000, 0x0000, 0x0000, 0x0000, 0x0000, 0x0000, 0x0000, 0xC5BF, 0xF5BF, 0xE5BF, 0xF6CF, 0xF6CF, 0xF6CF,
0xF6CF, 0xF6CF, 0xF6CF, 0xE6CF, 0xF5BF, 0x55BF, 0x0000, 0x0000, 0x0000, 0x0000, 0x0000, 0x0000, 0x0000, 0x0000, 0x0000, 0x0000,
0x0000, 0x0000, 0x0000, 0x0000, 0x0000, 0x0000, 0x0000, 0x0000, 0x0000, 0x0000, 0x0000, 0x2AFF, 0x6AFF, 0x9BFF, 0xCBFF, 0xEBFF,
0xFBFF, 0xFBFF, 0xFBFF, 0xFBFF, 0xFBFF, 0xFCFF, 0xFCFF, 0xFCFF, 0xFDFF, 0xDDFF, 0xCDFF, 0xADFF, 0x7EFF, 0x5EFF, 0x1EFF, 0x0000,
0x0000, 0x0000, 0x0000, 0x0000, 0x0000, 0x0000, 0x0000, 0x0000, 0x0000, 0x0000, 0x0000, 0x0000, 0x0000, 0x0000, 0x0000, 0x0000,
0x0000, 0x0000, 0x0000, 0x0000, 0x0000, 0x0000, 0x0000, 0x0000, 0x639E, 0xF39E, 0xE39E, 0xF4AE, 0xF4AE, 0xF5BF, 0xF6CF, 0xF7DF,
0xF8EF, 0xEAFF, 0xECFF, 0xEEFF, 0x2EFF, 0x0000, 0x0000, 0x0000, 0x0000, 0x0000, 0x0000, 0x0000, 0x0000, 0x0000, 0x0000, 0x0000,
0x0000, 0x0000, 0x0000, 0x0000, 0x0000, 0x0000, 0x0000, 0x0000, 0x0000, 0x0000, 0x0000, 0x0000, 0x0000, 0x0000, 0x0000, 0x0000,
0x0000, 0x0000, 0x0000, 0x0000, 0x0000, 0x0000, 0x0000, 0x0000, 0x0000, 0x0000, 0x35BF, 0xE5BF, 0xE6CF, 0xE6CF, 0xF6CF, 0xF6CF,
0xF6CF, 0xF6CF, 0xF6CF, 0xE6CF, 0xE5BF, 0xE5BF, 0x35BF, 0x0000, 0x0000, 0x0000, 0x0000, 0x0000, 0x0000, 0x0000, 0x0000, 0x0000,
0x0000, 0x0000, 0x0000, 0x0000, 0x0000, 0x0000, 0x0000, 0x0000, 0x0000, 0x0000, 0x0000, 0x0000, 0x0000, 0x0000, 0x0000, 0x1BFF,
0x2BFF, 0x4BFF, 0x5CFF, 0x6CFF, 0x7CFF, 0x7CFF, 0x6DFF, 0x5DFF, 0x3DFF, 0x1DFF, 0x0000, 0x0000, 0x0000, 0x0000, 0x0000, 0x0000,
0x0000, 0x0000, 0x0000, 0x0000, 0x0000, 0x0000, 0x0000, 0x0000, 0x0000, 0x0000, 0x0000, 0x0000, 0x0000, 0x0000, 0x0000, 0x0000,
0x0000, 0x0000, 0x0000, 0x0000, 0x0000, 0x0000, 0x0000, 0x539E, 0xF39E, 0xE39E, 0xE4AE, 0xF4AE, 0xF5BF, 0xF6CF, 0xF6CF, 0xF7DF,
0xF9FF, 0xEBFF, 0xFDFF, 0x7EFF, 0x0000, 0x0000, 0x0000, 0x0000, 0x0000, 0x0000, 0x0000, 0x0000, 0x0000, 0x0000, 0x0000, 0x0000,
0x0000, 0x0000, 0x0000, 0x0000, 0x0000, 0x0000, 0x0000, 0x0000, 0x0000, 0x0000, 0x0000, 0x0000, 0x0000, 0x0000, 0x0000, 0x0000,
0x0000, 0x0000, 0x0000, 0x0000, 0x0000, 0x0000, 0x0000, 0x0000, 0x0000, 0x0000, 0x0000, 0x76CF, 0xF6CF, 0xE6CF, 0xF6CF, 0xF6CF,
0xF6CF, 0xF6CF, 0xF6CF, 0xF5BF, 0xE5BF, 0xF5BF, 0xE5BF, 0x35BF, 0x0000, 0x0000, 0x0000, 0x0000, 0x0000, 0x0000, 0x0000, 0x0000,
0x0000, 0x0000, 0x0000, 0x0000, 0x0000, 0x0000, 0x0000, 0x0000, 0x0000, 0x0000, 0x0000, 0x0000, 0x0000, 0x0000, 0x0000, 0x0000,
0x0000, 0x0000, 0x0000, 0x0000, 0x0000, 0x0000, 0x0000, 0x0000, 0x0000, 0x0000, 0x0000, 0x0000, 0x0000, 0x0000, 0x0000, 0x0000,
0x0000, 0x0000, 0x0000, 0x0000, 0x0000, 0x0000, 0x0000, 0x0000, 0x0000, 0x0000, 0x0000, 0x0000, 0x0000, 0x0000, 0x0000, 0x0000,
0x0000, 0x0000, 0x0000, 0x0000, 0x0000, 0x0000, 0x539E, 0xF39E, 0xE39E, 0xE4AE, 0xF4AE, 0xF5BF, 0xF5BF, 0xF6CF, 0xF7DF, 0xF8EF,
0xEBFF, 0xFDFF, 0xCFFF, 0x0EFF, 0x0000, 0x0000, 0x0000, 0x0000, 0x0000, 0x0000, 0x0000, 0x0000, 0x0000, 0x0000, 0x0000, 0x0000,
0x0000, 0x0000, 0x0000, 0x0000, 0x0000, 0x0000, 0x0000, 0x0000, 0x0000, 0x0000, 0x0000, 0x0000, 0x0000, 0x0000, 0x0000, 0x0000,
0x0000, 0x0000, 0x0000, 0x0000, 0x0000, 0x0000, 0x0000, 0x0000, 0x0000, 0x0000, 0x0000, 0x0000, 0xA6CF, 0xF6CF, 0xE6CF, 0xF6CF,
0xF6CF, 0xF6CF, 0xF6CF, 0xF6CF, 0xF5BF, 0xE5BF, 0xF5BF, 0xE5BF, 0x35BF, 0x0000, 0x0000, 0x0000, 0x0000, 0x0000, 0x0000, 0x0000,
0x0000, 0x0000, 0x0000, 0x0000, 0x0000, 0x0000, 0x0000, 0x0000, 0x0000, 0x0000, 0x0000, 0x0000, 0x0000, 0x0000, 0x0000, 0x0000,
0x0000, 0x0000, 0x0000, 0x0000, 0x0000, 0x0000, 0x0000, 0x0000, 0x0000, 0x0000, 0x0000, 0x0000, 0x0000, 0x0000, 0x0000, 0x0000,
0x0000, 0x0000, 0x0000, 0x0000, 0x0000, 0x0000, 0x0000, 0x0000, 0x0000, 0x0000, 0x0000, 0x0000, 0x0000, 0x0000, 0x0000, 0x0000,
0x0000, 0x0000, 0x0000, 0x0000, 0x0000, 0x639E, 0xF39E, 0xE39E, 0xE4AE, 0xF4AE, 0xF5BF, 0xF5BF, 0xF6CF, 0xF7DF, 0xF8EF, 0xEAFF,
0xEDFF, 0xEEFF, 0x3FFF, 0x0000, 0x0000, 0x0000, 0x0000, 0x0000, 0x0000, 0x0000, 0x0000, 0x0000, 0x0000, 0x0000, 0x0000, 0x0000,
0x0000, 0x0000, 0x0000, 0x0000, 0x0000, 0x0000, 0x0000, 0x0000, 0x0000, 0x0000, 0x0000, 0x0000, 0x0000, 0x0000, 0x0000, 0x0000,
0x0000, 0x0000, 0x0000, 0x0000, 0x0000, 0x0000, 0x0000, 0x0000, 0x0000, 0x0000, 0x0000, 0x0000, 0x16CF, 0xD6CF, 0xF6CF, 0xE6CF,
0xF6CF, 0xF6CF, 0xF6CF, 0xF6CF, 0xF6CF, 0xF5BF, 0xE5BF, 0xF5BF, 0xE5BF, 0x55BF, 0x0000, 0x0000, 0x0000, 0x0000, 0x0000, 0x0000,
0x0000, 0x0000, 0x0000, 0x0000, 0x0000, 0x0000, 0x0000, 0x0000, 0x0000, 0x0000, 0x0000, 0x0000, 0x0000, 0x0000, 0x0000, 0x0000,
0x0000, 0x0000, 0x0000, 0x0000, 0x0000, 0x0000, 0x0000, 0x0000, 0x0000, 0x0000, 0x0000, 0x0000, 0x0000, 0x0000, 0x0000, 0x0000,
0x0000, 0x0000, 0x0000, 0x0000, 0x0000, 0x0000, 0x0000, 0x0000, 0x0000, 0x0000, 0x0000, 0x0000, 0x0000, 0x0000, 0x0000, 0x0000,
0x0000, 0x0000, 0x0000, 0x239E, 0xB39E, 0xF39E, 0xE39E, 0xE4AE, 0xF4AE, 0xF5BF, 0xF5BF, 0xF6CF, 0xF7DF, 0xF8EF, 0xFAFF, 0xECFF,
0xFEFF, 0x7FFF, 0x0000, 0x0000, 0x0000, 0x0000, 0x0000, 0x0000, 0x0000, 0x0000, 0x0000, 0x0000, 0x0000, 0x0000, 0x0000, 0x0000,
0x0000, 0x0000, 0x0000, 0x0000, 0x0000, 0x0000, 0x0000, 0x0000, 0x0000, 0x0000, 0x0000, 0x0000, 0x0000, 0x0000, 0x0000, 0x0000,
0x0000, 0x0000, 0x0000, 0x0000, 0x0000, 0x0000, 0x0000, 0x0000, 0x0000, 0x0000, 0x0000, 0x0000, 0x0000, 0x36CF, 0xE6CF, 0xE6CF,
0xE6CF, 0xF6CF, 0xF6CF, 0xF6CF, 0xF6CF, 0xF5BF, 0xF5BF, 0xE5BF, 0xF5BF, 0xF5BF, 0x75BE, 0x0000, 0x0000, 0x0000, 0x0000, 0x0000,
0x0000, 0x0000, 0x0000, 0x0000, 0x0000, 0x0000, 0x0000, 0x0000, 0x0000, 0x0000, 0x0000, 0x0000, 0x0000, 0x0000, 0x0000, 0x0000,
0x0000, 0x0000, 0x0000, 0x0000, 0x0000, 0x0000, 0x0000, 0x0000, 0x0000, 0x0000, 0x0000, 0x0000, 0x0000, 0x0000, 0x0000, 0x0000,
0x0000, 0x0000, 0x0000, 0x0000, 0x0000, 0x0000, 0x0000, 0x0000, 0x0000, 0x0000, 0x0000, 0x0000, 0x0000, 0x0000, 0x0000, 0x0000,
0x0000, 0x0000, 0x439E, 0xE39E, 0xF39E, 0xE39E, 0xF4AE, 0xF4AE, 0xF5BF, 0xF5BF, 0xF6CF, 0xF7DF, 0xF8EF, 0xF9FF, 0xECFF, 0xFEFF,
0xAFFF, 0x0000, 0x0000, 0x0000, 0x0000, 0x0000, 0x0000, 0x0000, 0x0000, 0x0000, 0x0000, 0x0000, 0x0000, 0x0000, 0x0000, 0x0000,
0x0000, 0x0000, 0x0000, 0x0000, 0x0000, 0x0000, 0x0000, 0x0000, 0x0000, 0x0000, 0x0000, 0x0000, 0x0000, 0x0000, 0x0000, 0x0000,
0x0000, 0x0000, 0x0000, 0x0000, 0x0000, 0x0000, 0x0000, 0x0000, 0x0000, 0x0000, 0x0000, 0x0000, 0x0000, 0x0000, 0x56CF, 0xF6CF,
0xE6CF, 0xE6CF, 0xF6CF, 0xF6CF, 0xF6CF, 0xF6CF, 0xF5BF, 0xF5BF, 0xE5BF, 0xE5BF, 0xF5BE, 0xA4AE, 0x14AE, 0x0000, 0x0000, 0x0000,
0x0000, 0x0000, 0x0000, 0x0000, 0x0000, 0x0000, 0x0000, 0x0000, 0x0000, 0x0000, 0x0000, 0x0000, 0x0000, 0x0000, 0x0000, 0x0000,
0x0000, 0x0000, 0x0000, 0x0000, 0x0000, 0x0000, 0x0000, 0x0000, 0x0000, 0x0000, 0x0000, 0x0000, 0x0000, 0x0000, 0x0000, 0x0000,
0x0000, 0x0000, 0x0000, 0x0000, 0x0000, 0x0000, 0x0000, 0x0000, 0x0000, 0x0000, 0x0000, 0x0000, 0x0000, 0x0000, 0x0000, 0x0000,
0x039E, 0x839E, 0xF39E, 0xF39E, 0xE39E, 0xF4AE, 0xF4AE, 0xF5BF, 0xF5BF, 0xF6CF, 0xF7DF, 0xF8EF, 0xF9FF, 0xEBFF, 0xFEFF, 0xCFFF,
0x0FFF, 0x0000, 0x0000, 0x0000, 0x0000, 0x0000, 0x0000, 0x0000, 0x0000, 0x0000, 0x0000, 0x0000, 0x0000, 0x0000, 0x0000, 0x0000,
0x0000, 0x0000, 0x0000, 0x0000, 0x0000, 0x0000, 0x0000, 0x0000, 0x0000, 0x0000, 0x0000, 0x0000, 0x0000, 0x0000, 0x0000, 0x0000,
0x0000, 0x0000, 0x0000, 0x0000, 0x0000, 0x0000, 0x0000, 0x0000, 0x0000, 0x0000, 0x0000, 0x0000, 0x0000, 0x0000, 0x0000, 0x66CF,
0xF6CF, 0xE6CF, 0xF6CF, 0xF6CF, 0xF6CF, 0xF6CF, 0xF6CF, 0xF5BF, 0xF5BF, 0xF5BF, 0xE5BF, 0xF4AE, 0xD4AE, 0x54AE, 0x0000, 0x0000,
0x0000, 0x0000, 0x0000, 0x0000, 0x0000, 0x0000, 0x0000, 0x0000, 0x0000, 0x0000, 0x0000, 0x0000, 0x0000, 0x0000, 0x0000, 0x0000,
0x0000, 0x0000, 0x0000, 0x0000, 0x0000, 0x0000, 0x0000, 0x0000, 0x0000, 0x0000, 0x0000, 0x0000, 0x0000, 0x0000, 0x0000, 0x0000,
0x0000, 0x0000, 0x0000, 0x0000, 0x0000, 0x0000, 0x0000, 0x0000, 0x0000, 0x0000, 0x0000, 0x0000, 0x0000, 0x0000, 0x0000, 0x339E,
0xC39E, 0xF39E, 0xE39E, 0xE39E, 0xF4AE, 0xF4AE, 0xF5BF, 0xF5BF, 0xF6CF, 0xF7DF, 0xF8EF, 0xF9FF, 0xEBFF, 0xFEFF, 0xDFFF, 0x2FFF,
0x0000, 0x0000, 0x0000, 0x0000, 0x0000, 0x0000, 0x0000, 0x0000, 0x0000, 0x0000, 0x0000, 0x0000, 0x0000, 0x0000, 0x0000, 0x0000,
0x0000, 0x0000, 0x0000, 0x0000, 0x0000, 0x0000, 0x0000, 0x0000, 0x0000, 0x0000, 0x0000, 0x0000, 0x0000, 0x0000, 0x0000, 0x0000,
0x0000, 0x0000, 0x0000, 0x0000, 0x0000, 0x0000, 0x0000, 0x0000, 0x0000, 0x0000, 0x0000, 0x0000, 0x0000, 0x0000, 0x0000, 0x0000,
0x86CF, 0xF6CF, 0xE6CF, 0xF6CF, 0xF6CF, 0xF6CF, 0xF6CF, 0xF6CF, 0xF5BF, 0xF5BF, 0xF5BF, 0xE5BF, 0xF4AE, 0xF4AE, 0xB4AE, 0x34AE,
0x0000, 0x0000, 0x0000, 0x0000, 0x0000, 0x0000, 0x0000, 0x0000, 0x0000, 0x0000, 0x0000, 0x0000, 0x0000, 0x0000, 0x0000, 0x0000,
0x0000, 0x0000, 0x0000, 0x0000, 0x0000, 0x0000, 0x0000, 0x0000, 0x0000, 0x0000, 0x0000, 0x0000, 0x0000, 0x0000, 0x0000, 0x0000,
0x0000, 0x0000, 0x0000, 0x0000, 0x0000, 0x0000, 0x0000, 0x0000, 0x0000, 0x0000, 0x0000, 0x0000, 0x0000, 0x139E, 0x839E, 0xE39E,
0xF39E, 0xE39E, 0xF4AE, 0xF4AE, 0xF5BE, 0xF5BF, 0xF5BF, 0xF6CF, 0xF7DF, 0xF8EF, 0xF9FF, 0xEBFF, 0xFDFF, 0xDFFF, 0x2FFF, 0x0000,
0x0000, 0x0000, 0x0000, 0x0000, 0x0000, 0x0000, 0x0000, 0x0000, 0x0000, 0x0000, 0x0000, 0x0000, 0x0000, 0x0000, 0x0000, 0x0000,
0x0000, 0x0000, 0x0000, 0x0000, 0x0000, 0x0000, 0x0000, 0x0000, 0x0000, 0x0000, 0x0000, 0x0000, 0x0000, 0x0000, 0x0000, 0x0000,
0x0000, 0x0000, 0x0000, 0x0000, 0x0000, 0x0000, 0x0000, 0x0000, 0x0000, 0x0000, 0x0000, 0x0000, 0x0000, 0x0000, 0x0000, 0x0000,
0x0000, 0x97DF, 0xF6CF, 0xE6CF, 0xF6CF, 0xF6CF, 0xF6CF, 0xF6CF, 0xF6CF, 0xF5BF, 0xF5BF, 0xF5BF, 0xE5BF, 0xE4AE, 0xF4AE, 0xF4AE,
0x94AE, 0x24AE, 0x0000, 0x0000, 0x0000, 0x0000, 0x0000, 0x0000, 0x0000, 0x0000, 0x0000, 0x0000, 0x0000, 0x0000, 0x0000, 0x0000,
0x0000, 0x0000, 0x0000, 0x0000, 0x0000, 0x0000, 0x0000, 0x0000, 0x0000, 0x0000, 0x0000, 0x0000, 0x0000, 0x0000, 0x0000, 0x0000,
0x0000, 0x0000, 0x0000, 0x0000, 0x0000, 0x0000, 0x0000, 0x0000, 0x0000, 0x0000, 0x0000, 0x139E, 0x739E, 0xD39E, 0xF39E, 0xE39E,
0xE39E, 0xF4AE, 0xF4AE, 0xF5BF, 0xF5BF, 0xF6CF, 0xF6CF, 0xF7DF, 0xF8EF, 0xF9FF, 0xEBFF, 0xFEFF, 0xDFFF, 0x2FFF, 0x0000, 0x0000,
0x0000, 0x0000, 0x0000, 0x0000, 0x0000, 0x0000, 0x0000, 0x0000, 0x0000, 0x0000, 0x0000, 0x0000, 0x0000, 0x0000, 0x0000, 0x0000,
0x0000, 0x0000, 0x0000, 0x0000, 0x0000, 0x0000, 0x0000, 0x0000, 0x0000, 0x0000, 0x0000, 0x0000, 0x0000, 0x0000, 0x0000, 0x0000,
0x0000, 0x0000, 0x0000, 0x0000, 0x0000, 0x0000, 0x0000, 0x0000, 0x0000, 0x0000, 0x0000, 0x0000, 0x0000, 0x0000, 0x0000, 0x0000,
0x0000, 0x0000, 0x97DF, 0xF7DF, 0xE7DF, 0xE6CF, 0xF6CF, 0xF6CF, 0xF6CF, 0xF6CF, 0xF6CF, 0xF5BF, 0xF5BF, 0xF5BF, 0xE5BE, 0xE4AE,
0xF4AE, 0xE4AE, 0x94AE, 0x34AE, 0x0000, 0x0000, 0x0000, 0x0000, 0x0000, 0x0000, 0x0000, 0x0000, 0x0000, 0x0000, 0x0000, 0x0000,
0x0000, 0x0000, 0x0000, 0x0000, 0x0000, 0x0000, 0x0000, 0x0000, 0x0000, 0x0000, 0x0000, 0x0000, 0x0000, 0x0000, 0x0000, 0x0000,
0x0000, 0x0000, 0x0000, 0x0000, 0x0000, 0x0000, 0x0000, 0x0000, 0x0000, 0x139E, 0x739E, 0xD39E, 0xF39E, 0xF39E, 0xE39E, 0xF4AE,
0xF4AE, 0xF4AE, 0xF5BF, 0xF5BF, 0xF6CF, 0xF6CF, 0xF7DF, 0xF8EF, 0xFAFF, 0xECFF, 0xFEFF, 0xDFFF, 0x2FFF, 0x0000, 0x0000, 0x0000,
0x0000, 0x0000, 0x0000, 0x0000, 0x0000, 0x0000, 0x0000, 0x0000, 0x0000, 0x0000, 0x0000, 0x0000, 0x0000, 0x0000, 0x0000, 0x0000,
0x0000, 0x0000, 0x0000, 0x0000, 0x0000, 0x0000, 0x0000, 0x0000, 0x0000, 0x0000, 0x0000, 0x0000, 0x0000, 0x0000, 0x0000, 0x0000,
0x0000, 0x0000, 0x0000, 0x0000, 0x0000, 0x0000, 0x0000, 0x0000, 0x0000, 0x0000, 0x0000, 0x0000, 0x0000, 0x0000, 0x0000, 0x0000,
0x0000, 0x0000, 0x0000, 0x87DF, 0xF7DF, 0xE7DF, 0xE7DF, 0xF6CF, 0xF6CF, 0xF6CF, 0xF6CF, 0xF5BF, 0xF5BF, 0xF5BF, 0xF5BF, 0xF5BF,
0xE4AE, 0xF4AE, 0xF4AE, 0xF4AE, 0xC4AE, 0x74AE, 0x24AE, 0x0000, 0x0000, 0x0000, 0x0000, 0x0000, 0x0000, 0x0000, 0x0000, 0x0000,
0x0000, 0x0000, 0x0000, 0x0000, 0x0000, 0x0000, 0x0000, 0x0000, 0x0000, 0x0000, 0x0000, 0x0000, 0x0000, 0x0000, 0x0000, 0x0000,
0x0000, 0x0000, 0x0000, 0x0000, 0x0000, 0x0000, 0x0000, 0x239E, 0x839E, 0xE39E, 0xF39E, 0xF39E, 0xE39E, 0xE4AE, 0xF4AE, 0xF4AE,
0xF5BF, 0xF5BF, 0xF6CF, 0xF6CF, 0xF7DF, 0xF7DF, 0xF9FF, 0xFAFF, 0xECFF, 0xFEFF, 0xCFFF, 0x2FFF, 0x0000, 0x0000, 0x0000, 0x0000,
0x0000, 0x0000, 0x0000, 0x0000, 0x0000, 0x0000, 0x0000, 0x0000, 0x0000, 0x0000, 0x0000, 0x0000, 0x0000, 0x0000, 0x0000, 0x0000,
0x0000, 0x0000, 0x0000, 0x0000, 0x0000, 0x0000, 0x0000, 0x0000, 0x0000, 0x0000, 0x0000, 0x0000, 0x0000, 0x0000, 0x0000, 0x0000,
0x0000, 0x0000, 0x0000, 0x0000, 0x0000, 0x0000, 0x0000, 0x0000, 0x0000, 0x0000, 0x0000, 0x0000, 0x0000, 0x0000, 0x0000, 0x0000,
0x0000, 0x0000, 0x0000, 0x0000, 0x67DF, 0xE7DF, 0xF7DF, 0xE7DF, 0xF6CF, 0xF6CF, 0xF6CF, 0xF6CF, 0xF6CF, 0xF5BF, 0xF5BF, 0xF5BF,
0xF5BF, 0xE5BE, 0xE4AE, 0xE4AE, 0xF4AE, 0xF4AE, 0xE4AE, 0xB4AE, 0x74AE, 0x24AE, 0x0000, 0x0000, 0x0000, 0x0000, 0x0000, 0x0000,
0x0000, 0x0000, 0x0000, 0x0000, 0x0000, 0x0000, 0x0000, 0x0000, 0x0000, 0x0000, 0x0000, 0x0000, 0x0000, 0x0000, 0x0000, 0x0000,
0x0000, 0x0000, 0x0000, 0x0000, 0x0000, 0x439E, 0xA39E, 0xE39E, 0xF39E, 0xF39E, 0xE39E, 0xE4AE, 0xF4AE, 0xF4AE, 0xF5BF, 0xF5BF,
0xF5BF, 0xF6CF, 0xF6CF, 0xF7DF, 0xF8EF, 0xF9FF, 0xEBFF, 0xEDFF, 0xFFFF, 0xAFFF, 0x1FFF, 0x0000, 0x0000, 0x0000, 0x0000, 0x0000,
0x0000, 0x0000, 0x0000, 0x0000, 0x0000, 0x0000, 0x0000, 0x0000, 0x0000, 0x0000, 0x0000, 0x0000, 0x0000, 0x0000, 0x0000, 0x0000,
0x0000, 0x0000, 0x0000, 0x0000, 0x0000, 0x0000, 0x0000, 0x0000, 0x0000, 0x0000, 0x0000, 0x0000, 0x0000, 0x0000, 0x0000, 0x0000,
0x0000, 0x0000, 0x0000, 0x0000, 0x0000, 0x0000, 0x0000, 0x0000, 0x0000, 0x0000, 0x0000, 0x0000, 0x0000, 0x0000, 0x0000, 0x0000,
0x0000, 0x0000, 0x0000, 0x0000, 0x0000, 0x47DF, 0xE7DF, 0xF7DF, 0xE7DF, 0xF7DF, 0xF6CF, 0xF6CF, 0xF6CF, 0xF6CF, 0xF6CF, 0xF5BF,
0xF5BF, 0xF5BF, 0xF5BF, 0xF5BE, 0xE4AE, 0xE4AE, 0xF4AE, 0xF4AE, 0xF4AE, 0xF4AE, 0xC4AE, 0x839E, 0x439E, 0x239E, 0x039E, 0x0000,
0x0000, 0x0000, 0x0000, 0x0000, 0x0000, 0x0000, 0x0000, 0x0000, 0x0000, 0x0000, 0x0000, 0x0000, 0x0000, 0x0000, 0x0000, 0x0000,
0x0000, 0x239E, 0x439E, 0x839E, 0xC39E, 0xF39E, 0xF39E, 0xF39E, 0xE39E, 0xE4AE, 0xF4AE, 0xF4AE, 0xF5BF, 0xF5BF, 0xF5BF, 0xF6CF,
0xF6CF, 0xF7DF, 0xF7DF, 0xF8EF, 0xFAFF, 0xECFF, 0xFDFF, 0xFFFF, 0x7FFF, 0x0000, 0x0000, 0x0000, 0x0000, 0x0000, 0x0000, 0x0000,
0x0000, 0x0000, 0x0000, 0x0000, 0x0000, 0x0000, 0x0000, 0x0000, 0x0000, 0x0000, 0x0000, 0x0000, 0x0000, 0x0000, 0x0000, 0x0000,
0x0000, 0x0000, 0x0000, 0x0000, 0x0000, 0x0000, 0x0000, 0x0000, 0x0000, 0x0000, 0x0000, 0x0000, 0x0000, 0x0000, 0x0000, 0x0000,
0x0000, 0x0000, 0x0000, 0x0000, 0x0000, 0x0000, 0x0000, 0x0000, 0x0000, 0x0000, 0x0000, 0x0000, 0x0000, 0x0000, 0x0000, 0x0000,
0x0000, 0x0000, 0x0000, 0x0000, 0x0000, 0x0000, 0x27DF, 0xC7DF, 0xF7DF, 0xE7DF, 0xE7DF, 0xF7DF, 0xF6CF, 0xF6CF, 0xF6CF, 0xF6CF,
0xF6CF, 0xF5BF, 0xF5BF, 0xF5BF, 0xF5BF, 0xF5BF, 0xE4AE, 0xE4AE, 0xE4AE, 0xF4AE, 0xF4AE, 0xF4AE, 0xF4AE, 0xE39E, 0xD39E, 0xB39E,
0xA39E, 0x839E, 0x739E, 0x539E, 0x439E, 0x439E, 0x339E, 0x339E, 0x339E, 0x339E, 0x339E, 0x439E, 0x539E, 0x739E, 0x839E, 0xA39E,
0xC39E, 0xE39E, 0xF39E, 0xF39E, 0xF39E, 0xE39E, 0xE4AE, 0xE4AE, 0xF4AE, 0xF4AE, 0xF5BF, 0xF5BF, 0xF5BF, 0xF6CF, 0xF6CF, 0xF6CF,
0xF7DF, 0xF8EF, 0xF9FF, 0xEBFF, 0xECFF, 0xFEFF, 0xCFFF, 0x3FFF, 0x0000, 0x0000, 0x0000, 0x0000, 0x0000, 0x0000, 0x0000, 0x0000,
0x0000, 0x0000, 0x0000, 0x0000, 0x0000, 0x0000, 0x0000, 0x0000, 0x0000, 0x0000, 0x0000, 0x0000, 0x0000, 0x0000, 0x0000, 0x0000,
0x0000, 0x0000, 0x0000, 0x0000, 0x0000, 0x0000, 0x0000, 0x0000, 0x0000, 0x0000, 0x0000, 0x0000, 0x0000, 0x0000, 0x0000, 0x0000,
0x0000, 0x0000, 0x0000, 0x0000, 0x0000, 0x0000, 0x0000, 0x0000, 0x0000, 0x0000, 0x0000, 0x0000, 0x0000, 0x0000, 0x0000, 0x0000,
0x0000, 0x0000, 0x0000, 0x0000, 0x0000, 0x0000, 0x0000, 0x07DF, 0x98EF, 0xF8EF, 0xF7DF, 0xE7DF, 0xE7DF, 0xF7DF, 0xF6CF, 0xF6CF,
0xF6CF, 0xF6CF, 0xF6CF, 0xF5BF, 0xF5BF, 0xF5BF, 0xF5BF, 0xF5BF, 0xF5BE, 0xF4AE, 0xE4AE, 0xE4AE, 0xE4AE, 0xF4AE, 0xF4AE, 0xF4AE,
0xF4AE, 0xF39E, 0xF39E, 0xF39E, 0xF39E, 0xF39E, 0xF39E, 0xF39E, 0xF39E, 0xF39E, 0xF39E, 0xF39E, 0xF39E, 0xF39E, 0xF39E, 0xF39E,
0xF39E, 0xF39E, 0xE39E, 0xE4AE, 0xE4AE, 0xF4AE, 0xF4AE, 0xF4AE, 0xF5BF, 0xF5BF, 0xF5BF, 0xF6CF, 0xF6CF, 0xF6CF, 0xF7DF, 0xF8EF,
0xF9FF, 0xEAFF, 0xECFF, 0xFDFF, 0xFFFF, 0x8FFF, 0x0FFF, 0x0000, 0x0000, 0x0000, 0x0000, 0x0000, 0x0000, 0x0000, 0x0000, 0x0000,
0x0000, 0x0000, 0x0000, 0x0000, 0x0000, 0x0000, 0x0000, 0x0000, 0x0000, 0x0000, 0x0000, 0x0000, 0x0000, 0x0000, 0x0000, 0x0000,
0x0000, 0x0000, 0x0000, 0x0000, 0x0000, 0x0000, 0x0000, 0x0000, 0x0000, 0x0000, 0x0000, 0x0000, 0x0000, 0x0000, 0x0000, 0x0000,
0x0000, 0x0000, 0x0000, 0x0000, 0x0000, 0x0000, 0x0000, 0x0000, 0x0000, 0x0000, 0x0000, 0x0000, 0x0000, 0x0000, 0x0000, 0x0000,
0x0000, 0x0000, 0x0000, 0x0000, 0x0000, 0x0000, 0x0000, 0x0000, 0x0000, 0x68EF, 0xD8EF, 0xF8EF, 0xF8EF, 0xE8EF, 0xE7DF, 0xF7DF,
0xF7DF, 0xF6CF, 0xF6CF, 0xF6CF, 0xF6CF, 0xF6CF, 0xF5BF, 0xF5BF, 0xF5BF, 0xF5BF, 0xF5BF, 0xF5BF, 0xF4AE, 0xE4AE, 0xE4AE, 0xE4AE,
0xE4AE, 0xE4AE, 0xE4AE, 0xE4AE, 0xE4AE, 0xE4AE, 0xE4AE, 0xE4AE, 0xE4AE, 0xE4AE, 0xE4AE, 0xE4AE, 0xE4AE, 0xE4AE, 0xE4AE, 0xE4AE,
0xE4AE, 0xE4AE, 0xF4AE, 0xF4AE, 0xF4AE, 0xF5BF, 0xF5BF, 0xF5BF, 0xF5BF, 0xF6CF, 0xF6CF, 0xF6CF, 0xF7DF, 0xF7DF, 0xF8EF, 0xFAFF,
0xEBFF, 0xFDFF, 0xFEFF, 0xCFFF, 0x4FFF, 0x0000, 0x0000, 0x0000, 0x0000, 0x0000, 0x0000, 0x0000, 0x0000, 0x0000, 0x0000, 0x0000,
0x0000, 0x0000, 0x0000, 0x0000, 0x0000, 0x0000, 0x0000, 0x0000, 0x0000, 0x0000, 0x0000, 0x0000, 0x0000, 0x0000, 0x0000, 0x0000,
0x0000, 0x0000, 0x0000, 0x0000, 0x0000, 0x0000, 0x0000, 0x0000, 0x0000, 0x0000, 0x0000, 0x0000, 0x0000, 0x0000, 0x0000, 0x0000,
0x0000, 0x0000, 0x0000, 0x0000, 0x0000, 0x0000, 0x0000, 0x0000, 0x0000, 0x0000, 0x0000, 0x0000, 0x0000, 0x0000, 0x0000, 0x0000,
0x0000, 0x0000, 0x0000, 0x0000, 0x0000, 0x0000, 0x0000, 0x0000, 0x0000, 0x0000, 0x18EF, 0x88EF, 0xE8EF, 0xF8EF, 0xF8EF, 0xE8EF,
0xE7DF, 0xF7DF, 0xF7DF, 0xF7DF, 0xF6CF, 0xF6CF, 0xF6CF, 0xF6CF, 0xF6CF, 0xF5BF, 0xF5BF, 0xF5BF, 0xF5BF, 0xF5BF, 0xF5BF, 0xF5BF,
0xF5BE, 0xF4AE, 0xF4AE, 0xF4AE, 0xF4AE, 0xF4AE, 0xF4AE, 0xF4AE, 0xF4AE, 0xF4AE, 0xF4AE, 0xF4AE, 0xF4AE, 0xF4AE, 0xF4AE, 0xF4AE,
0xF5BE, 0xF5BF, 0xF5BF, 0xF5BF, 0xF5BF, 0xF5BF, 0xF6CF, 0xF6CF, 0xF6CF, 0xF6CF, 0xF7DF, 0xF8EF, 0xF8EF, 0xF9FF, 0xEBFF, 0xECFF,
0xFEFF, 0xEFFF, 0x7FFF, 0x0FFF, 0x0000, 0x0000, 0x0000, 0x0000, 0x0000, 0x0000, 0x0000, 0x0000, 0x0000, 0x0000, 0x0000, 0x0000,
0x0000, 0x0000, 0x0000, 0x0000, 0x0000, 0x0000, 0x0000, 0x0000, 0x0000, 0x0000, 0x0000, 0x0000, 0x0000, 0x0000, 0x0000, 0x0000,
0x0000, 0x0000, 0x0000, 0x0000, 0x0000, 0x0000, 0x0000, 0x0000, 0x0000, 0x0000, 0x0000, 0x0000, 0x0000, 0x0000, 0x0000, 0x0000,
0x0000, 0x0000, 0x0000, 0x0000, 0x0000, 0x0000, 0x0000, 0x0000, 0x0000, 0x0000, 0x0000, 0x0000, 0x0000, 0x0000, 0x0000, 0x0000,
0x0000, 0x0000, 0x0000, 0x0000, 0x0000, 0x0000, 0x0000, 0x0000, 0x0000, 0x0000, 0x0000, 0x0000, 0x28EF, 0x99FF, 0xE9FF, 0xF8EF,
0xF8EF, 0xE8EF, 0xE8EF, 0xF7DF, 0xF7DF, 0xF7DF, 0xF7DF, 0xF6CF, 0xF6CF, 0xF6CF, 0xF6CF, 0xF6CF, 0xF6CF, 0xF5BF, 0xF5BF, 0xF5BF,
0xF5BF, 0xF5BF, 0xF5BF, 0xF5BF, 0xF5BF, 0xF5BF, 0xF5BF, 0xF5BF, 0xF5BF, 0xF5BF, 0xF5BF, 0xF5BF, 0xF5BF, 0xF5BF, 0xF5BF, 0xF5BF,
0xF5BF, 0xF5BF, 0xF5BF, 0xF6CF, 0xF6CF, 0xF6CF, 0xF6CF, 0xF7DF, 0xF7DF, 0xF8EF, 0xF8EF, 0xFAFF, 0xEBFF, 0xECFF, 0xFDFF, 0xFFFF,
0xAFFF, 0x2FFF, 0x0000, 0x0000, 0x0000, 0x0000, 0x0000, 0x0000, 0x0000, 0x0000, 0x0000, 0x0000, 0x0000, 0x0000, 0x0000, 0x0000,
0x0000, 0x0000, 0x0000, 0x0000, 0x0000, 0x0000, 0x0000, 0x0000, 0x0000, 0x0000, 0x0000, 0x0000, 0x0000, 0x0000, 0x0000, 0x0000,
0x0000, 0x0000, 0x0000, 0x0000, 0x0000, 0x0000, 0x0000, 0x0000, 0x0000, 0x0000, 0x0000, 0x0000, 0x0000, 0x0000, 0x0000, 0x0000,
0x0000, 0x0000, 0x0000, 0x0000, 0x0000, 0x0000, 0x0000, 0x0000, 0x0000, 0x0000, 0x0000, 0x0000, 0x0000, 0x0000, 0x0000, 0x0000,
0x0000, 0x0000, 0x0000, 0x0000, 0x0000, 0x0000, 0x0000, 0x0000, 0x0000, 0x0000, 0x0000, 0x0000, 0x0000, 0x0000, 0x29FF, 0x89FF,
0xE9FF, 0xF9FF, 0xF9FF, 0xF9FF, 0xE8EF, 0xE8EF, 0xE8EF, 0xF7DF, 0xF7DF, 0xF7DF, 0xF6CF, 0xF6CF, 0xF6CF, 0xF6CF, 0xF6CF, 0xF6CF,
0xF6CF, 0xF6CF, 0xF6CF, 0xF5BF, 0xF5BF, 0xF5BF, 0xF5BF, 0xF5BF, 0xF5BF, 0xF5BF, 0xF5BF, 0xF5BF, 0xF5BF, 0xF5BF, 0xF6CF, 0xF6CF,
0xF6CF, 0xF6CF, 0xF6CF, 0xF6CF, 0xF7DF, 0xF7DF, 0xF7DF, 0xF8EF, 0xF9FF, 0xEAFF, 0xEBFF, 0xECFF, 0xFDFF, 0xFEFF, 0xAFFF, 0x3FFF,
0x0000, 0x0000, 0x0000, 0x0000, 0x0000, 0x0000, 0x0000, 0x0000, 0x0000, 0x0000, 0x0000, 0x0000, 0x0000, 0x0000, 0x0000, 0x0000,
0x0000, 0x0000, 0x0000, 0x0000, 0x0000, 0x0000, 0x0000, 0x0000, 0x0000, 0x0000, 0x0000, 0x0000, 0x0000, 0x0000, 0x0000, 0x0000,
0x0000, 0x0000, 0x0000, 0x0000, 0x0000, 0x0000, 0x0000, 0x0000, 0x0000, 0x0000, 0x0000, 0x0000, 0x0000, 0x0000, 0x0000, 0x0000,
0x0000, 0x0000, 0x0000, 0x0000, 0x0000, 0x0000, 0x0000, 0x0000, 0x0000, 0x0000, 0x0000, 0x0000, 0x0000, 0x0000, 0x0000, 0x0000,
0x0000, 0x0000, 0x0000, 0x0000, 0x0000, 0x0000, 0x0000, 0x0000, 0x0000, 0x0000, 0x0000, 0x0000, 0x0000, 0x0000, 0x0000, 0x0000,
0x19FF, 0x79FF, 0xCAFF, 0xF9FF, 0xF9FF, 0xF9FF, 0xF9FF, 0xE9FF, 0xE8EF, 0xE8EF, 0xF8EF, 0xF7DF, 0xF7DF, 0xF7DF, 0xF6CF, 0xF6CF,
0xF6CF, 0xF6CF, 0xF6CF, 0xF6CF, 0xF6CF, 0xF6CF, 0xF6CF, 0xF6CF, 0xF6CF, 0xF6CF, 0xF6CF, 0xF6CF, 0xF6CF, 0xF6CF, 0xF6CF, 0xF6CF,
0xF6CF, 0xF7DF, 0xF7DF, 0xF7DF, 0xF8EF, 0xF8EF, 0xE9FF, 0xEAFF, 0xEBFF, 0xFCFF, 0xFDFF, 0xFEFF, 0xAFFF, 0x4FFF, 0x0000, 0x0000,
0x0000, 0x0000, 0x0000, 0x0000, 0x0000, 0x0000, 0x0000, 0x0000, 0x0000, 0x0000, 0x0000, 0x0000, 0x0000, 0x0000, 0x0000, 0x0000,
0x0000, 0x0000, 0x0000, 0x0000, 0x0000, 0x0000, 0x0000, 0x0000, 0x0000, 0x0000, 0x0000, 0x0000, 0x0000, 0x0000, 0x0000, 0x0000,
0x0000, 0x0000, 0x0000, 0x0000, 0x0000, 0x0000, 0x0000, 0x0000, 0x0000, 0x0000, 0x0000, 0x0000, 0x0000, 0x0000, 0x0000, 0x0000,
0x0000, 0x0000, 0x0000, 0x0000, 0x0000, 0x0000, 0x0000, 0x0000, 0x0000, 0x0000, 0x0000, 0x0000, 0x0000, 0x0000, 0x0000, 0x0000,
0x0000, 0x0000, 0x0000, 0x0000, 0x0000, 0x0000, 0x0000, 0x0000, 0x0000, 0x0000, 0x0000, 0x0000, 0x0000, 0x0000, 0x0000, 0x0000,
0x0000, 0x0000, 0x0000, 0x3AFF, 0x7AFF, 0xBAFF, 0xEAFF, 0xFAFF, 0xF9FF, 0xF9FF, 0xE9FF, 0xE8EF, 0xE8EF, 0xE8EF, 0xE7DF, 0xF7DF,
0xF7DF, 0xF6CF, 0xF6CF, 0xF6CF, 0xF6CF, 0xF6CF, 0xF6CF, 0xF6CF, 0xF6CF, 0xF6CF, 0xF6CF, 0xF6CF, 0xF6CF, 0xF6CF, 0xF7DF, 0xF7DF,
0xF7DF, 0xF8EF, 0xF8EF, 0xE9FF, 0xEAFF, 0xEBFF, 0xFCFF, 0xFDFF, 0xFDFF, 0xEEFF, 0x9FFF, 0x3FFF, 0x0000, 0x0000, 0x0000, 0x0000,
0x0000, 0x0000, 0x0000, 0x0000, 0x0000, 0x0000, 0x0000, 0x0000, 0x0000, 0x0000, 0x0000, 0x0000, 0x0000, 0x0000, 0x0000, 0x0000,
0x0000, 0x0000, 0x0000, 0x0000, 0x0000, 0x0000, 0x0000, 0x0000, 0x0000, 0x0000, 0x0000, 0x0000, 0x0000, 0x0000, 0x0000, 0x0000,
0x0000, 0x0000, 0x0000, 0x0000, 0x0000, 0x0000, 0x0000, 0x0000, 0x0000, 0x0000, 0x0000, 0x0000, 0x0000, 0x0000, 0x0000, 0x0000,
0x0000, 0x0000, 0x0000, 0x0000, 0x0000, 0x0000, 0x0000, 0x0000, 0x0000, 0x0000, 0x0000, 0x0000, 0x0000, 0x0000, 0x0000, 0x0000,
0x0000, 0x0000, 0x0000, 0x0000, 0x0000, 0x0000, 0x0000, 0x0000, 0x0000, 0x0000, 0x0000, 0x0000, 0x0000, 0x0000, 0x0000, 0x0000,
0x0000, 0x0000, 0x0000, 0x0000, 0x0000, 0x0000, 0x2AFF, 0x6AFF, 0xAAFF, 0xD9FF, 0xF9FF, 0xF9FF, 0xF9FF, 0xF8EF, 0xF7DF, 0xE7DF,
0xE7DF, 0xE6CF, 0xE6CF, 0xE6CF, 0xE6CF, 0xF6CF, 0xF6CF, 0xF6CF, 0xF6CF, 0xF6CF, 0xF6CF, 0xE6CF, 0xE6CF, 0xE7DF, 0xE7DF, 0xE7DF,
0xE8EF, 0xE9FF, 0xE9FF, 0xFAFF, 0xFBFF, 0xFCFF, 0xEDFF, 0xBEFF, 0x6EFF, 0x1EFF, 0x0000, 0x0000, 0x0000, 0x0000, 0x0000, 0x0000,
0x0000, 0x0000, 0x0000, 0x0000, 0x0000, 0x0000, 0x0000, 0x0000, 0x0000, 0x0000, 0x0000, 0x0000, 0x0000, 0x0000, 0x0000, 0x0000,
0x0000, 0x0000, 0x0000, 0x0000, 0x0000, 0x0000, 0x0000, 0x0000, 0x0000, 0x0000, 0x0000, 0x0000, 0x0000, 0x0000, 0x0000, 0x0000,
0x0000, 0x0000, 0x0000, 0x0000, 0x0000, 0x0000, 0x0000, 0x0000, 0x0000, 0x0000, 0x0000, 0x0000, 0x0000, 0x0000, 0x0000, 0x0000,
0x0000, 0x0000, 0x0000, 0x0000, 0x0000, 0x0000, 0x0000, 0x0000, 0x0000, 0x0000, 0x0000, 0x0000, 0x0000, 0x0000, 0x0000, 0x0000,
0x0000, 0x0000, 0x0000, 0x0000, 0x0000, 0x0000, 0x0000, 0x0000, 0x0000, 0x0000, 0x0000, 0x0000, 0x0000, 0x0000, 0x0000, 0x0000,
0x0000, 0x0000, 0x0000, 0x0000, 0x0000, 0x0000, 0x0000, 0x0000, 0x0000, 0x08EF, 0x38EF, 0x68EF, 0xA8EF, 0xC7DF, 0xE7DF, 0xF7DF,
0xF6CF, 0xF6CF, 0xF6CF, 0xF6CF, 0xF6CF, 0xF6CF, 0xF6CF, 0xF6CF, 0xF6CF, 0xF6CF, 0xF6CF, 0xF6CF, 0xF6CF, 0xF7DF, 0xF7DF, 0xF8EF,
0xF8EF, 0xF9FF, 0xFAFF, 0xDAFF, 0xABFF, 0x6CFF, 0x2CFF, 0x0000, 0x0000, 0x0000, 0x0000, 0x0000, 0x0000, 0x0000, 0x0000, 0x0000,
0x0000, 0x0000, 0x0000, 0x0000, 0x0000, 0x0000, 0x0000, 0x0000, 0x0000, 0x0000, 0x0000, 0x0000, 0x0000, 0x0000, 0x0000, 0x0000,
0x0000, 0x0000, 0x0000, 0x0000, 0x0000, 0x0000, 0x0000, 0x0000, 0x0000, 0x0000, 0x0000, 0x0000, 0x0000, 0x0000, 0x0000, 0x0000,
0x0000, 0x0000, 0x0000, 0x0000, 0x0000, 0x0000, 0x0000, 0x0000, 0x0000, 0x0000, 0x0000, 0x0000, 0x0000, 0x0000, 0x0000, 0x0000,
0x0000, 0x0000, 0x0000, 0x0000, 0x0000, 0x0000, 0x0000, 0x0000, 0x0000, 0x0000, 0x0000, 0x0000, 0x0000, 0x0000, 0x0000, 0x0000,
0x0000, 0x0000, 0x0000, 0x0000, 0x0000, 0x0000, 0x0000, 0x0000, 0x0000, 0x0000, 0x0000, 0x0000, 0x0000, 0x0000, 0x0000, 0x0000,
0x0000, 0x0000, 0x0000, 0x0000, 0x0000, 0x0000, 0x0000, 0x0000, 0x0000, 0x0000, 0x0000, 0x0000, 0x0000, 0x0000, 0x25BF, 0x45BF,
0x65BF, 0x95BF, 0xB5BF, 0xC5BF, 0xD5BF, 0xE5BF, 0xE6CF, 0xE6CF, 0xE6CF, 0xE6CF, 0xE6CF, 0xD6CF, 0xD6CF, 0xB7DF, 0xA7DF, 0x97DF,
0x77DF, 0x68EF, 0x48EF, 0x18EF, 0x0000, 0x0000, 0x0000, 0x0000, 0x0000, 0x0000, 0x0000, 0x0000, 0x0000, 0x0000, 0x0000, 0x0000,
0x0000, 0x0000, 0x0000, 0x0000, 0x0000, 0x0000, 0x0000, 0x0000, 0x0000, 0x0000, 0x0000, 0x0000, 0x0000, 0x0000, 0x0000, 0x0000,
0x0000, 0x0000, 0x0000, 0x0000, 0x0000, 0x0000, 0x0000, 0x0000, 0x0000, 0x0000, 0x0000, 0x0000, 0x0000, 0x0000, 0x0000, 0x0000,
0x0000, 0x0000, 0x0000, 0x0000, 0x0000, 0x0000, 0x0000, 0x0000, 0x0000, 0x0000, 0x0000, 0x0000, 0x0000, 0x0000, 0x0000, 0x0000,

};

static const uint16_t LOGO_AERO_ORANGE[128 * 128] = {
0x0000, 0x0000, 0x0000, 0x0000, 0x0000, 0x0000, 0x0000, 0x0000, 0x0000, 0x0000, 0x0000, 0x0000, 0x0000, 0x0000, 0x0000, 0x0000,
0x0000, 0x0000, 0x0000, 0x0000, 0x0000, 0x0000, 0x0000, 0x0000, 0x0000, 0x0000, 0x0000, 0x0000, 0x0000, 0x0000, 0x0000, 0x0000,
0x0000, 0x0000, 0x0000, 0x0000, 0x0000, 0x0000, 0x0000, 0x0000, 0x0000, 0x0000, 0x0000, 0x0000, 0x0000, 0x0000, 0x0000, 0x0000,
0x0000, 0x0000, 0x0000, 0x0000, 0x2E92, 0x3E92, 0x6E92, 0x9E92, 0xBFA3, 0xDFA3, 0xEFA3, 0xEFA3, 0xEFA3, 0xEFB3, 0xEFB3, 0xDFB3,
0xDFB3, 0xCFB4, 0xBFB4, 0x9FB3, 0x8FB3, 0x6FB3, 0x5FA3, 0x4FA3, 0x3FA3, 0x1FA3, 0x0000, 0x0000, 0x0000, 0x0000, 0x0000, 0x0000,
0x0000, 0x0000, 0x0000, 0x0000, 0x0000, 0x0000, 0x0000, 0x0000, 0x0000, 0x0000, 0x0000, 0x0000, 0x0000, 0x0000, 0x0000, 0x0000,
0x0000, 0x0000, 0x0000, 0x0000, 0x0000, 0x0000, 0x0000, 0x0000, 0x0000, 0x0000, 0x0000, 0x0000, 0x0000, 0x0000, 0x0000, 0x0000,
0x0000, 0x0000, 0x0000, 0x0000, 0x0000, 0x0000, 0x0000, 0x0000, 0x0000, 0x0000, 0x0000, 0x0000, 0x0000, 0x0000, 0x0000, 0x0000,
0x0000, 0x0000, 0x0000, 0x0000, 0x0000, 0x0000, 0x0000, 0x0000, 0x0000, 0x0000, 0x0000, 0x0000, 0x0000, 0x0000, 0x0000, 0x0000,
0x0000, 0x0000, 0x0000, 0x0000, 0x0000, 0x0000, 0x0000, 0x0000, 0x0000, 0x0000, 0x0000, 0x0000, 0x0000, 0x0000, 0x0000, 0x0000,
0x0000, 0x0000, 0x0000, 0x0000, 0x0000, 0x0000, 0x0000, 0x0000, 0x0000, 0x0000, 0x0000, 0x0000, 0x0000, 0x0000, 0x0000, 0x0000,
0x2E82, 0x5E82, 0x8E82, 0xCE82, 0xEE92, 0xFE92, 0xFE92, 0xFE92, 0xFE92, 0xFFA3, 0xFFA3, 0xFFA3, 0xFFA3, 0xFFA3, 0xFFA3, 0xFFA3,
0xFFA3, 0xFFA3, 0xFFA3, 0xFFA3, 0xFFA3, 0xFFA3, 0xFFA3, 0xFF93, 0xEE92, 0xEE92, 0xCE92, 0xAE92, 0x8E92, 0x5E92, 0x2E92, 0x0E92,
0x0000, 0x0000, 0x0000, 0x0000, 0x0000, 0x0000, 0x0000, 0x0000, 0x0000, 0x0000, 0x0000, 0x0000, 0x0000, 0x0000, 0x0000, 0x0000,
0x0000, 0x0000, 0x0000, 0x0000, 0x0000, 0x0000, 0x0000, 0x0000, 0x0000, 0x0000, 0x0000, 0x0000, 0x0000, 0x0000, 0x0000, 0x0000,
0x0000, 0x0000, 0x0000, 0x0000, 0x0000, 0x0000, 0x0000, 0x0000, 0x0000, 0x0000, 0x0000, 0x0000, 0x0000, 0x0000, 0x0000, 0x0000,
0x0000, 0x0000, 0x0000, 0x0000, 0x0000, 0x0000, 0x0000, 0x0000, 0x0000, 0x0000, 0x0000, 0x0000, 0x0000, 0x0000, 0x0000, 0x0000,
0x0000, 0x0000, 0x0000, 0x0000, 0x0000, 0x0000, 0x0000, 0x0000, 0x0000, 0x0000, 0x0000, 0x0000, 0x0000, 0x0000, 0x0000, 0x0000,
0x0000, 0x0000, 0x0000, 0x0000, 0x0000, 0x0000, 0x0000, 0x0000, 0x0000, 0x0000, 0x0000, 0x0000, 0x0E82, 0x4E82, 0x8E82, 0xCE82,
0xEE82, 0xFE82, 0xFE82, 0xFE82, 0xFE92, 0xFE92, 0xEE92, 0xEE92, 0xEFA3, 0xEFA3, 0xFFA3, 0xFFA3, 0xFFA3, 0xFFA3, 0xFFA3, 0xEFA3,
0xEFA3, 0xEFA3, 0xEFA3, 0xEFA3, 0xEFA3, 0xEFA3, 0xEE93, 0xEE92, 0xFE92, 0xFE92, 0xFE92, 0xFE92, 0xFE92, 0xFE92, 0xFE92, 0xDE92,
0xAE92, 0x7E92, 0x3E92, 0x0000, 0x0000, 0x0000, 0x0000, 0x0000, 0x0000, 0x0000, 0x0000, 0x0000, 0x0000, 0x0000, 0x0000, 0x0000,
0x0000, 0x0000, 0x0000, 0x0000, 0x0000, 0x0000, 0x0000, 0x0000, 0x0000, 0x0000, 0x0000, 0x0000, 0x0000, 0x0000, 0x0000, 0x0000,
0x0000, 0x0000, 0x0000, 0x0000, 0x0000, 0x0000, 0x0000, 0x0000, 0x0000, 0x0000, 0x0000, 0x0000, 0x0000, 0x0000, 0x0000, 0x0000,
0x0000, 0x0000, 0x0000, 0x0000, 0x0000, 0x0000, 0x0000, 0x0000, 0x0000, 0x0000, 0x0000, 0x0000, 0x0000, 0x0000, 0x0000, 0x0000,
0x0000, 0x0000, 0x0000, 0x0000, 0x0000, 0x0000, 0x0000, 0x0000, 0x0000, 0x0000, 0x0000, 0x0000, 0x0000, 0x0000, 0x0000, 0x0000,
0x0000, 0x0000, 0x0000, 0x0000, 0x0000, 0x0000, 0x0000, 0x0000, 0x0000, 0x0000, 0x2E82, 0x8E81, 0xDE82, 0xFE82, 0xFE82, 0xFE82,
0xFE82, 0xEE82, 0xEE92, 0xEE92, 0xEE92, 0xFE92, 0xFE92, 0xFFA3, 0xFFA3, 0xFFA3, 0xFFA3, 0xFFA3, 0xFFB3, 0xFFA3, 0xFFA3, 0xFFA3,
0xFFA3, 0xFFA3, 0xFFA3, 0xFFA3, 0xFFA3, 0xFFA3, 0xFFA3, 0xFE93, 0xFE92, 0xEE92, 0xEE92, 0xEE92, 0xEE92, 0xEE92, 0xFE92, 0xFE92,
0xFE92, 0xFE92, 0xFE92, 0xCE92, 0x8E92, 0x4E92, 0x0E92, 0x0000, 0x0000, 0x0000, 0x0000, 0x0000, 0x0000, 0x0000, 0x0000, 0x0000,
0x0000, 0x0000, 0x0000, 0x0000, 0x0000, 0x0000, 0x0000, 0x0000, 0x0000, 0x0000, 0x0000, 0x0000, 0x0000, 0x0000, 0x0000, 0x0000,
0x0000, 0x0000, 0x0000, 0x0000, 0x0000, 0x0000, 0x0000, 0x0000, 0x0000, 0x0000, 0x0000, 0x0000, 0x0000, 0x0000, 0x0000, 0x0000,
0x0000, 0x0000, 0x0000, 0x0000, 0x0000, 0x0000, 0x0000, 0x0000, 0x0000, 0x0000, 0x0000, 0x0000, 0x0000, 0x0000, 0x0000, 0x0000,
0x0000, 0x0000, 0x0000, 0x0000, 0x0000, 0x0000, 0x0000, 0x0000, 0x0000, 0x0000, 0x0000, 0x0000, 0x0000, 0x0000, 0x0000, 0x0000,
0x0000, 0x0000, 0x0000, 0x0000, 0x0000, 0x0000, 0x0000, 0x0000, 0x2E81, 0x9E81, 0xEE82, 0xFE82, 0xFE82, 0xEE82, 0xEE82, 0xEE92,
0xEE92, 0xFE92, 0xFE92, 0xFE92, 0xFFA3, 0xFFA3, 0xFFA3, 0xFFA3, 0xFFA3, 0xFFB3, 0xFFB3, 0xFFB3, 0xFFB4, 0xFFB3, 0xFFB3, 0xFFB3,
0xFFB3, 0xFFA3, 0xFFA3, 0xFFA3, 0xFFA3, 0xFFA3, 0xFFA3, 0xFFA3, 0xFFA3, 0xFFA3, 0xFFA3, 0xFFA3, 0xFE92, 0xFE92, 0xEE92, 0xEE92,
0xEE92, 0xEE92, 0xEE92, 0xFE92, 0xFE92, 0xFE92, 0xDE92, 0x8E92, 0x3E92, 0x0000, 0x0000, 0x0000, 0x0000, 0x0000, 0x0000, 0x0000,
0x0000, 0x0000, 0x0000, 0x0000, 0x0000, 0x0000, 0x0000, 0x0000, 0x0000, 0x0000, 0x0000, 0x0000, 0x0000, 0x0000, 0x0000, 0x0000,
0x0000, 0x0000, 0x0000, 0x0000, 0x0000, 0x0000, 0x0000, 0x0000, 0x0000, 0x0000, 0x0000, 0x0000, 0x0000, 0x0000, 0x0000, 0x0000,
0x0000, 0x0000, 0x0000, 0x0000, 0x0000, 0x0000, 0x0000, 0x0000, 0x0000, 0x0000, 0x0000, 0x0000, 0x0000, 0x0000, 0x0000, 0x0000,
0x0000, 0x0000, 0x0000, 0x0000, 0x0000, 0x0000, 0x0000, 0x0000, 0x0000, 0x0000, 0x0000, 0x0000, 0x0000, 0x0000, 0x0000, 0x0000,
0x0000, 0x0000, 0x0000, 0x0000, 0x0000, 0x0000, 0x2E81, 0x9E81, 0xEE81, 0xFE82, 0xFE82, 0xEE82, 0xEE92, 0xFE92, 0xFE92, 0xFE92,
0xFFA3, 0xFFA3, 0xFFA3, 0xFFA3, 0xFFA3, 0xFFB3, 0xFFB4, 0xFFB4, 0xFFB4, 0xFFB4, 0xFFB4, 0xFFB4, 0xFFB4, 0xFFB4, 0xFFB4, 0xFFB4,
0xFFB4, 0xFFB4, 0xFFB4, 0xFFB4, 0xFFB3, 0xFFB3, 0xFFB3, 0xFFA3, 0xFFA3, 0xFFA3, 0xFFA3, 0xFFA3, 0xFFA3, 0xFFA3, 0xFFA3, 0xFFA3,
0xFF93, 0xFE92, 0xFE92, 0xEE92, 0xEE92, 0xEE92, 0xFE92, 0xFE92, 0xFE92, 0xCE92, 0x8E92, 0x2E92, 0x0000, 0x0000, 0x0000, 0x0000,
0x0000, 0x0000, 0x0000, 0x0000, 0x0000, 0x0000, 0x0000, 0x0000, 0x0000, 0x0000, 0x0000, 0x0000, 0x0000, 0x0000, 0x0000, 0x0000,
0x0000, 0x0000, 0x0000, 0x0000, 0x0000, 0x0000, 0x0000, 0x0000, 0x0000, 0x0000, 0x0000, 0x0000, 0x0000, 0x0000, 0x0000, 0x0000,
0x0000, 0x0000, 0x0000, 0x0000, 0x0000, 0x0000, 0x0000, 0x0000, 0x0000, 0x0000, 0x0000, 0x0000, 0x0000, 0x0000, 0x0000, 0x0000,
0x0000, 0x0000, 0x0000, 0x0000, 0x0000, 0x0000, 0x0000, 0x0000, 0x0000, 0x0000, 0x0000, 0x0000, 0x0000, 0x0000, 0x0000, 0x0000,
0x0000, 0x0000, 0x0000, 0x0000, 0x2E81, 0x9E81, 0xEE81, 0xFE82, 0xFE82, 0xEE82, 0xEE92, 0xFE92, 0xFE92, 0xFFA3, 0xFFA3, 0xFFA3,
0xFFB3, 0xFFB4, 0xFFB4, 0xFFB4, 0xFFC4, 0xFFC5, 0xFFC5, 0xFFC5, 0xFFC5, 0xFFD5, 0xFFD5, 0xFFD5, 0xFFC5, 0xFFC5, 0xFFC5, 0xFFC5,
0xFFC5, 0xFFC4, 0xFFC4, 0xFFC4, 0xFFB4, 0xFFB4, 0xFFB4, 0xFFB4, 0xFFB4, 0xFFB4, 0xFFB3, 0xFFB3, 0xFFB3, 0xFFA3, 0xFFA3, 0xFFA3,
0xFFA3, 0xFFA3, 0xFFA3, 0xFFA3, 0xFF93, 0xFE92, 0xEE92, 0xEE92, 0xEE92, 0xFE92, 0xFE92, 0xEE92, 0xAE92, 0x3E92, 0x0000, 0x0000,
0x0000, 0x0000, 0x0000, 0x0000, 0x0000, 0x0000, 0x0000, 0x0000, 0x0000, 0x0000, 0x0000, 0x0000, 0x0000, 0x0000, 0x0000, 0x0000,
0x0000, 0x0000, 0x0000, 0x0000, 0x0000, 0x0000, 0x0000, 0x0000, 0x0000, 0x0000, 0x0000, 0x0000, 0x0000, 0x0000, 0x0000, 0x0000,
0x0000, 0x0000, 0x0000, 0x0000, 0x0000, 0x0000, 0x0000, 0x0000, 0x0000, 0x0000, 0x0000, 0x0000, 0x0000, 0x0000, 0x0000, 0x0000,
0x0000, 0x0000, 0x0000, 0x0000, 0x0000, 0x0000, 0x0000, 0x0000, 0x0000, 0x0000, 0x0000, 0x0000, 0x0000, 0x0000, 0x0000, 0x0000,
0x0000, 0x0000, 0x1E81, 0x8E81, 0xEE81, 0xFE82, 0xFE82, 0xEE82, 0xEE92, 0xFE92, 0xFE92, 0xFFA3, 0xFFA3, 0xFFB3, 0xFFB4, 0xFFB4,
0xFFC4, 0xFFC5, 0xFFD5, 0xFFD5, 0xEFD6, 0xEFE6, 0xEFE6, 0xEFE7, 0xEFE7, 0xEFE7, 0xEFE7, 0xEFE7, 0xEFE7, 0xEFE6, 0xEFE6, 0xEFE6,
0xEFE6, 0xEFD6, 0xEFD6, 0xEFD5, 0xEFD5, 0xFFC5, 0xFFC5, 0xFFC5, 0xFFC5, 0xFFC4, 0xFFC4, 0xFFB4, 0xFFB4, 0xFFB4, 0xFFB4, 0xFFB3,
0xFFB3, 0xFFA3, 0xFFA3, 0xFFA3, 0xFFA3, 0xFFA3, 0xFFA3, 0xFFA3, 0xFE92, 0xEE92, 0xEE92, 0xFE92, 0xFE92, 0xFE92, 0xAE92, 0x3E92,
0x0000, 0x0000, 0x0000, 0x0000, 0x0000, 0x0000, 0x0000, 0x0000, 0x0000, 0x0000, 0x0000, 0x0000, 0x0000, 0x0000, 0x0000, 0x0000,
0x0000, 0x0000, 0x0000, 0x0000, 0x0000, 0x0000, 0x0000, 0x0000, 0x0000, 0x0000, 0x0000, 0x0000, 0x0000, 0x0000, 0x0000, 0x0000,
0x0000, 0x0000, 0x0000, 0x0000, 0x0000, 0x0000, 0x0000, 0x0000, 0x0000, 0x0000, 0x0000, 0x0000, 0x0000, 0x0000, 0x0000, 0x0000,
0x0000, 0x0000, 0x0000, 0x0000, 0x0000, 0x0000, 0x0000, 0x0000, 0x0000, 0x0000, 0x0000, 0x0000, 0x0000, 0x0000, 0x0000, 0x0000,
0x0000, 0x6E81, 0xDE81, 0xFE82, 0xFE82, 0xEE82, 0xEE92, 0xFE92, 0xFE92, 0xFFA3, 0xFFA3, 0xFFB4, 0xFFB4, 0xFFC5, 0xFFD5, 0xFFD6,
0xEFE6, 0xEFE7, 0xEFF7, 0xEFF8, 0xFFF8, 0xFFF8, 0xFFF9, 0xFFF9, 0xFFF9, 0xFFF9, 0xFFF9, 0xFFF8, 0xFFF8, 0xFFF8, 0xFFF8, 0xFFF8,
0xFFF7, 0xFFF7, 0xFFF7, 0xFFF7, 0xFFE7, 0xEFE6, 0xEFE6, 0xEFE6, 0xEFD6, 0xEFD5, 0xEFD5, 0xFFC5, 0xFFC5, 0xFFC5, 0xFFC4, 0xFFB4,
0xFFB4, 0xFFB4, 0xFFB4, 0xFFB3, 0xFFA3, 0xFFA3, 0xFFA3, 0xFFA3, 0xFFA3, 0xFFA3, 0xFFA3, 0xEE92, 0xEE92, 0xEE92, 0xFE92, 0xEE92,
0x9E92, 0x1E92, 0x0000, 0x0000, 0x0000, 0x0000, 0x0000, 0x0000, 0x0000, 0x0000, 0x0000, 0x0000, 0x0000, 0x0000, 0x0000, 0x0000,
0x0000, 0x0000, 0x0000, 0x0000, 0x0000, 0x0000, 0x0000, 0x0000, 0x0000, 0x0000, 0x0000, 0x0000, 0x0000, 0x0000, 0x0000, 0x0000,
0x0000, 0x0000, 0x0000, 0x0000, 0x0000, 0x0000, 0x0000, 0x0000, 0x0000, 0x0000, 0x0000, 0x0000, 0x0000, 0x0000, 0x0000, 0x0000,
0x0000, 0x0000, 0x0000, 0x0000, 0x0000, 0x0000, 0x0000, 0x0000, 0x0000, 0x0000, 0x0000, 0x0000, 0x0000, 0x0000, 0x0000, 0x2E81,
0xCE81, 0xFE82, 0xFE82, 0xEE82, 0xEE92, 0xFE92, 0xFE92, 0xFFA3, 0xFFA3, 0xFFB4, 0xFFC4, 0xFFC5, 0xFFD6, 0xEFE6, 0xEFF7, 0xEFF8,
0xFFF9, 0xFFF9, 0xFFF9, 0xFFFA, 0xEFFA, 0xCFFA, 0xAFFA, 0x8FFA, 0x7FFA, 0x6FF9, 0x5FF9, 0x5FF9, 0x5FF9, 0x6FF9, 0x7FF9, 0x8FF8,
0x9FF8, 0xBFF8, 0xCFF8, 0xDFF8, 0xEFF8, 0xFFF8, 0xFFF8, 0xFFF7, 0xFFF7, 0xFFF7, 0xFFE7, 0xEFE6, 0xEFE6, 0xEFD6, 0xEFD5, 0xEFC5,
0xFFC5, 0xFFC4, 0xFFC4, 0xFFB4, 0xFFB4, 0xFFB4, 0xFFB3, 0xFFA3, 0xFFA3, 0xFFA3, 0xFFA3, 0xFFA3, 0xFFA3, 0xFFA3, 0xEE92, 0xFE92,
0xFE92, 0xDE92, 0x6E92, 0x0000, 0x0000, 0x0000, 0x0000, 0x0000, 0x0000, 0x0000, 0x0000, 0x0000, 0x0000, 0x0000, 0x0000, 0x0000,
0x0000, 0x0000, 0x0000, 0x0000, 0x0000, 0x0000, 0x0000, 0x0000, 0x0000, 0x0000, 0x0000, 0x0000, 0x0000, 0x0000, 0x0000, 0x0000,
0x0000, 0x0000, 0x0000, 0x0000, 0x0000, 0x0000, 0x0000, 0x0000, 0x0000, 0x0000, 0x0000, 0x0000, 0x0000, 0x0000, 0x0000, 0x0000,
0x0000, 0x0000, 0x0000, 0x0000, 0x0000, 0x0000, 0x0000, 0x0000, 0x0000, 0x0000, 0x0000, 0x0000, 0x0000, 0x0000, 0x6E81, 0xEE81,
0xFE82, 0xEE82, 0xEE82, 0xFE92, 0xFE92, 0xFFA3, 0xFFA3, 0xFFB4, 0xFFC4, 0xFFC5, 0xFFE6, 0xEFF7, 0xEFF8, 0xFFF9, 0xFFFA, 0xFFFA,
0xDFFA, 0xAFFA, 0x8FFA, 0x5FFA, 0x2FFA, 0x0000, 0x0000, 0x0000, 0x0000, 0x0000, 0x0000, 0x0000, 0x0000, 0x0000, 0x0000, 0x0000,
0x0000, 0x0000, 0x0000, 0x0FF8, 0x1FF8, 0x3FF8, 0x5FF8, 0x8FF8, 0xAFF8, 0xCFF8, 0xEFF8, 0xFFF7, 0xFFF7, 0xFFF7, 0xFFE6, 0xFFE6,
0xEFD6, 0xEFD5, 0xEFC5, 0xFFC5, 0xFFC4, 0xFFB4, 0xFFB4, 0xFFB4, 0xFFB3, 0xFFB3, 0xFFA3, 0xFFA3, 0xFFA3, 0xFFA3, 0xFFA3, 0xFFA3,
0xEE92, 0xFE92, 0xFE92, 0xBE92, 0x3E92, 0x0000, 0x0000, 0x0000, 0x0000, 0x0000, 0x0000, 0x0000, 0x0000, 0x0000, 0x0000, 0x0000,
0x0000, 0x0000, 0x0000, 0x0000, 0x0000, 0x0000, 0x0000, 0x0000, 0x0000, 0x0000, 0x0000, 0x0000, 0x0000, 0x0000, 0x0000, 0x0000,
0x0000, 0x0000, 0x0000, 0x0000, 0x0000, 0x0000, 0x0000, 0x0000, 0x0000, 0x0000, 0x0000, 0x0000, 0x0000, 0x0000, 0x0000, 0x0000,
0x0000, 0x0000, 0x0000, 0x0000, 0x0000, 0x0000, 0x0000, 0x0000, 0x0000, 0x0000, 0x0000, 0x0000, 0x2E81, 0xBE81, 0xFE82, 0xFE82,
0xEE82, 0xFE92, 0xFE92, 0xFFA3, 0xFFA3, 0xFFB4, 0xFFB4, 0xFFC5, 0xFFD6, 0xEFF7, 0xEFF8, 0xFFF9, 0xFFFA, 0xDFFB, 0x8FFB, 0x3FFB,
0x0FFA, 0x0000, 0x0000, 0x0000, 0x0000, 0x0000, 0x0000, 0x0000, 0x0000, 0x0000, 0x0000, 0x0000, 0x0000, 0x0000, 0x0000, 0x0000,
0x0000, 0x0000, 0x0000, 0x0000, 0x0000, 0x0000, 0x0000, 0x0000, 0x0000, 0x0000, 0x1FF8, 0x3FF8, 0x5FF8, 0x8FF8, 0xBFF7, 0xEFF7,
0xFFE7, 0xFFE6, 0xFFE6, 0xEFD6, 0xEFD5, 0xEFC5, 0xFFC4, 0xFFB4, 0xFFB4, 0xFFB4, 0xFFB3, 0xFFB3, 0xFFA3, 0xFFA3, 0xFFA3, 0xFFA3,
0xFFA3, 0xEFA3, 0xEE92, 0xFE92, 0xEE92, 0x7E92, 0x0000, 0x0000, 0x0000, 0x0000, 0x0000, 0x0000, 0x0000, 0x0000, 0x0000, 0x0000,
0x0000, 0x0000, 0x0000, 0x0000, 0x0000, 0x0000, 0x0000, 0x0000, 0x0000, 0x0000, 0x0000, 0x0000, 0x0000, 0x0000, 0x0000, 0x0000,
0x0000, 0x0000, 0x0000, 0x0000, 0x0000, 0x0000, 0x0000, 0x0000, 0x0000, 0x0000, 0x0000, 0x0000, 0x0000, 0x0000, 0x0000, 0x0000,
0x0000, 0x0000, 0x0000, 0x0000, 0x0000, 0x0000, 0x0000, 0x0000, 0x0000, 0x0000, 0x0000, 0x7E81, 0xEE81, 0xFE82, 0xEE82, 0xEE92,
0xFE92, 0xFE92, 0xFFA3, 0xFFB3, 0xFFB4, 0xFFC5, 0xFFD6, 0xEFF7, 0xEFF8, 0xFFFA, 0xFFFB, 0xCFFB, 0x6FFB, 0x0FFB, 0x0000, 0x0000,
0x0000, 0x0000, 0x0000, 0x0000, 0x0000, 0x0000, 0x0000, 0x0000, 0x0000, 0x0000, 0x0000, 0x0000, 0x0000, 0x0000, 0x0000, 0x0000,
0x0000, 0x0000, 0x0000, 0x0000, 0x0000, 0x0000, 0x0000, 0x0000, 0x0000, 0x0000, 0x0000, 0x0000, 0x0000, 0x0000, 0x0000, 0x1FF7,
0x5FF7, 0x9FF7, 0xDFE7, 0xFFE6, 0xFFE6, 0xFFD6, 0xEFD5, 0xEFC5, 0xFFC4, 0xFFB4, 0xFFB4, 0xFFB4, 0xFFB3, 0xFFB3, 0xFFA3, 0xFFA3,
0xFFA3, 0xFFA3, 0xFFA3, 0xEFA3, 0xFE92, 0xFE92, 0xBE92, 0x2E92, 0x0000, 0x0000, 0x0000, 0x0000, 0x0000, 0x0000, 0x0000, 0x0000,
0x0000, 0x0000, 0x0000, 0x0000, 0x0000, 0x0000, 0x0000, 0x0000, 0x0000, 0x0000, 0x0000, 0x0000, 0x0000, 0x0000, 0x0000, 0x0000,
0x0000, 0x0000, 0x0000, 0x0000, 0x0000, 0x0000, 0x0000, 0x0000, 0x0000, 0x0000, 0x0000, 0x0000, 0x0000, 0x0000, 0x0000, 0x0000,
0x0000, 0x0000, 0x0000, 0x0000, 0x0000, 0x0000, 0x0000, 0x0000, 0x0000, 0x1E81, 0xBE81, 0xFE82, 0xFE82, 0xEE82, 0xFE92, 0xFE92,
0xFFA3, 0xFFA3, 0xFFB4, 0xFFC4, 0xFFD5, 0xFFE6, 0xEFF8, 0xFFF9, 0xFFFB, 0xDFFC, 0x6FFB, 0x0FFB, 0x0000, 0x0000, 0x0000, 0x0000,
0x0000, 0x0000, 0x0000, 0x0000, 0x0000, 0x0000, 0x0000, 0x0000, 0x0000, 0x0000, 0x0000, 0x0000, 0x0000, 0x0000, 0x0000, 0x0000,
0x0000, 0x0000, 0x0000, 0x0000, 0x0000, 0x0000, 0x0000, 0x0000, 0x0000, 0x0000, 0x0000, 0x0000, 0x0000, 0x0000, 0x0000, 0x0000,
0x0000, 0x0000, 0x1FE7, 0x5FE7, 0xAFE7, 0xEFE6, 0xFFE6, 0xFFD6, 0xEFD5, 0xEFC5, 0xFFC4, 0xFFB4, 0xFFB4, 0xFFB4, 0xFFB3, 0xFFA3,
0xFFA3, 0xFFA3, 0xFFA3, 0xFFA3, 0xEFA3, 0xEF93, 0xFE92, 0xEE92, 0x5E92, 0x0000, 0x0000, 0x0000, 0x0000, 0x0000, 0x0000, 0x0000,
0x0000, 0x0000, 0x0000, 0x0000, 0x0000, 0x0000, 0x0000, 0x0000, 0x0000, 0x0000, 0x0000, 0x0000, 0x0000, 0x0000, 0x0000, 0x0000,
0x0000, 0x0000, 0x0000, 0x0000, 0x0000, 0x0000, 0x0000, 0x0000, 0x0000, 0x0000, 0x0000, 0x0000, 0x0000, 0x0000, 0x0000, 0x0000,
0x0000, 0x0000, 0x0000, 0x0000, 0x0000, 0x0000, 0x0000, 0x0000, 0x5E81, 0xDE81, 0xFE82, 0xEE82, 0xEE92, 0xFE92, 0xFE92, 0xFFA3,
0xFFB3, 0xFFB4, 0xFFC5, 0xFFE6, 0xEFF7, 0xEFF9, 0xFFFA, 0xEFFB, 0x7FFC, 0x1FFB, 0x0000, 0x0000, 0x0000, 0x0000, 0x0000, 0x0000,
0x0000, 0x0000, 0x0000, 0x0000, 0x0000, 0x0000, 0x0000, 0x0000, 0x0000, 0x0000, 0x0000, 0x0000, 0x0000, 0x0000, 0x0000, 0x0000,
0x0000, 0x0000, 0x0000, 0x0000, 0x0000, 0x0000, 0x0000, 0x0000, 0x0000, 0x0000, 0x0000, 0x0000, 0x0000, 0x0000, 0x0000, 0x0000,
0x0000, 0x0000, 0x0000, 0x0000, 0x0000, 0x1FE6, 0x7FE6, 0xCFE6, 0xFFD6, 0xFFD5, 0xEFC5, 0xEFC5, 0xFFC4, 0xFFB4, 0xFFB4, 0xFFB4,
0xFFB3, 0xFFA3, 0xFFA3, 0xFFA3, 0xFFA3, 0xFFA3, 0xEFA3, 0xFFA3, 0xFF93, 0x8FA3, 0x0000, 0x0000, 0x0000, 0x0000, 0x0000, 0x0000,
0x0000, 0x0000, 0x0000, 0x0000, 0x0000, 0x0000, 0x0000, 0x0000, 0x0000, 0x0000, 0x0000, 0x0000, 0x0000, 0x0000, 0x0000, 0x0000,
0x0000, 0x0000, 0x0000, 0x0000, 0x0000, 0x0000, 0x0000, 0x0000, 0x0000, 0x0000, 0x0000, 0x0000, 0x0000, 0x0000, 0x0000, 0x0000,
0x0000, 0x0000, 0x0000, 0x0000, 0x0000, 0x0000, 0x0000, 0x8E81, 0xFE81, 0xFE82, 0xEE82, 0xFE92, 0xFE92, 0xFFA3, 0xFFA3, 0xFFB4,
0xFFC4, 0xFFD5, 0xFFE7, 0xEFF8, 0xFFFA, 0xFFFB, 0xAFFC, 0x2FFC, 0x0000, 0x0000, 0x0000, 0x0000, 0x0000, 0x0000, 0x0000, 0x0000,
0x0000, 0x0000, 0x0000, 0x0000, 0x0000, 0x0000, 0x0000, 0x0000, 0x0000, 0x0000, 0x0000, 0x0000, 0x0000, 0x0000, 0x0000, 0x0000,
0x0000, 0x0000, 0x0000, 0x0000, 0x0000, 0x0000, 0x0000, 0x0000, 0x0000, 0x0000, 0x0000, 0x0000, 0x0000, 0x0000, 0x0000, 0x0000,
0x0000, 0x0000, 0x0000, 0x0000, 0x0000, 0x0000, 0x0000, 0x0FE6, 0x5FE6, 0xCFD6, 0xFFD6, 0xFFD5, 0xEFC5, 0xEFC4, 0xFFB4, 0xFFB4,
0xFFB4, 0xFFB3, 0xFFB3, 0xFFA3, 0xFFA3, 0xFFA3, 0xFFA3, 0xEFA3, 0xEFA3, 0xFFA3, 0xAFA3, 0x0000, 0x0000, 0x0000, 0x0000, 0x0000,
0x0000, 0x0000, 0x0000, 0x0000, 0x0000, 0x0000, 0x0000, 0x0000, 0x0000, 0x0000, 0x0000, 0x0000, 0x0000, 0x0000, 0x0000, 0x0000,
0x0000, 0x0000, 0x0000, 0x0000, 0x0000, 0x0000, 0x0000, 0x0000, 0x0000, 0x0000, 0x0000, 0x0000, 0x0000, 0x0000, 0x0000, 0x0000,
0x0000, 0x0000, 0x0000, 0x0000, 0x0000, 0x0000, 0x8E81, 0xFE82, 0xEE82, 0xEE82, 0xFE92, 0xFE92, 0xFFA3, 0xFFA3, 0xFFB4, 0xFFC5,
0xFFD6, 0xEFF7, 0xEFF9, 0xFFFB, 0xDFFC, 0x4FFC, 0x0000, 0x0000, 0x0000, 0x0000, 0x0000, 0x0000, 0x0000, 0x0000, 0x0000, 0x0000,
0x0000, 0x0000, 0x0000, 0x0000, 0x0000, 0x0000, 0x0000, 0x0000, 0x0000, 0x0000, 0x0000, 0x0000, 0x0000, 0x0000, 0x0000, 0x0000,
0x0000, 0x0000, 0x0000, 0x0000, 0x0000, 0x0000, 0x0000, 0x0000, 0x0000, 0x0000, 0x0000, 0x0000, 0x0000, 0x0000, 0x0000, 0x0000,
0x0000, 0x0000, 0x0000, 0x0000, 0x0000, 0x0000, 0x0000, 0x0000, 0x0000, 0x0000, 0x5FD6, 0xCFD5, 0xFFD5, 0xFFC5, 0xEFC4, 0xFFB4,
0xFFB4, 0xFFB4, 0xFFB3, 0xFFA3, 0xFFA3, 0xFFA3, 0xFFA3, 0xFFA3, 0xFFA3, 0xEFA3, 0xFFA3, 0xAFA3, 0x0000, 0x0000, 0x0000, 0x0000,
0x0000, 0x0000, 0x0000, 0x0000, 0x0000, 0x0000, 0x0000, 0x0000, 0x0000, 0x0000, 0x0000, 0x0000, 0x0000, 0x0000, 0x0000, 0x0000,
0x0000, 0x0000, 0x0000, 0x0000, 0x0000, 0x0000, 0x0000, 0x0000, 0x0000, 0x0000, 0x0000, 0x0000, 0x0000, 0x0000, 0x0000, 0x0000,
0x0000, 0x0000, 0x0000, 0x0000, 0x0000, 0x8E81, 0xFE82, 0xEE82, 0xFE82, 0xFE92, 0xFE92, 0xFFA3, 0xFFB3, 0xFFC4, 0xFFD5, 0xFFE7,
0xEFF8, 0xFFFA, 0xFFFB, 0x8FFC, 0x1FFC, 0x0000, 0x0000, 0x0000, 0x0000, 0x0000, 0x0000, 0x0000, 0x0000, 0x0000, 0x0000, 0x0000,
0x0000, 0x0000, 0x0000, 0x0000, 0x0000, 0x0000, 0x0000, 0x0000, 0x0000, 0x0000, 0x0000, 0x0000, 0x0000, 0x0000, 0x0000, 0x0000,
0x0000, 0x0000, 0x0000, 0x0000, 0x0000, 0x0000, 0x0000, 0x0000, 0x0000, 0x0000, 0x0000, 0x0000, 0x0000, 0x0000, 0x0000, 0x0000,
0x0000, 0x0000, 0x0000, 0x0000, 0x0000, 0x0000, 0x0000, 0x0000, 0x0000, 0x0000, 0x0000, 0x0FD5, 0x6FD5, 0xEFD5, 0xFFC5, 0xEFC4,
0xFFB4, 0xFFB4, 0xFFB4, 0xFFB3, 0xFFB3, 0xFFA3, 0xFFA3, 0xFFA3, 0xFFA3, 0xFFA3, 0xEFA3, 0xFFA3, 0x9FA3, 0x0000, 0x0000, 0x0000,
0x0000, 0x0000, 0x0000, 0x0000, 0x0000, 0x0000, 0x0000, 0x0000, 0x0000, 0x0000, 0x0000, 0x0000, 0x0000, 0x0000, 0x0000, 0x0000,
0x0000, 0x0000, 0x0000, 0x0000, 0x0000, 0x0000, 0x0000, 0x0000, 0x0000, 0x0000, 0x0000, 0x0000, 0x0000, 0x0000, 0x0000, 0x0000,
0x0000, 0x0000, 0x0000, 0x0E81, 0xAE81, 0xFE82, 0xEE82, 0xFE92, 0xFE92, 0xFFA3, 0xFFA3, 0xFFB4, 0xFFC4, 0xFFD5, 0xFFF7, 0xEFF9,
0xFFFA, 0xDFFC, 0x4FFC, 0x0000, 0x0000, 0x0000, 0x0000, 0x0000, 0x0000, 0x0000, 0x0000, 0x0000, 0x0000, 0x0000, 0x0000, 0x0000,
0x0000, 0x0000, 0x0000, 0x0000, 0x0000, 0x0000, 0x0000, 0x0000, 0x0000, 0x0000, 0x0000, 0x0000, 0x0000, 0x0000, 0x0000, 0x0000,
0x0000, 0x0000, 0x0000, 0x0000, 0x0000, 0x0000, 0x0000, 0x0000, 0x0000, 0x0000, 0x0000, 0x0000, 0x0000, 0x0000, 0x0000, 0x0000,
0x0000, 0x0000, 0x0000, 0x0000, 0x0000, 0x0000, 0x0000, 0x0000, 0x0000, 0x0000, 0x0000, 0x0000, 0x0000, 0x2FC5, 0xAFC5, 0xFFC5,
0xEFC4, 0xEFB4, 0xFFB4, 0xFFB4, 0xFFB3, 0xFFA3, 0xFFA3, 0xFFA3, 0xFFA3, 0xFFA3, 0xFFA3, 0xEFA3, 0xFFA3, 0x8FA3, 0x0000, 0x0000,
0x0000, 0x0000, 0x0000, 0x0000, 0x0000, 0x0000, 0x0000, 0x0000, 0x0000, 0x0000, 0x0000, 0x0000, 0x0000, 0x0000, 0x0000, 0x0000,
0x0000, 0x0000, 0x0000, 0x0000, 0x0000, 0x0000, 0x0000, 0x0000, 0x0000, 0x0000, 0x0000, 0x0000, 0x0000, 0x0000, 0x0000, 0x0000,
0x0000, 0x0000, 0x2E81, 0xCE81, 0xFE82, 0xEE82, 0xFE92, 0xFE92, 0xFFA3, 0xFFA3, 0xFFB4, 0xFFC5, 0xFFD6, 0xEFF7, 0xEFF9, 0xFFFB,
0xAFFC, 0x1FFC, 0x0000, 0x0000, 0x0000, 0x0000, 0x0000, 0x0000, 0x0000, 0x0000, 0x0000, 0x0000, 0x0000, 0x0000, 0x0000, 0x0000,
0x0000, 0x0000, 0x0000, 0x0000, 0x0000, 0x0000, 0x0000, 0x0000, 0x0000, 0x0000, 0x0000, 0x0000, 0x0000, 0x0000, 0x0000, 0x0000,
0x0000, 0x0000, 0x0000, 0x0000, 0x0000, 0x0000, 0x0000, 0x0000, 0x0000, 0x0000, 0x0000, 0x0000, 0x0000, 0x0000, 0x0000, 0x0000,
0x0000, 0x0000, 0x0000, 0x0000, 0x0000, 0x0000, 0x0000, 0x0000, 0x0000, 0x0000, 0x0000, 0x0000, 0x0000, 0x0000, 0x0000, 0x8FC5,
0xFFC4, 0xEFB4, 0xEFB4, 0xFFB4, 0xFFB4, 0xFFB3, 0xFFB3, 0xFFA3, 0xFFA3, 0xFFA3, 0xFFA3, 0xFFA3, 0xEFA3, 0xFFA3, 0x6FA3, 0x0000,
0x0000, 0x0000, 0x0000, 0x0000, 0x0000, 0x0000, 0x0000, 0x0000, 0x0000, 0x0000, 0x0000, 0x0000, 0x0000, 0x0000, 0x0000, 0x0000,
0x0000, 0x0000, 0x0000, 0x0000, 0x0000, 0x0000, 0x0000, 0x0000, 0x0000, 0x0000, 0x0000, 0x0000, 0x0000, 0x0000, 0x0000, 0x0000,
0x0000, 0x3E81, 0xDE81, 0xFE82, 0xEE82, 0xFE92, 0xFE92, 0xFFA3, 0xFFA3, 0xFFB4, 0xFFC5, 0xFFE6, 0xEFF8, 0xFFFA, 0xFFFB, 0x7FFC,
0x0000, 0x0000, 0x0000, 0x0000, 0x0000, 0x0000, 0x0000, 0x0000, 0x0000, 0x0000, 0x0000, 0x0000, 0x0000, 0x0000, 0x0000, 0x0000,
0x0000, 0x0000, 0x0000, 0x0000, 0x0000, 0x0000, 0x0000, 0x0000, 0x0000, 0x0000, 0x0000, 0x0000, 0x0000, 0x0000, 0x0000, 0x0000,
0x0000, 0x0000, 0x0000, 0x0000, 0x0000, 0x0000, 0x0000, 0x0000, 0x0000, 0x0000, 0x0000, 0x0000, 0x0000, 0x0000, 0x0000, 0x0000,
0x0000, 0x0000, 0x0000, 0x0000, 0x0000, 0x0000, 0x0000, 0x0000, 0x0000, 0x0000, 0x0000, 0x0000, 0x0000, 0x0000, 0x0000, 0x0000,
0x6FC4, 0xEFC4, 0xEFB4, 0xEFB4, 0xFFB4, 0xFFB3, 0xFFB3, 0xFFB3, 0xFFA3, 0xFFA3, 0xFFA3, 0xFFA3, 0xEFA3, 0xEFA3, 0xEFA3, 0x3FA3,
0x0000, 0x0000, 0x0000, 0x0000, 0x0000, 0x0000, 0x0000, 0x0000, 0x0000, 0x0000, 0x0000, 0x0000, 0x0000, 0x0000, 0x0000, 0x0000,
0x0000, 0x0000, 0x0000, 0x0000, 0x0000, 0x0000, 0x0000, 0x0000, 0x0000, 0x0000, 0x0000, 0x0000, 0x0000, 0x0000, 0x0000, 0x0000,
0x2E81, 0xEE81, 0xFE82, 0xEE82, 0xFE92, 0xFE92, 0xFFA3, 0xFFB3, 0xFFB4, 0xFFC5, 0xFFE6, 0xEFF8, 0xFFFA, 0xEFFB, 0x5FFC, 0x0000,
0x0000, 0x0000, 0x0000, 0x0000, 0x0000, 0x0000, 0x0000, 0x0000, 0x0000, 0x0000, 0x0000, 0x0000, 0x0000, 0x0000, 0x0000, 0x0000,
0x0000, 0x0000, 0x0000, 0x0000, 0x0000, 0x0000, 0x0000, 0x0000, 0x0000, 0x0000, 0x0000, 0x0000, 0x0000, 0x0000, 0x0000, 0x0000,
0x0000, 0x0000, 0x0000, 0x0000, 0x0000, 0x0000, 0x0000, 0x0000, 0x0000, 0x0000, 0x0000, 0x0000, 0x0000, 0x0000, 0x0000, 0x0000,
0x0000, 0x0000, 0x0000, 0x0000, 0x0000, 0x0000, 0x0000, 0x0000, 0x0000, 0x0000, 0x0000, 0x0000, 0x0000, 0x0000, 0x0000, 0x0000,
0x0000, 0x4FB4, 0xEFB4, 0xEFB4, 0xEFB4, 0xFFB4, 0xFFB3, 0xFFB3, 0xFFA3, 0xFFB3, 0xFFA3, 0xFFA3, 0xFFA3, 0xEFA3, 0xFFA3, 0xDFB3,
0x1FB3, 0x0000, 0x0000, 0x0000, 0x0000, 0x0000, 0x0000, 0x0000, 0x0000, 0x0000, 0x0000, 0x0000, 0x0000, 0x0000, 0x0000, 0x0000,
0x0000, 0x0000, 0x0000, 0x0000, 0x0000, 0x0000, 0x0000, 0x0000, 0x0000, 0x0000, 0x0000, 0x0000, 0x0000, 0x0000, 0x0000, 0x0E82,
0xCE81, 0xFE82, 0xEE82, 0xFE92, 0xFE92, 0xFFA3, 0xFFB3, 0xFFB4, 0xFFC5, 0xFFE7, 0xEFF8, 0xFFFA, 0xDFFC, 0x3FFC, 0x0000, 0x0000,
0x0000, 0x0000, 0x0000, 0x0000, 0x0000, 0x0000, 0x0000, 0x0000, 0x0000, 0x0000, 0x0000, 0x0000, 0x0000, 0x0000, 0x0000, 0x0000,
0x0000, 0x0000, 0x0000, 0x0000, 0x0000, 0x0000, 0x0000, 0x0000, 0x0000, 0x0000, 0x0000, 0x0000, 0x0000, 0x0000, 0x0000, 0x0000,
0x0000, 0x0000, 0x0000, 0x0000, 0x0000, 0x0000, 0x0000, 0x0000, 0x0000, 0x0000, 0x0000, 0x0000, 0x0000, 0x0000, 0x0000, 0x0000,
0x0000, 0x0000, 0x0000, 0x0000, 0x0000, 0x0000, 0x0000, 0x0000, 0x0000, 0x0000, 0x0000, 0x0000, 0x0000, 0x0000, 0x0000, 0x0000,
0x0000, 0x0000, 0x4FB4, 0xEFB4, 0xEFB4, 0xEFB4, 0xFFB3, 0xFFB3, 0xFFB3, 0xFFB3, 0xFFA3, 0xFFB3, 0xFFA3, 0xFFA3, 0xEFB3, 0xFFB3,
0x9FB4, 0x0000, 0x0000, 0x0000, 0x0000, 0x0000, 0x0000, 0x0000, 0x0000, 0x0000, 0x0000, 0x0000, 0x0000, 0x0000, 0x0000, 0x0000,
0x0000, 0x0000, 0x0000, 0x0000, 0x0000, 0x0000, 0x0000, 0x0000, 0x0000, 0x0000, 0x0000, 0x0000, 0x0000, 0x0000, 0x0000, 0xAE81,
0xFE82, 0xEE82, 0xFE92, 0xFE92, 0xFFA3, 0xFFB3, 0xFFB4, 0xFFD5, 0xFFE7, 0xEFF9, 0xFFFB, 0xCFFC, 0x2FFC, 0x0000, 0x0000, 0x0000,
0x0000, 0x0000, 0x0000, 0x0000, 0x0000, 0x0000, 0x0000, 0x0000, 0x0000, 0x0000, 0x0000, 0x0000, 0x0000, 0x0000, 0x0000, 0x0000,
0x0000, 0x0000, 0x0000, 0x0000, 0x0000, 0x0000, 0x2E82, 0x4E82, 0x5E82, 0x5E82, 0x5E82, 0x5E82, 0x5E82, 0x4E82, 0x4E82, 0x3E82,
0x2E82, 0x1E82, 0x0000, 0x0000, 0x0000, 0x0000, 0x0000, 0x0000, 0x0000, 0x0000, 0x0000, 0x0000, 0x0000, 0x0000, 0x0000, 0x0000,
0x0000, 0x0000, 0x0000, 0x0000, 0x0000, 0x0000, 0x0000, 0x0000, 0x0000, 0x0000, 0x0000, 0x0000, 0x0000, 0x0000, 0x0000, 0x0000,
0x0000, 0x0000, 0x0000, 0x4FB4, 0xEFB4, 0xEFB4, 0xEFB4, 0xFFB3, 0xFFB3, 0xFFB3, 0xFFB3, 0xFFA3, 0xFFA3, 0xFFB3, 0xFFB3, 0xEFB3,
0xFFB4, 0x4FB4, 0x0000, 0x0000, 0x0000, 0x0000, 0x0000, 0x0000, 0x0000, 0x0000, 0x0000, 0x0000, 0x0000, 0x0000, 0x0000, 0x0000,
0x0000, 0x0000, 0x0000, 0x0000, 0x0000, 0x0000, 0x0000, 0x0000, 0x0000, 0x0000, 0x0000, 0x0000, 0x0000, 0x0000, 0x7E81, 0xFE82,
0xEE82, 0xFE92, 0xFE92, 0xFFA3, 0xFFB3, 0xFFB4, 0xFFD5, 0xFFE7, 0xEFF9, 0xFFFB, 0xBFFC, 0x1FFC, 0x0000, 0x0000, 0x0000, 0x0000,
0x0000, 0x0000, 0x0000, 0x0000, 0x0000, 0x0000, 0x0000, 0x0000, 0x0000, 0x0000, 0x0000, 0x0000, 0x0000, 0x0000, 0x0000, 0x0000,
0x0000, 0x0000, 0x0E82, 0x4E82, 0x9E82, 0xDE82, 0xEE82, 0xFE82, 0xFE82, 0xFE82, 0xFE82, 0xFE82, 0xFE82, 0xFE82, 0xFE82, 0xFE82,
0xFE82, 0xEE82, 0xCE82, 0xAE82, 0x7E82, 0x4E82, 0x1E82, 0x0000, 0x0000, 0x0000, 0x0000, 0x0000, 0x0000, 0x0000, 0x0000, 0x0000,
0x0000, 0x0000, 0x0000, 0x0000, 0x0000, 0x0000, 0x0000, 0x0000, 0x0000, 0x0000, 0x0000, 0x0000, 0x0000, 0x0000, 0x0000, 0x0000,
0x0000, 0x0000, 0x0000, 0x0000, 0x5FB4, 0xFFB4, 0xEFB4, 0xFFB3, 0xFFB3, 0xFFA3, 0xFFA3, 0xFFA3, 0xFFB3, 0xFFB3, 0xFFB3, 0xEFB4,
0xEFB4, 0xCFB4, 0x0FB4, 0x0000, 0x0000, 0x0000, 0x0000, 0x0000, 0x0000, 0x0000, 0x0000, 0x0000, 0x0000, 0x0000, 0x0000, 0x0000,
0x0000, 0x0000, 0x0000, 0x0000, 0x0000, 0x0000, 0x0000, 0x0000, 0x0000, 0x0000, 0x0000, 0x0000, 0x0000, 0x3E81, 0xEE82, 0xEE82,
0xEE92, 0xFE92, 0xFFA3, 0xFFA3, 0xFFB4, 0xFFC5, 0xFFE7, 0xEFF9, 0xFFFB, 0xBFFC, 0x0FFB, 0x0000, 0x0000, 0x0000, 0x0000, 0x0000,
0x0000, 0x0000, 0x0000, 0x0000, 0x0000, 0x0000, 0x0000, 0x0000, 0x0000, 0x0000, 0x0000, 0x0000, 0x0000, 0x0000, 0x0000, 0x0000,
0x2E81, 0x7E81, 0xDE81, 0xFE82, 0xFE82, 0xFE82, 0xFE82, 0xEE82, 0xEE82, 0xEE92, 0xEE92, 0xEE92, 0xEE92, 0xEE92, 0xEE92, 0xEE92,
0xFE92, 0xFE92, 0xFE92, 0xFE92, 0xFE82, 0xFE82, 0xEE82, 0xCE82, 0xAE82, 0x7E82, 0x3E92, 0x0E92, 0x0000, 0x0000, 0x0000, 0x0000,
0x0000, 0x0000, 0x0000, 0x0000, 0x0000, 0x0000, 0x0000, 0x0000, 0x0000, 0x0000, 0x0000, 0x0000, 0x0000, 0x0000, 0x0000, 0x0000,
0x0000, 0x0000, 0x0000, 0x0000, 0x0000, 0x7FB4, 0xFFB3, 0xEFB3, 0xFFB3, 0xFFA3, 0xFFA3, 0xFFA3, 0xFFB3, 0xFFB3, 0xFFB3, 0xFFB4,
0xEFB4, 0xFFB4, 0x7FB4, 0x0000, 0x0000, 0x0000, 0x0000, 0x0000, 0x0000, 0x0000, 0x0000, 0x0000, 0x0000, 0x0000, 0x0000, 0x0000,
0x0000, 0x0000, 0x0000, 0x0000, 0x0000, 0x0000, 0x0000, 0x0000, 0x0000, 0x0000, 0x0000, 0x0000, 0x1E82, 0xDE82, 0xEE82, 0xEE82,
0xFE92, 0xFFA3, 0xFFA3, 0xFFB4, 0xFFC5, 0xFFE6, 0xEFF8, 0xFFFA, 0xAFFC, 0x0000, 0x0000, 0x0000, 0x0000, 0x0000, 0x0000, 0x0000,
0x0000, 0x0000, 0x0000, 0x0000, 0x0000, 0x0000, 0x0000, 0x0000, 0x0000, 0x0000, 0x0000, 0x0000, 0x0000, 0x0000, 0x1E81, 0x8E81,
0xEE81, 0xFE82, 0xFE82, 0xEE82, 0xEE82, 0xEE92, 0xEE92, 0xFE92, 0xFE92, 0xFE92, 0xFE92, 0xFE92, 0xFE92, 0xFE92, 0xFE92, 0xFE92,
0xFE92, 0xEE92, 0xEE92, 0xEE92, 0xEE92, 0xEE92, 0xFE92, 0xFE92, 0xFE92, 0xFE92, 0xFE92, 0xDE92, 0x9E92, 0x4E92, 0x0E92, 0x0000,
0x0000, 0x0000, 0x0000, 0x0000, 0x0000, 0x0000, 0x0000, 0x0000, 0x0000, 0x0000, 0x0000, 0x0000, 0x0000, 0x0000, 0x0000, 0x0000,
0x0000, 0x0000, 0x0000, 0x0000, 0x0000, 0x0000, 0xBFB3, 0xFFB3, 0xEFA3, 0xFFA3, 0xFFA3, 0xFFB3, 0xFFA3, 0xFFB3, 0xFFB3, 0xFFB3,
0xEFB4, 0xEFB4, 0xEFB4, 0x2FB4, 0x0000, 0x0000, 0x0000, 0x0000, 0x0000, 0x0000, 0x0000, 0x0000, 0x0000, 0x0000, 0x0000, 0x0000,
0x0000, 0x0000, 0x0000, 0x0000, 0x0000, 0x0000, 0x0000, 0x0000, 0x0000, 0x0000, 0x0000, 0x0000, 0x9E82, 0xFE82, 0xEE82, 0xFE92,
0xFE92, 0xFFA3, 0xFFB4, 0xFFC5, 0xFFE6, 0xEFF8, 0xFFFA, 0xBFFC, 0x0FFC, 0x0000, 0x0000, 0x0000, 0x0000, 0x0000, 0x0000, 0x0000,
0x0000, 0x0000, 0x0000, 0x0000, 0x0000, 0x0000, 0x0000, 0x0000, 0x0000, 0x0000, 0x0000, 0x0000, 0x0E81, 0x6E81, 0xDE81, 0xFE82,
0xFE82, 0xEE82, 0xEE92, 0xFE92, 0xFE92, 0xFE92, 0xFE92, 0xFFA3, 0xFFA3, 0xFFA3, 0xFFA3, 0xFFA3, 0xFFA3, 0xFFA3, 0xFFA3, 0xFFA3,
0xFFA3, 0xFFA3, 0xFFA3, 0xFE93, 0xFE92, 0xFE92, 0xEE92, 0xEE92, 0xEE92, 0xEE92, 0xEE92, 0xFE92, 0xFE92, 0xFE92, 0xDE92, 0x8E92,
0x3E92, 0x0000, 0x0000, 0x0000, 0x0000, 0x0000, 0x0000, 0x0000, 0x0000, 0x0000, 0x0000, 0x0000, 0x0000, 0x0000, 0x0000, 0x0000,
0x0000, 0x0000, 0x0000, 0x0000, 0x0000, 0x0000, 0x1FA3, 0xEFA3, 0xEFA3, 0xEFA3, 0xFFA3, 0xFFA3, 0xFFA3, 0xFFB3, 0xFFB3, 0xFFB3,
0xFFB3, 0xEFB4, 0xFFB4, 0xBFB4, 0x0000, 0x0000, 0x0000, 0x0000, 0x0000, 0x0000, 0x0000, 0x0000, 0x0000, 0x0000, 0x0000, 0x0000,
0x0000, 0x0000, 0x0000, 0x0000, 0x0000, 0x0000, 0x0000, 0x0000, 0x0000, 0x0000, 0x0000, 0x4E82, 0xFE82, 0xEE82, 0xFE92, 0xFE92,
0xFFA3, 0xFFB4, 0xFFC4, 0xFFD6, 0xEFF8, 0xFFFA, 0xDFFB, 0x1FFB, 0x0000, 0x0000, 0x0000, 0x0000, 0x0000, 0x0000, 0x0000, 0x0000,
0x0000, 0x0000, 0x0000, 0x0000, 0x0000, 0x0000, 0x0000, 0x0000, 0x0000, 0x0000, 0x0000, 0x4E81, 0xCE81, 0xFE82, 0xFE82, 0xEE82,
0xEE92, 0xFE92, 0xFE92, 0xFE92, 0xFFA3, 0xFFA3, 0xFFA3, 0xFFA3, 0xFFA3, 0xFFA3, 0xFFA3, 0xFFA3, 0xFFA3, 0xFFA3, 0xFFB3, 0xFFA3,
0xFFA3, 0xFFA3, 0xFFA3, 0xFFA3, 0xFFA3, 0xFFA3, 0xFFA3, 0xFFA3, 0xFF93, 0xFE92, 0xFE92, 0xEE92, 0xEE92, 0xEE92, 0xFE92, 0xFE92,
0xFE92, 0xBE92, 0x3E92, 0x0000, 0x0000, 0x0000, 0x0000, 0x0000, 0x0000, 0x0000, 0x0000, 0x0000, 0x0000, 0x0000, 0x0000, 0x0000,
0x0000, 0x0000, 0x0000, 0x0000, 0x0000, 0x0000, 0x0000, 0x5FA3, 0xFFA3, 0xEFA3, 0xFFA3, 0xFFA3, 0xFFA3, 0xFFB3, 0xFFB3, 0xFFB3,
0xFFB3, 0xFFB3, 0xEFB4, 0xFFB4, 0x5FB4, 0x0000, 0x0000, 0x0000, 0x0000, 0x0000, 0x0000, 0x0000, 0x0000, 0x0000, 0x0000, 0x0000,
0x0000, 0x0000, 0x0000, 0x0000, 0x0000, 0x0000, 0x0000, 0x0000, 0x0000, 0x0000, 0x0E82, 0xDE82, 0xEE82, 0xEE92, 0xFE92, 0xFFA3,
0xFFB3, 0xFFB4, 0xFFD5, 0xEFF7, 0xEFF9, 0xEFFB, 0x2FFC, 0x0000, 0x0000, 0x0000, 0x0000, 0x0000, 0x0000, 0x0000, 0x0000, 0x0000,
0x0000, 0x0000, 0x0000, 0x0000, 0x0000, 0x0000, 0x0000, 0x0000, 0x0000, 0x1E81, 0x9E81, 0xFE81, 0xFE82, 0xEE82, 0xEE92, 0xFE92,
0xFE92, 0xFFA3, 0xFFA3, 0xFFA3, 0xFFA3, 0xFFB3, 0xFFB3, 0xFFB4, 0xFFB4, 0xFFB4, 0xFFB4, 0xFFB4, 0xFFB4, 0xFFB4, 0xFFB4, 0xFFB4,
0xFFB4, 0xFFB4, 0xFFB4, 0xFFB4, 0xFFB3, 0xFFA3, 0xFFA3, 0xFFA3, 0xFFA3, 0xFFA3, 0xFFA3, 0xFFA3, 0xFFA3, 0xFE92, 0xEE92, 0xEE92,
0xEE92, 0xFE92, 0xFE92, 0x8E92, 0x0E92, 0x0000, 0x0000, 0x0000, 0x0000, 0x0000, 0x0000, 0x0000, 0x0000, 0x0000, 0x0000, 0x0000,
0x0000, 0x0000, 0x0000, 0x0000, 0x0000, 0x0000, 0x0000, 0x0000, 0x9FA3, 0xFFA3, 0xEFA3, 0xFFA3, 0xFFA3, 0xFFA3, 0xFFB3, 0xFFB3,
0xFFB3, 0xFFB3, 0xEFB4, 0xEFB4, 0xDFB4, 0x0FB4, 0x0000, 0x0000, 0x0000, 0x0000, 0x0000, 0x0000, 0x0000, 0x0000, 0x0000, 0x0000,
0x0000, 0x0000, 0x0000, 0x0000, 0x0000, 0x0000, 0x0000, 0x0000, 0x0000, 0x0000, 0x8E82, 0xFE82, 0xEE82, 0xFE92, 0xFFA3, 0xFFA3,
0xFFB4, 0xFFC5, 0xFFE7, 0xEFF9, 0xFFFB, 0x5FFC, 0x0000, 0x0000, 0x0000, 0x0000, 0x0000, 0x0000, 0x0000, 0x0000, 0x0000, 0x0000,
0x0000, 0x0000, 0x0000, 0x0000, 0x0000, 0x0000, 0x0000, 0x0000, 0x5E81, 0xDE81, 0xFE82, 0xEE82, 0xEE82, 0xFE92, 0xFE92, 0xFF93,
0xFFA3, 0xFFA3, 0xFFB3, 0xFFB4, 0xFFB4, 0xFFB4, 0xFFC4, 0xFFC4, 0xFFC5, 0xFFC5, 0xFFC5, 0xFFD5, 0xFFD5, 0xFFD5, 0xFFD5, 0xFFC5,
0xFFC5, 0xFFC5, 0xFFC4, 0xFFC4, 0xFFB4, 0xFFB4, 0xFFB4, 0xFFB4, 0xFFB3, 0xFFA3, 0xFFA3, 0xFFA3, 0xFFA3, 0xFFA3, 0xFFA3, 0xFFA3,
0xFE92, 0xEE92, 0xEE92, 0xFE92, 0xCE92, 0x3E92, 0x0000, 0x0000, 0x0000, 0x0000, 0x0000, 0x0000, 0x0000, 0x0000, 0x0000, 0x0000,
0x0000, 0x0000, 0x0000, 0x0000, 0x0000, 0x0000, 0x0000, 0x0000, 0x0FA3, 0xDFA3, 0xEFA3, 0xEFA3, 0xFFA3, 0xFFA3, 0xFFA3, 0xFFB3,
0xFFB3, 0xFFB3, 0xFFB4, 0xEFB4, 0xFFB4, 0x7FB4, 0x0000, 0x0000, 0x0000, 0x0000, 0x0000, 0x0000, 0x0000, 0x0000, 0x0000, 0x0000,
0x0000, 0x0000, 0x0000, 0x0000, 0x0000, 0x0000, 0x0000, 0x0000, 0x0000, 0x2E82, 0xEE82, 0xEE82, 0xEE92, 0xFE92, 0xFFA3, 0xFFB4,
0xFFC5, 0xFFE6, 0xEFF8, 0xFFFA, 0x8FFB, 0x0000, 0x0000, 0x0000, 0x0000, 0x0000, 0x0000, 0x0000, 0x0000, 0x0000, 0x0000, 0x0000,
0x0000, 0x0000, 0x0000, 0x0000, 0x0000, 0x0000, 0x0E81, 0x9E81, 0xFE81, 0xFE82, 0xEE82, 0xFE92, 0xFE92, 0xFE92, 0xFFA3, 0xFFA3,
0xFFB3, 0xFFB4, 0xFFB4, 0xFFC4, 0xFFC5, 0xFFD5, 0xFFD6, 0xEFE6, 0xEFE6, 0xEFE6, 0xEFE7, 0xEFE7, 0xEFE7, 0xEFE7, 0xEFE7, 0xEFE6,
0xEFE6, 0xEFE6, 0xEFD6, 0xEFD5, 0xFFC5, 0xFFC5, 0xFFC4, 0xFFB4, 0xFFB4, 0xFFB4, 0xFFB3, 0xFFB3, 0xFFA3, 0xFFA3, 0xFFA3, 0xFFA3,
0xFFA3, 0xFFA3, 0xFFA3, 0xEF93, 0xFE92, 0xEE92, 0x6E92, 0x0000, 0x0000, 0x0000, 0x0000, 0x0000, 0x0000, 0x0000, 0x0000, 0x0000,
0x0000, 0x0000, 0x0000, 0x0000, 0x0000, 0x0000, 0x0000, 0x0000, 0x0000, 0x3FA3, 0xFFA3, 0xEFA3, 0xFFA3, 0xFFA3, 0xFFA3, 0xFFB3,
0xFFB3, 0xFFB3, 0xFFB3, 0xEFB4, 0xEFB4, 0xEFB4, 0x1FB4, 0x0000, 0x0000, 0x0000, 0x0000, 0x0000, 0x0000, 0x0000, 0x0000, 0x0000,
0x0000, 0x0000, 0x0000, 0x0000, 0x0000, 0x0000, 0x0000, 0x0000, 0x0000, 0x9E82, 0xFE82, 0xEE82, 0xFE92, 0xFFA3, 0xFFA3, 0xFFC4,
0xFFD5, 0xEFF7, 0xFFFA, 0xBFFB, 0x0000, 0x0000, 0x0000, 0x0000, 0x0000, 0x0000, 0x0000, 0x0000, 0x0000, 0x0000, 0x0000, 0x0000,
0x0000, 0x0000, 0x0000, 0x0000, 0x0000, 0x2E81, 0xCE81, 0xFE82, 0xEE82, 0xEE82, 0xFE92, 0xFE92, 0xFFA3, 0xFFA3, 0xFFB3, 0xFFB4,
0xFFC4, 0xFFC5, 0xFFD5, 0xEFE6, 0xEFE7, 0xEFF7, 0xEFF8, 0xFFF8, 0xFFF8, 0xFFF9, 0xFFF9, 0xFFF9, 0xFFF9, 0xFFF9, 0xFFF8, 0xFFF8,
0xFFF8, 0xFFF7, 0xFFF7, 0xFFE6, 0xFFE6, 0xEFD6, 0xEFD5, 0xEFC5, 0xFFC4, 0xFFC4, 0xFFB4, 0xFFB4, 0xFFB4, 0xFFB3, 0xFFA3, 0xFFA3,
0xFFA3, 0xFFA3, 0xFFA3, 0xFFA3, 0xEFA3, 0xEF93, 0xFF93, 0x9F93, 0x0FA3, 0x0000, 0x0000, 0x0000, 0x0000, 0x0000, 0x0000, 0x0000,
0x0000, 0x0000, 0x0000, 0x0000, 0x0000, 0x0000, 0x0000, 0x0000, 0x0000, 0x0000, 0x8FA3, 0xFFA3, 0xEFA3, 0xFFA3, 0xFFA3, 0xFFA3,
0xFFB3, 0xFFB3, 0xFFB3, 0xFFB4, 0xEFB4, 0xFFB4, 0x9FB4, 0x0000, 0x0000, 0x0000, 0x0000, 0x0000, 0x0000, 0x0000, 0x0000, 0x0000,
0x0000, 0x0000, 0x0000, 0x0000, 0x0000, 0x0000, 0x0000, 0x0000, 0x2E82, 0xEE82, 0xEE82, 0xEE92, 0xFE92, 0xFFA3, 0xFFB4, 0xFFC5,
0xEFE7, 0xEFF9, 0xEFFB, 0x2FFB, 0x0000, 0x0000, 0x0000, 0x0000, 0x0000, 0x0000, 0x0000, 0x0000, 0x0000, 0x0000, 0x0000, 0x0000,
0x0000, 0x0000, 0x0000, 0x0000, 0x4E81, 0xEE81, 0xFE82, 0xEE82, 0xFE92, 0xFE92, 0xFE93, 0xFFA3, 0xFFA3, 0xFFB4, 0xFFC4, 0xFFC5,
0xFFD6, 0xEFE7, 0xEFF7, 0xFFF8, 0xFFF9, 0xFFF9, 0xFFFA, 0xEFFA, 0xCFFA, 0x9FFA, 0x8FFA, 0x7FFA, 0x5FF9, 0x4FF9, 0x4FF9, 0x4FF9,
0x5FF8, 0x7FF8, 0xAFF8, 0xCFF7, 0xFFF7, 0xFFE7, 0xFFE6, 0xFFD6, 0xEFD5, 0xEFC5, 0xFFC4, 0xFFB4, 0xFFB4, 0xFFB4, 0xFFB3, 0xFFB3,
0xFFA3, 0xFFA3, 0xFFA3, 0xFFA3, 0xFFA3, 0xEFA3, 0xEFA3, 0xFFA3, 0xBFA3, 0x1FA3, 0x0000, 0x0000, 0x0000, 0x0000, 0x0000, 0x0000,
0x0000, 0x0000, 0x0000, 0x0000, 0x0000, 0x0000, 0x0000, 0x0000, 0x0000, 0x0000, 0x0FA3, 0xCFA3, 0xEFA3, 0xEFA3, 0xFFA3, 0xFFA3,
0xFFA3, 0xFFB3, 0xFFB3, 0xFFB4, 0xEFB4, 0xEFB4, 0xEFB4, 0x2FB4, 0x0000, 0x0000, 0x0000, 0x0000, 0x0000, 0x0000, 0x0000, 0x0000,
0x0000, 0x0000, 0x0000, 0x0000, 0x0000, 0x0000, 0x0000, 0x0000, 0x9E82, 0xFE82, 0xEE92, 0xFE92, 0xFFA3, 0xFFB3, 0xFFC4, 0xFFD6,
0xEFF8, 0xFFFA, 0x6FFB, 0x0000, 0x0000, 0x0000, 0x0000, 0x0000, 0x0000, 0x0000, 0x0000, 0x0000, 0x0000, 0x0000, 0x0000, 0x0000,
0x0000, 0x0000, 0x0000, 0x6E81, 0xFE81, 0xFE82, 0xEE82, 0xFE92, 0xFE92, 0xFFA3, 0xFFA3, 0xFFB4, 0xFFB4, 0xFFC5, 0xFFD6, 0xEFE7,
0xEFF8, 0xFFF9, 0xFFFA, 0xEFFB, 0xBFFB, 0x8FFB, 0x4FFB, 0x1FFA, 0x0000, 0x0000, 0x0000, 0x0000, 0x0000, 0x0000, 0x0000, 0x0000,
0x0000, 0x0000, 0x0000, 0x0000, 0x2FF7, 0x6FF7, 0xAFE7, 0xEFE7, 0xFFE6, 0xFFD6, 0xEFD5, 0xEFC5, 0xFFC4, 0xFFB4, 0xFFB4, 0xFFB4,
0xFFB3, 0xFFB3, 0xFFA3, 0xFFA3, 0xFFA3, 0xFFA3, 0xFFA3, 0xEFA3, 0xFFA3, 0xCFA3, 0x1FA3, 0x0000, 0x0000, 0x0000, 0x0000, 0x0000,
0x0000, 0x0000, 0x0000, 0x0000, 0x0000, 0x0000, 0x0000, 0x0000, 0x0000, 0x0000, 0x0000, 0x3FA3, 0xFFA3, 0xEFA3, 0xFFA3, 0xFFA3,
0xFFA3, 0xFFA3, 0xFFB3, 0xFFB3, 0xFFB4, 0xEFB4, 0xFFB4, 0x9FB4, 0x0000, 0x0000, 0x0000, 0x0000, 0x0000, 0x0000, 0x0000, 0x0000,
0x0000, 0x0000, 0x0000, 0x0000, 0x0000, 0x0000, 0x0000, 0x1E82, 0xEE82, 0xEE82, 0xEE92, 0xFE92, 0xFFA3, 0xFFB4, 0xFFD5, 0xEFF7,
0xEFF9, 0xCFFB, 0x0000, 0x0000, 0x0000, 0x0000, 0x0000, 0x0000, 0x0000, 0x0000, 0x0000, 0x0000, 0x0000, 0x0000, 0x0000, 0x0000,
0x0000, 0x0000, 0x7E81, 0xFE81, 0xEE82, 0xEE82, 0xFE92, 0xFE92, 0xFFA3, 0xFFA3, 0xFFB4, 0xFFC4, 0xFFD5, 0xFFE7, 0xEFF8, 0xFFF9,
0xFFFA, 0xDFFB, 0x8FFB, 0x2FFB, 0x0000, 0x0000, 0x0000, 0x0000, 0x0000, 0x0000, 0x0000, 0x0000, 0x0000, 0x0000, 0x0000, 0x0000,
0x0000, 0x0000, 0x0000, 0x0000, 0x0000, 0x0000, 0x0000, 0x1FE7, 0x5FE6, 0xBFE6, 0xFFD6, 0xFFD5, 0xEFC5, 0xEFC4, 0xFFB4, 0xFFB4,
0xFFB4, 0xFFB3, 0xFFB3, 0xFFA3, 0xFFA3, 0xFFA3, 0xFFA3, 0xFFA3, 0xEFA3, 0xFFA3, 0xDFA3, 0x2FA3, 0x0000, 0x0000, 0x0000, 0x0000,
0x0000, 0x0000, 0x0000, 0x0000, 0x0000, 0x0000, 0x0000, 0x0000, 0x0000, 0x0000, 0x0000, 0x0000, 0x9FA3, 0xFFA3, 0xEFA3, 0xFFA3,
0xFFA3, 0xFFA3, 0xFFB3, 0xFFB3, 0xFFB4, 0xEFB4, 0xEFB4, 0xEFB4, 0x2FB4, 0x0000, 0x0000, 0x0000, 0x0000, 0x0000, 0x0000, 0x0000,
0x0000, 0x0000, 0x0000, 0x0000, 0x0000, 0x0000, 0x0000, 0x8E82, 0xFE82, 0xEE92, 0xFE92, 0xFFA3, 0xFFB3, 0xFFC4, 0xFFD6, 0xEFF8,
0xFFFA, 0x4FFB, 0x0000, 0x0000, 0x0000, 0x0000, 0x0000, 0x0000, 0x0000, 0x0000, 0x0000, 0x0000, 0x0000, 0x0000, 0x0000, 0x0000,
0x0000, 0x7E81, 0xFE82, 0xEE82, 0xEE82, 0xFE92, 0xFE93, 0xFFA3, 0xFFB3, 0xFFB4, 0xFFC5, 0xFFE6, 0xEFF7, 0xEFF9, 0xFFFA, 0xEFFB,
0x7FFB, 0x1FFB, 0x0000, 0x0000, 0x0000, 0x0000, 0x0000, 0x0000, 0x0000, 0x0000, 0x0000, 0x0000, 0x0000, 0x0000, 0x0000, 0x0000,
0x0000, 0x0000, 0x0000, 0x0000, 0x0000, 0x0000, 0x0000, 0x0000, 0x0000, 0x0000, 0x5FD6, 0xCFD6, 0xFFD5, 0xFFC5, 0xEFC4, 0xFFB4,
0xFFB4, 0xFFB4, 0xFFB3, 0xFFB3, 0xFFA3, 0xFFA3, 0xFFA3, 0xFFA3, 0xFFA3, 0xEFA3, 0xFFA3, 0xDFA3, 0x3FA3, 0x0000, 0x0000, 0x0000,
0x0000, 0x0000, 0x0000, 0x0000, 0x0000, 0x0000, 0x0000, 0x0000, 0x0000, 0x0000, 0x0000, 0x0000, 0x1FA3, 0xDFA3, 0xEFA3, 0xEFA3,
0xFFA3, 0xFFA3, 0xFFA3, 0xFFB3, 0xFFB3, 0xFFB4, 0xEFB4, 0xFFB4, 0x8FB4, 0x0000, 0x0000, 0x0000, 0x0000, 0x0000, 0x0000, 0x0000,
0x0000, 0x0000, 0x0000, 0x0000, 0x0000, 0x0000, 0x1E82, 0xDE82, 0xEE82, 0xEE92, 0xFE92, 0xFFA3, 0xFFB4, 0xFFC5, 0xEFE7, 0xFFF9,
0xBFFA, 0x0000, 0x0000, 0x0000, 0x0000, 0x0000, 0x0000, 0x0000, 0x0000, 0x0000, 0x0000, 0x0000, 0x0000, 0x0000, 0x0000, 0x0000,
0x5E81, 0xFE82, 0xEE82, 0xEE82, 0xFE92, 0xFFA3, 0xFFA3, 0xFFB4, 0xFFC4, 0xFFD5, 0xFFE7, 0xEFF8, 0xFFFA, 0xFFFB, 0x9FFC, 0x2FFC,
0x0000, 0x0000, 0x0000, 0x0000, 0x0000, 0x0000, 0x0000, 0x0000, 0x0000, 0x0000, 0x0000, 0x0000, 0x0000, 0x0000, 0x0000, 0x0000,
0x0000, 0x0000, 0x0000, 0x0000, 0x0000, 0x0000, 0x0000, 0x0000, 0x0000, 0x0000, 0x0000, 0x0000, 0x6FD5, 0xEFD5, 0xFFC5, 0xEFC4,
0xEFB4, 0xFFB4, 0xFFB4, 0xFFB3, 0xFFB3, 0xFFA3, 0xFFA3, 0xFFA3, 0xFFA3, 0xFFA3, 0xEFA3, 0xFFA3, 0xEFA3, 0x2FA3, 0x0000, 0x0000,
0x0000, 0x0000, 0x0000, 0x0000, 0x0000, 0x0000, 0x0000, 0x0000, 0x0000, 0x0000, 0x0000, 0x0000, 0x0000, 0x5FA3, 0xFFA3, 0xEFA3,
0xFFA3, 0xFFA3, 0xFFA3, 0xFFA3, 0xFFB3, 0xFFB4, 0xEFB4, 0xEFB4, 0xEFB4, 0x1FC4, 0x0000, 0x0000, 0x0000, 0x0000, 0x0000, 0x0000,
0x0000, 0x0000, 0x0000, 0x0000, 0x0000, 0x0000, 0x6E82, 0xFE82, 0xEE82, 0xFE92, 0xFFA3, 0xFFB3, 0xFFC4, 0xFFD6, 0xEFF8, 0xFFFA,
0x4FFA, 0x0000, 0x0000, 0x0000, 0x0000, 0x0000, 0x0000, 0x0000, 0x0000, 0x0000, 0x0000, 0x0000, 0x0000, 0x0000, 0x0000, 0x2E81,
0xEE81, 0xEE82, 0xEE82, 0xFE92, 0xFFA3, 0xFFA3, 0xFFB4, 0xFFC5, 0xFFD6, 0xEFF7, 0xEFF9, 0xFFFB, 0xDFFC, 0x5FFC, 0x0000, 0x0000,
0x0000, 0x0000, 0x0000, 0x0000, 0x0000, 0x0000, 0x0000, 0x0000, 0x0000, 0x0000, 0x0000, 0x0000, 0x0000, 0x0000, 0x0000, 0x0000,
0x0000, 0x0000, 0x0000, 0x0000, 0x0000, 0x0000, 0x0000, 0x0000, 0x0000, 0x0000, 0x0000, 0x0000, 0x0000, 0x2FD5, 0xAFC5, 0xFFC5,
0xEFC4, 0xEFB4, 0xFFB4, 0xFFB4, 0xFFB3, 0xFFB3, 0xFFB3, 0xFFA3, 0xFFA3, 0xFFA3, 0xFFA3, 0xEFA3, 0xFFA3, 0xDFA3, 0x1FA3, 0x0000,
0x0000, 0x0000, 0x0000, 0x0000, 0x0000, 0x0000, 0x0000, 0x0000, 0x0000, 0x0000, 0x0000, 0x0000, 0x0000, 0x0000, 0xBFA3, 0xFFA3,
0xEFA3, 0xFFA3, 0xFFA3, 0xFFA3, 0xFFB3, 0xFFB4, 0xFFB4, 0xEFB4, 0xFFB4, 0x7FC4, 0x0000, 0x0000, 0x0000, 0x0000, 0x0000, 0x0000,
0x0000, 0x0000, 0x0000, 0x0000, 0x0000, 0x0000, 0xCE82, 0xEE82, 0xEE92, 0xFE92, 0xFFA3, 0xFFB4, 0xFFC5, 0xEFE7, 0xEFF9, 0xBFFA,
0x0000, 0x0000, 0x0000, 0x0000, 0x0000, 0x0000, 0x0000, 0x0000, 0x0000, 0x0000, 0x0000, 0x0000, 0x0000, 0x0000, 0x0E82, 0xCE81,
0xFE82, 0xEE82, 0xFE92, 0xFFA3, 0xFFA3, 0xFFB4, 0xFFC5, 0xFFE6, 0xEFF8, 0xFFF9, 0xFFFB, 0xAFFC, 0x1FFC, 0x0000, 0x0000, 0x0000,
0x0000, 0x0000, 0x0000, 0x0000, 0x0000, 0x0000, 0x0000, 0x0000, 0x0000, 0x0000, 0x0000, 0x0000, 0x0000, 0x0000, 0x0000, 0x0000,
0x0000, 0x0000, 0x0000, 0x0000, 0x0000, 0x0000, 0x0000, 0x0000, 0x0000, 0x0000, 0x0000, 0x0000, 0x0000, 0x0000, 0x0000, 0x6FC5,
0xEFC5, 0xFFC4, 0xEFB4, 0xFFB4, 0xFFB4, 0xFFB3, 0xFFB3, 0xFFA3, 0xFFA3, 0xFFA3, 0xFFA3, 0xFFA3, 0xEFA3, 0xFFA3, 0xBFA3, 0x0000,
0x0000, 0x0000, 0x0000, 0x0000, 0x0000, 0x0000, 0x0000, 0x0000, 0x0000, 0x0000, 0x0000, 0x0000, 0x0000, 0x0000, 0x3FA3, 0xFFA3,
0xEFA3, 0xFFA3, 0xFFA3, 0xFFA3, 0xFFB3, 0xFFB3, 0xFFB4, 0xEFB4, 0xEFB4, 0xDFC4, 0x1FC4, 0x0000, 0x0000, 0x0000, 0x0000, 0x0000,
0x0000, 0x0000, 0x0000, 0x0000, 0x0000, 0x5E82, 0xFE82, 0xEE82, 0xFE92, 0xFFA3, 0xFFA3, 0xFFC4, 0xFFD6, 0xEFF8, 0xFFFA, 0x5FFA,
0x0000, 0x0000, 0x0000, 0x0000, 0x0000, 0x0000, 0x0000, 0x0000, 0x0000, 0x0000, 0x0000, 0x0000, 0x0000, 0x0000, 0x8E82, 0xFE82,
0xEE82, 0xFE92, 0xFE92, 0xFFA3, 0xFFB4, 0xFFC5, 0xFFE6, 0xEFF8, 0xFFFA, 0xEFFB, 0x5FFC, 0x0000, 0x0000, 0x0000, 0x0000, 0x0000,
0x0000, 0x0000, 0x0000, 0x0000, 0x0000, 0x0000, 0x0000, 0x0000, 0x0000, 0x0000, 0x0000, 0x0000, 0x0000, 0x0000, 0x0000, 0x0000,
0x0000, 0x0000, 0x0000, 0x0000, 0x0000, 0x0000, 0x0000, 0x0000, 0x0000, 0x0000, 0x0000, 0x0000, 0x0000, 0x0000, 0x0000, 0x0000,
0x3FC5, 0xDFC4, 0xFFC4, 0xEFB4, 0xFFB4, 0xFFB4, 0xFFB3, 0xFFB3, 0xFFB3, 0xFFA3, 0xFFA3, 0xFFA3, 0xFFA3, 0xEFA3, 0xFFA3, 0x7FB3,
0x0000, 0x0000, 0x0000, 0x0000, 0x0000, 0x0000, 0x0000, 0x0000, 0x0000, 0x0000, 0x0000, 0x0000, 0x0000, 0x0000, 0x0000, 0xAFA3,
0xFFA3, 0xEFA3, 0xFFA3, 0xFFA3, 0xFFA3, 0xFFB3, 0xFFB4, 0xFFB4, 0xEFB4, 0xFFC4, 0x6FC4, 0x0000, 0x0000, 0x0000, 0x0000, 0x0000,
0x0000, 0x0000, 0x0000, 0x0000, 0x0000, 0xBE82, 0xEE82, 0xEE92, 0xFE92, 0xFFA3, 0xFFB4, 0xFFC5, 0xEFE6, 0xEFF9, 0xDFFA, 0x0FFA,
0x0000, 0x0000, 0x0000, 0x0000, 0x0000, 0x0000, 0x0000, 0x0000, 0x0000, 0x0000, 0x0000, 0x0000, 0x0000, 0x4E82, 0xFE82, 0xEE82,
0xFE92, 0xFE92, 0xFFA3, 0xFFB4, 0xFFC5, 0xFFE6, 0xEFF8, 0xFFFA, 0xCFFB, 0x2FFC, 0x0000, 0x0000, 0x0000, 0x0000, 0x0000, 0x0000,
0x0000, 0x0000, 0x0000, 0x0000, 0x0000, 0x0000, 0x0000, 0x0000, 0x0000, 0x0000, 0x0000, 0x0000, 0x0000, 0x0000, 0x0000, 0x0000,
0x0000, 0x0000, 0x0000, 0x0000, 0x0000, 0x0000, 0x0000, 0x0000, 0x0000, 0x0000, 0x0000, 0x0000, 0x0000, 0x0000, 0x0000, 0x0000,
0x0000, 0x2FC4, 0xCFC4, 0xFFB4, 0xEFB4, 0xFFB4, 0xFFB3, 0xFFB3, 0xFFB3, 0xFFB3, 0xFFA3, 0xFFA3, 0xFFB3, 0xEFB3, 0xEFB3, 0xEFB4,
0x2FB4, 0x0000, 0x0000, 0x0000, 0x0000, 0x0000, 0x0000, 0x0000, 0x0000, 0x0000, 0x0000, 0x0000, 0x0000, 0x0000, 0x0000, 0x3FA3,
0xEFA3, 0xEFA3, 0xFFA3, 0xFFA3, 0xFFA3, 0xFFB3, 0xFFB4, 0xFFB4, 0xEFB4, 0xEFB4, 0xCFC4, 0x0000, 0x0000, 0x0000, 0x0000, 0x0000,
0x0000, 0x0000, 0x0000, 0x0000, 0x2E82, 0xEE82, 0xEE82, 0xFE92, 0xFFA3, 0xFFA3, 0xFFB4, 0xFFD5, 0xEFF7, 0xFFF9, 0x7FFA, 0x0000,
0x0000, 0x0000, 0x0000, 0x0000, 0x0000, 0x0000, 0x0000, 0x0000, 0x0000, 0x0000, 0x0000, 0x0000, 0x1E82, 0xDE82, 0xEE82, 0xEE82,
0xFE92, 0xFFA3, 0xFFB3, 0xFFC4, 0xFFD6, 0xEFF8, 0xFFFA, 0xBFFB, 0x1FFC, 0x0000, 0x0000, 0x0000, 0x0000, 0x0000, 0x0000, 0x0000,
0x0000, 0x0000, 0x0000, 0x0000, 0x0000, 0x0000, 0x0000, 0x0000, 0x0000, 0x0000, 0x0000, 0x0000, 0x0000, 0x0000, 0x0000, 0x0000,
0x0000, 0x0000, 0x0000, 0x0000, 0x0000, 0x0000, 0x0000, 0x0000, 0x0000, 0x0000, 0x0000, 0x0000, 0x0000, 0x0000, 0x0000, 0x0000,
0x0000, 0x0000, 0x1FB4, 0xBFB4, 0xFFB4, 0xEFB4, 0xFFB3, 0xFFB3, 0xFFB3, 0xFFA3, 0xFFA3, 0xFFA3, 0xFFB3, 0xFFB3, 0xEFB3, 0xFFB4,
0xBFB4, 0x0000, 0x0000, 0x0000, 0x0000, 0x0000, 0x0000, 0x0000, 0x0000, 0x0000, 0x0000, 0x0000, 0x0000, 0x0000, 0x0000, 0x0000,
0xAFA3, 0xFFA3, 0xEFA3, 0xFFA3, 0xFFA3, 0xFFA3, 0xFFB3, 0xFFB4, 0xFFB4, 0xEFB4, 0xFFC4, 0x5FC4, 0x0000, 0x0000, 0x0000, 0x0000,
0x0000, 0x0000, 0x0000, 0x0000, 0x7E82, 0xFE82, 0xEE92, 0xFE92, 0xFFA3, 0xFFB4, 0xFFC5, 0xEFE6, 0xEFF8, 0xEFFA, 0x1FFA, 0x0000,
0x0000, 0x0000, 0x0000, 0x0000, 0x0000, 0x0000, 0x0000, 0x0000, 0x0000, 0x0000, 0x0000, 0x0000, 0x8E82, 0xFE82, 0xEE82, 0xFE92,
0xFFA3, 0xFFA3, 0xFFB4, 0xFFD5, 0xEFF7, 0xFFF9, 0xCFFB, 0x0FFC, 0x0000, 0x0000, 0x0000, 0x0000, 0x0000, 0x0000, 0x0000, 0x0000,
0x0000, 0x0000, 0x0000, 0x0000, 0x0000, 0x0000, 0x0000, 0x0000, 0x0000, 0x0000, 0x0000, 0x0000, 0x0000, 0x0000, 0x0000, 0x0000,
0x0000, 0x0000, 0x0000, 0x0000, 0x0000, 0x0000, 0x0000, 0x0000, 0x0000, 0x0000, 0x0000, 0x0000, 0x0000, 0x0000, 0x0000, 0x0000,
0x0000, 0x0000, 0x0000, 0x0FB4, 0xBFB4, 0xFFB4, 0xEFB3, 0xFFB3, 0xFFB3, 0xFFA3, 0xFFA3, 0xFFB3, 0xFFB3, 0xFFB3, 0xFFB4, 0xEFB4,
0xFFB4, 0x5FB4, 0x0000, 0x0000, 0x0000, 0x0000, 0x0000, 0x0000, 0x0000, 0x0000, 0x0000, 0x0000, 0x0000, 0x0000, 0x0000, 0x0000,
0x2FA3, 0xEFA3, 0xEFA3, 0xFFA3, 0xFFA3, 0xFFA3, 0xFFB3, 0xFFB3, 0xFFB4, 0xEFB4, 0xEFC4, 0xBFC4, 0x0000, 0x0000, 0x0000, 0x0000,
0x0000, 0x0000, 0x0000, 0x0000, 0xBE82, 0xFE82, 0xEE92, 0xFE92, 0xFFA3, 0xFFB4, 0xFFD5, 0xEFF7, 0xFFF9, 0x9FFA, 0x0000, 0x0000,
0x0000, 0x0000, 0x0000, 0x0000, 0x0000, 0x0000, 0x0000, 0x0000, 0x0000, 0x0000, 0x0000, 0x2E82, 0xEE82, 0xEE82, 0xEE92, 0xFE92,
0xFFA3, 0xFFB4, 0xFFC5, 0xEFE6, 0xEFF9, 0xEFFB, 0x2FFB, 0x0000, 0x0000, 0x0000, 0x0000, 0x0000, 0x0000, 0x0000, 0x0000, 0x0000,
0x0000, 0x0000, 0x0000, 0x0000, 0x0000, 0x0000, 0x0000, 0x0000, 0x0000, 0x0000, 0x0000, 0x0000, 0x0000, 0x0000, 0x0000, 0x0000,
0x0000, 0x0000, 0x0000, 0x0000, 0x0000, 0x0000, 0x0000, 0x0000, 0x0000, 0x0000, 0x0000, 0x0000, 0x0000, 0x0000, 0x0000, 0x0000,
0x0000, 0x0000, 0x0000, 0x0000, 0x1FB4, 0xDFB4, 0xFFB3, 0xEFB3, 0xFFB3, 0xFFB3, 0xFFB3, 0xFFB3, 0xFFB3, 0xFFB3, 0xFFB4, 0xEFB4,
0xEFB4, 0xDFB4, 0x0FB4, 0x0000, 0x0000, 0x0000, 0x0000, 0x0000, 0x0000, 0x0000, 0x0000, 0x0000, 0x0000, 0x0000, 0x0000, 0x0000,
0x0000, 0xBE92, 0xFFA3, 0xEFA3, 0xFFA3, 0xFFA3, 0xFFA3, 0xFFB3, 0xFFB4, 0xFFB4, 0xEFC4, 0xEFC4, 0x2FC5, 0x0000, 0x0000, 0x0000,
0x0000, 0x0000, 0x0000, 0x2E82, 0xEE82, 0xEE82, 0xEE92, 0xFFA3, 0xFFB3, 0xFFC4, 0xFFD6, 0xEFF8, 0xEFFA, 0x2FFA, 0x0000, 0x0000,
0x0000, 0x0000, 0x0000, 0x0000, 0x0000, 0x0000, 0x0000, 0x0000, 0x0000, 0x0000, 0x0000, 0xBE82, 0xFE82, 0xEE82, 0xFE92, 0xFFA3,
0xFFB3, 0xFFC4, 0xFFD6, 0xEFF8, 0xFFFA, 0x8FFB, 0x0000, 0x0000, 0x0000, 0x0000, 0x0000, 0x0000, 0x0000, 0x0000, 0x0000, 0x0000,
0x0000, 0x0000, 0x0000, 0x0000, 0x0000, 0x0000, 0x0000, 0x0000, 0x0000, 0x0000, 0x0000, 0x0000, 0x0000, 0x0000, 0x0000, 0x0000,
0x0000, 0x0000, 0x0000, 0x0000, 0x0000, 0x0000, 0x0000, 0x0000, 0x0000, 0x0000, 0x0000, 0x0000, 0x0000, 0x0000, 0x0000, 0x0000,
0x0000, 0x0000, 0x0000, 0x0000, 0x0000, 0x2FB3, 0xEFB3, 0xEFB3, 0xEFB3, 0xFFA3, 0xFFA3, 0xFFA3, 0xFFB3, 0xFFB3, 0xFFB3, 0xFFB4,
0xEFB4, 0xFFB4, 0x7FB4, 0x0000, 0x0000, 0x0000, 0x0000, 0x0000, 0x0000, 0x0000, 0x0000, 0x0000, 0x0000, 0x0000, 0x0000, 0x0000,
0x0000, 0x5E92, 0xFE92, 0xEFA3, 0xFFA3, 0xFFA3, 0xFFA3, 0xFFB3, 0xFFB4, 0xFFB4, 0xEFB4, 0xFFC5, 0x8FC5, 0x0000, 0x0000, 0x0000,
0x0000, 0x0000, 0x0000, 0x6E82, 0xFE82, 0xEE92, 0xFE92, 0xFFA3, 0xFFB4, 0xFFC5, 0xEFE7, 0xFFF9, 0xAFFA, 0x0000, 0x0000, 0x0000,
0x0000, 0x0000, 0x0000, 0x0000, 0x0000, 0x0000, 0x0000, 0x0000, 0x0000, 0x0000, 0x5E82, 0xFE82, 0xEE82, 0xFE92, 0xFE92, 0xFFA3,
0xFFB4, 0xFFD5, 0xEFF7, 0xEFF9, 0xDFFB, 0x0FFB, 0x0000, 0x0000, 0x0000, 0x0000, 0x0000, 0x0000, 0x0000, 0x0000, 0x0000, 0x0000,
0x0000, 0x0000, 0x0000, 0x0000, 0x0000, 0x2E82, 0x5E82, 0x7E82, 0x8E82, 0x9E82, 0x9E82, 0x8E82, 0x6E82, 0x5E82, 0x3E82, 0x1E82,
0x0000, 0x0000, 0x0000, 0x0000, 0x0000, 0x0000, 0x0000, 0x0000, 0x0000, 0x0000, 0x0000, 0x0000, 0x0000, 0x0000, 0x0000, 0x0000,
0x0000, 0x0000, 0x0000, 0x0000, 0x0000, 0x0000, 0x6FB3, 0xFFB3, 0xEFA3, 0xFFA3, 0xFFA3, 0xFFA3, 0xFFA3, 0xFFB3, 0xFFB3, 0xFFB4,
0xEFB4, 0xEFB4, 0xDFC4, 0x0FC4, 0x0000, 0x0000, 0x0000, 0x0000, 0x0000, 0x0000, 0x0000, 0x0000, 0x0000, 0x0000, 0x0000, 0x0000,
0x0000, 0x1E92, 0xEE92, 0xFE93, 0xEFA3, 0xFFA3, 0xFFA3, 0xFFB3, 0xFFB4, 0xFFB4, 0xEFB4, 0xFFC5, 0xDFC5, 0x0000, 0x0000, 0x0000,
0x0000, 0x0000, 0x0000, 0xBE82, 0xFE82, 0xEE92, 0xFE92, 0xFFA3, 0xFFB4, 0xFFD5, 0xEFF7, 0xFFF9, 0x4FFA, 0x0000, 0x0000, 0x0000,
0x0000, 0x0000, 0x0000, 0x0000, 0x0000, 0x0000, 0x0000, 0x0000, 0x0000, 0x0E82, 0xDE82, 0xEE82, 0xEE92, 0xFE92, 0xFFA3, 0xFFB4,
0xFFC5, 0xFFE6, 0xEFF8, 0xFFFA, 0x5FFB, 0x0000, 0x0000, 0x0000, 0x0000, 0x0000, 0x0000, 0x0000, 0x0000, 0x0000, 0x0000, 0x0000,
0x0000, 0x0000, 0x1E82, 0x7E81, 0xCE82, 0xFE82, 0xFE82, 0xFE82, 0xFE82, 0xFE82, 0xFE82, 0xFE82, 0xFE82, 0xFE82, 0xFE82, 0xEE82,
0xCE82, 0x9E82, 0x5E92, 0x1E92, 0x0000, 0x0000, 0x0000, 0x0000, 0x0000, 0x0000, 0x0000, 0x0000, 0x0000, 0x0000, 0x0000, 0x0000,
0x0000, 0x0000, 0x0000, 0x0000, 0x0000, 0x0000, 0x0000, 0xAFA3, 0xFFA3, 0xEFA3, 0xFFA3, 0xFFA3, 0xFFA3, 0xFFB3, 0xFFB3, 0xFFB4,
0xFFB4, 0xEFB4, 0xFFC4, 0x5FC4, 0x0000, 0x0000, 0x0000, 0x0000, 0x0000, 0x0000, 0x0000, 0x0000, 0x0000, 0x0000, 0x0000, 0x0000,
0x0000, 0x0000, 0xBE92, 0xFE92, 0xEFA3, 0xFFA3, 0xFFA3, 0xFFA3, 0xFFB3, 0xFFB4, 0xFFB4, 0xEFC5, 0xFFC5, 0x3FC5, 0x0000, 0x0000,
0x0000, 0x0000, 0x1E82, 0xEE82, 0xFE82, 0xEE92, 0xFFA3, 0xFFB3, 0xFFC4, 0xEFD6, 0xFFF8, 0xDFF9, 0x0FF9, 0x0000, 0x0000, 0x0000,
0x0000, 0x0000, 0x0000, 0x0000, 0x0000, 0x0000, 0x0000, 0x0000, 0x0000, 0x5E82, 0xFE82, 0xEE82, 0xFE92, 0xFFA3, 0xFFA3, 0xFFB4,
0xFFD6, 0xEFF7, 0xFFFA, 0xAFFB, 0x0000, 0x0000, 0x0000, 0x0000, 0x0000, 0x0000, 0x0000, 0x0000, 0x0000, 0x0000, 0x0000, 0x0000,
0x0000, 0x5E81, 0xDE81, 0xFE82, 0xFE82, 0xFE82, 0xEE82, 0xEE92, 0xEE92, 0xEE92, 0xEE92, 0xEE92, 0xEE92, 0xEE92, 0xEE92, 0xFE92,
0xFE92, 0xFE92, 0xFE92, 0xEE92, 0x9E92, 0x3E92, 0x0000, 0x0000, 0x0000, 0x0000, 0x0000, 0x0000, 0x0000, 0x0000, 0x0000, 0x0000,
0x0000, 0x0000, 0x0000, 0x0000, 0x0000, 0x0000, 0x0000, 0x1FA3, 0xDFA3, 0xEFA3, 0xEFA3, 0xFFA3, 0xFFA3, 0xFFA3, 0xFFB3, 0xFFB3,
0xFFB4, 0xEFB4, 0xEFC4, 0xBFC4, 0x0000, 0x0000, 0x0000, 0x0000, 0x0000, 0x0000, 0x0000, 0x0000, 0x0000, 0x0000, 0x0000, 0x0000,
0x0000, 0x0000, 0x7E92, 0xFE92, 0xEFA3, 0xFFA3, 0xFFA3, 0xFFA3, 0xFFB3, 0xFFB4, 0xFFB4, 0xEFC5, 0xFFD5, 0x7FD5, 0x0000, 0x0000,
0x0000, 0x0000, 0x6E82, 0xFE82, 0xEE92, 0xFE92, 0xFFA3, 0xFFB4, 0xFFC5, 0xEFE6, 0xFFF8, 0x8FF9, 0x0000, 0x0000, 0x0000, 0x0000,
0x0000, 0x0000, 0x0000, 0x0000, 0x0000, 0x0000, 0x0000, 0x0000, 0x0000, 0xBE82, 0xEE82, 0xEE92, 0xFE92, 0xFFA3, 0xFFB4, 0xFFC5,
0xEFE7, 0xEFF9, 0xEFFA, 0x1FFB, 0x0000, 0x0000, 0x0000, 0x0000, 0x0000, 0x0000, 0x0000, 0x0000, 0x0000, 0x0000, 0x0000, 0x0000,
0x8E81, 0xFE81, 0xFE82, 0xEE82, 0xEE82, 0xFE92, 0xFE92, 0xFE92, 0xFE92, 0xFE92, 0xFE92, 0xFE92, 0xFE92, 0xFE92, 0xFE92, 0xEE92,
0xEE92, 0xEE92, 0xEE92, 0xFE92, 0xFE92, 0xFE92, 0xBE92, 0x4E92, 0x0000, 0x0000, 0x0000, 0x0000, 0x0000, 0x0000, 0x0000, 0x0000,
0x0000, 0x0000, 0x0000, 0x0000, 0x0000, 0x0000, 0x0000, 0x0000, 0x4FA3, 0xFFA3, 0xEFA3, 0xFFA3, 0xFFA3, 0xFFA3, 0xFFB3, 0xFFB3,
0xFFB4, 0xFFB4, 0xEFC4, 0xEFC4, 0x2FC5, 0x0000, 0x0000, 0x0000, 0x0000, 0x0000, 0x0000, 0x0000, 0x0000, 0x0000, 0x0000, 0x0000,
0x0000, 0x0000, 0x3E92, 0xFE92, 0xEE92, 0xFFA3, 0xFFA3, 0xFFA3, 0xFFB3, 0xFFB4, 0xFFB4, 0xEFC5, 0xFFD5, 0xAFD5, 0x0000, 0x0000,
0x0000, 0x0000, 0xAE82, 0xFE82, 0xEE92, 0xFE92, 0xFFA3, 0xFFB4, 0xFFC5, 0xEFE7, 0xFFF8, 0x4FF9, 0x0000, 0x0000, 0x0000, 0x0000,
0x0000, 0x0000, 0x0000, 0x0000, 0x0000, 0x0000, 0x0000, 0x0000, 0x2E82, 0xEE82, 0xEE82, 0xFE92, 0xFFA3, 0xFFA3, 0xFFC4, 0xFFD6,
0xEFF8, 0xFFFA, 0x7FFB, 0x0000, 0x0000, 0x0000, 0x0000, 0x0000, 0x0000, 0x0000, 0x0000, 0x0000, 0x0000, 0x0000, 0x0000, 0xAE81,
0xFE82, 0xEE82, 0xEE82, 0xFE92, 0xFE92, 0xFE92, 0xFFA3, 0xFFA3, 0xFFA3, 0xFFA3, 0xFFA3, 0xFFA3, 0xFFA3, 0xFFA3, 0xFFA3, 0xFFA3,
0xFFA3, 0xFF93, 0xFE92, 0xEE92, 0xEE92, 0xEE92, 0xFE92, 0xFE92, 0xAE92, 0x2E92, 0x0000, 0x0000, 0x0000, 0x0000, 0x0000, 0x0000,
0x0000, 0x0000, 0x0000, 0x0000, 0x0000, 0x0000, 0x0000, 0x0000, 0x0000, 0xAFA3, 0xFFA3, 0xEFA3, 0xFFA3, 0xFFA3, 0xFFA3, 0xFFB3,
0xFFB4, 0xFFB4, 0xEFB4, 0xFFC4, 0x8FC5, 0x0000, 0x0000, 0x0000, 0x0000, 0x0000, 0x0000, 0x0000, 0x0000, 0x0000, 0x0000, 0x0000,
0x0000, 0x0000, 0x0E92, 0xDE92, 0xFE92, 0xEFA3, 0xFFA3, 0xFFA3, 0xFFB3, 0xFFB4, 0xFFB4, 0xEFC4, 0xFFD5, 0xCFD5, 0x0000, 0x0000,
0x0000, 0x1E82, 0xEE82, 0xFE92, 0xEE92, 0xFFA3, 0xFFA3, 0xFFB4, 0xEFD5, 0xFFF7, 0xEFF8, 0x2FF9, 0x0000, 0x0000, 0x0000, 0x0000,
0x0000, 0x0000, 0x0000, 0x0000, 0x0000, 0x0000, 0x0000, 0x0000, 0x9E82, 0xFE82, 0xEE92, 0xFE92, 0xFFA3, 0xFFB4, 0xFFC5, 0xEFE7,
0xEFF9, 0xDFFA, 0x0FFA, 0x0000, 0x0000, 0x0000, 0x0000, 0x0000, 0x0000, 0x0000, 0x0000, 0x0000, 0x0000, 0x0000, 0xAE81, 0xFE82,
0xEE82, 0xFE82, 0xFE92, 0xFE92, 0xFFA3, 0xFFA3, 0xFFA3, 0xFFB3, 0xFFB4, 0xFFB4, 0xFFB4, 0xFFB4, 0xFFB3, 0xFFB3, 0xFFA3, 0xFFA3,
0xFFA3, 0xFFA3, 0xFFA3, 0xFFA3, 0xFFA3, 0xFE92, 0xEE92, 0xEE92, 0xFE92, 0xEE92, 0x6E92, 0x0000, 0x0000, 0x0000, 0x0000, 0x0000,
0x0000, 0x0000, 0x0000, 0x0000, 0x0000, 0x0000, 0x0000, 0x0000, 0x0000, 0x2FA3, 0xEFA3, 0xEFA3, 0xEFA3, 0xFFA3, 0xFFA3, 0xFFB3,
0xFFB3, 0xFFB4, 0xEFB4, 0xFFC5, 0xDFC5, 0x0FC5, 0x0000, 0x0000, 0x0000, 0x0000, 0x0000, 0x0000, 0x0000, 0x0000, 0x0000, 0x0000,
0x0000, 0x0000, 0x0000, 0xAE92, 0xFE92, 0xEFA3, 0xFFA3, 0xFFA3, 0xFFA3, 0xFFB4, 0xFFB4, 0xEFC4, 0xFFC5, 0xEFD5, 0x1FC5, 0x0000,
0x0000, 0x4E82, 0xFE82, 0xEE92, 0xFE92, 0xFFA3, 0xFFB3, 0xFFC4, 0xEFD6, 0xFFF7, 0xDFF8, 0x0000, 0x0000, 0x0000, 0x0000, 0x0000,
0x0000, 0x0000, 0x0000, 0x0000, 0x0000, 0x0000, 0x0000, 0x1E82, 0xEE82, 0xFE82, 0xEE92, 0xFE92, 0xFFA3, 0xFFB4, 0xFFD5, 0xEFF7,
0xFFF9, 0x6FFA, 0x0000, 0x0000, 0x0000, 0x0000, 0x0000, 0x0000, 0x0000, 0x0000, 0x0000, 0x0000, 0x0000, 0x9E81, 0xFE82, 0xEE82,
0xFE92, 0xFE92, 0xFFA3, 0xFFA3, 0xFFB3, 0xFFB4, 0xFFB4, 0xFFC4, 0xFFC5, 0xFFC5, 0xFFC5, 0xFFC4, 0xFFC4, 0xFFB4, 0xFFB4, 0xFFB4,
0xFFB3, 0xFFB3, 0xFFA3, 0xFFA3, 0xFFA3, 0xFFA3, 0xFFA3, 0xFFA3, 0xEFA3, 0xFE92, 0xFF93, 0x9FA3, 0x0000, 0x0000, 0x0000, 0x0000,
0x0000, 0x0000, 0x0000, 0x0000, 0x0000, 0x0000, 0x0000, 0x0000, 0x0000, 0x0000, 0x9FA3, 0xFFA3, 0xEFA3, 0xFFA3, 0xFFA3, 0xFFA3,
0xFFB3, 0xFFB4, 0xFFB4, 0xEFC4, 0xFFC5, 0x4FC5, 0x0000, 0x0000, 0x0000, 0x0000, 0x0000, 0x0000, 0x0000, 0x0000, 0x0000, 0x0000,
0x0000, 0x0000, 0x0000, 0x6E92, 0xFE92, 0xEFA3, 0xFFA3, 0xFFA3, 0xFFA3, 0xFFB3, 0xFFB4, 0xFFC4, 0xEFC5, 0xFFD5, 0x3FC5, 0x0000,
0x0000, 0x6E82, 0xFE82, 0xEE92, 0xFE92, 0xFFA3, 0xFFB3, 0xFFC4, 0xEFD6, 0xFFF7, 0xAFF8, 0x0000, 0x0000, 0x0000, 0x0000, 0x0000,
0x0000, 0x0000, 0x0000, 0x0000, 0x0000, 0x0000, 0x0000, 0x5E82, 0xFE82, 0xEE92, 0xFE92, 0xFFA3, 0xFFB4, 0xFFC5, 0xEFE6, 0xFFF8,
0xDFFA, 0x0FFA, 0x0000, 0x0000, 0x0000, 0x0000, 0x0000, 0x0000, 0x0000, 0x0000, 0x0000, 0x0000, 0x8E81, 0xFE82, 0xEE82, 0xFE92,
0xFE92, 0xFFA3, 0xFFA3, 0xFFB4, 0xFFC4, 0xFFC5, 0xFFD5, 0xEFE6, 0xEFE6, 0xEFE6, 0xEFE6, 0xEFD6, 0xEFD5, 0xEFC5, 0xFFC5, 0xFFC4,
0xFFB4, 0xFFB4, 0xFFB4, 0xFFB3, 0xFFA3, 0xFFA3, 0xFFA3, 0xFFA3, 0xFFA3, 0xEFA3, 0xEFA3, 0xFFA3, 0x9FA3, 0x0000, 0x0000, 0x0000,
0x0000, 0x0000, 0x0000, 0x0000, 0x0000, 0x0000, 0x0000, 0x0000, 0x0000, 0x0000, 0x2FA3, 0xEFA3, 0xEFA3, 0xEFA3, 0xFFA3, 0xFFA3,
0xFFB3, 0xFFB4, 0xFFB4, 0xEFC4, 0xEFC5, 0x9FD5, 0x0000, 0x0000, 0x0000, 0x0000, 0x0000, 0x0000, 0x0000, 0x0000, 0x0000, 0x0000,
0x0000, 0x0000, 0x0000, 0x2E92, 0xEE92, 0xEE93, 0xFFA3, 0xFFA3, 0xFFA3, 0xFFB3, 0xFFB4, 0xFFC4, 0xEFC5, 0xFFC5, 0x5FC4, 0x0000,
0x0000, 0x8E92, 0xFE92, 0xEE92, 0xFE92, 0xFFA3, 0xFFB4, 0xFFC5, 0xEFE6, 0xFFF7, 0x8FF8, 0x0000, 0x0000, 0x0000, 0x0000, 0x0000,
0x0000, 0x0000, 0x0000, 0x0000, 0x0000, 0x0000, 0x0000, 0x8E82, 0xEE82, 0xEE92, 0xFE92, 0xFFA3, 0xFFB4, 0xFFD5, 0xEFF7, 0xFFF9,
0x7FFA, 0x0000, 0x0000, 0x0000, 0x0000, 0x0000, 0x0000, 0x0000, 0x0000, 0x0000, 0x0000, 0x3E82, 0xFE82, 0xEE82, 0xEE92, 0xFE92,
0xFFA3, 0xFFA3, 0xFFB4, 0xFFC4, 0xFFD5, 0xEFE7, 0xEFF8, 0xFFF8, 0xFFF8, 0xFFF8, 0xFFF8, 0xFFF7, 0xFFE7, 0xFFE6, 0xEFD6, 0xEFD5,
0xEFC5, 0xFFC4, 0xFFB4, 0xFFB4, 0xFFB4, 0xFFB3, 0xFFA3, 0xFFA3, 0xFFA3, 0xFFA3, 0xFFA3, 0xEFA3, 0xFFA3, 0x8FA3, 0x0000, 0x0000,
0x0000, 0x0000, 0x0000, 0x0000, 0x0000, 0x0000, 0x0000, 0x0000, 0x0000, 0x0000, 0x0000, 0xAE93, 0xFFA3, 0xEFA3, 0xFFA3, 0xFFA3,
0xFFA3, 0xFFB3, 0xFFB4, 0xEFC4, 0xFFC5, 0xCFD5, 0x0000, 0x0000, 0x0000, 0x0000, 0x0000, 0x0000, 0x0000, 0x0000, 0x0000, 0x0000,
0x0000, 0x0000, 0x0000, 0x0000, 0xBE92, 0xFE92, 0xEFA3, 0xFFA3, 0xFFA3, 0xFFB3, 0xFFB4, 0xFFB4, 0xEFC5, 0xFFC5, 0x8FC4, 0x0000,
0x0000, 0xBE92, 0xFE92, 0xEE92, 0xFFA3, 0xFFA3, 0xFFB4, 0xFFC5, 0xEFE6, 0xFFF8, 0x5FF8, 0x0000, 0x0000, 0x0000, 0x0000, 0x0000,
0x0000, 0x0000, 0x0000, 0x0000, 0x0000, 0x0000, 0x0000, 0xCE82, 0xFE82, 0xEE92, 0xFFA3, 0xFFA3, 0xFFC4, 0xEFD6, 0xEFF8, 0xEFF9,
0x2FFA, 0x0000, 0x0000, 0x0000, 0x0000, 0x0000, 0x0000, 0x0000, 0x0000, 0x0000, 0x0000, 0xBE82, 0xFE82, 0xEE82, 0xFE92, 0xFFA3,
0xFFA3, 0xFFB4, 0xFFC5, 0xFFD6, 0xEFF7, 0xFFF9, 0xFFFA, 0xDFFA, 0x9FFA, 0x7FFA, 0x7FF9, 0x9FF8, 0xCFF8, 0xEFF7, 0xFFE7, 0xFFE6,
0xFFD6, 0xEFD5, 0xEFC5, 0xFFC4, 0xFFB4, 0xFFB4, 0xFFB3, 0xFFB3, 0xFFA3, 0xFFA3, 0xFFA3, 0xFFA3, 0xEFA3, 0xFFA3, 0x6FA3, 0x0000,
0x0000, 0x0000, 0x0000, 0x0000, 0x0000, 0x0000, 0x0000, 0x0000, 0x0000, 0x0000, 0x0000, 0x4E92, 0xFE92, 0xEFA3, 0xFFA3, 0xFFA3,
0xFFA3, 0xFFB3, 0xFFB4, 0xEFC4, 0xFFC5, 0xEFD5, 0x1FD5, 0x0000, 0x0000, 0x0000, 0x0000, 0x0000, 0x0000, 0x0000, 0x0000, 0x0000,
0x0000, 0x0000, 0x0000, 0x0000, 0x5E92, 0xFE92, 0xEFA3, 0xFFA3, 0xFFA3, 0xFFA3, 0xFFB4, 0xFFB4, 0xEFC4, 0xFFC4, 0xBFB4, 0x0000,
0x1E92, 0xDE92, 0xFE92, 0xEE92, 0xFFA3, 0xFFA3, 0xFFB4, 0xFFC5, 0xEFE6, 0xFFF8, 0x3FF8, 0x0000, 0x0000, 0x0000, 0x0000, 0x0000,
0x0000, 0x0000, 0x0000, 0x0000, 0x0000, 0x0000, 0x1E82, 0xEE82, 0xFE92, 0xEE92, 0xFFA3, 0xFFB3, 0xFFC5, 0xEFE6, 0xFFF8, 0xBFF9,
0x0000, 0x0000, 0x0000, 0x0000, 0x0000, 0x0000, 0x0000, 0x0000, 0x0000, 0x0000, 0x4E82, 0xFE82, 0xEE82, 0xFE92, 0xFE92, 0xFFA3,
0xFFB4, 0xFFC5, 0xFFE6, 0xEFF8, 0xFFFA, 0xDFFB, 0x5FFB, 0x0FFB, 0x0000, 0x0000, 0x0000, 0x0000, 0x0000, 0x1FF7, 0x4FF7, 0x8FF7,
0xDFE6, 0xFFD6, 0xFFD5, 0xEFC5, 0xFFC4, 0xFFB4, 0xFFB4, 0xFFB3, 0xFFB3, 0xFFA3, 0xFFA3, 0xFFA3, 0xEFA3, 0xEFA3, 0xEFB3, 0x2FB4,
0x0000, 0x0000, 0x0000, 0x0000, 0x0000, 0x0000, 0x0000, 0x0000, 0x0000, 0x0000, 0x0000, 0x0E92, 0xEE92, 0xFE92, 0xEFA3, 0xFFA3,
0xFFA3, 0xFFB3, 0xFFB4, 0xFFB4, 0xEFC5, 0xFFD5, 0x4FD5, 0x0000, 0x0000, 0x0000, 0x0000, 0x0000, 0x0000, 0x0000, 0x0000, 0x0000,
0x0000, 0x0000, 0x0000, 0x0000, 0x1E92, 0xEE92, 0xFE92, 0xEFA3, 0xFFA3, 0xFFA3, 0xFFB3, 0xFFB4, 0xEFB4, 0xFFB4, 0xDFB4, 0x0FA3,
0x4E92, 0xFE92, 0xEE92, 0xFE92, 0xFFA3, 0xFFB3, 0xFFB4, 0xEFD5, 0xFFE6, 0xEFF8, 0x1FF8, 0x0000, 0x0000, 0x0000, 0x0000, 0x0000,
0x0000, 0x0000, 0x0000, 0x0000, 0x0000, 0x0000, 0x3E82, 0xFE82, 0xEE92, 0xFE92, 0xFFA3, 0xFFB4, 0xFFC5, 0xEFE7, 0xFFF8, 0x6FF9,
0x0000, 0x0000, 0x0000, 0x0000, 0x0000, 0x0000, 0x0000, 0x0000, 0x0000, 0x0000, 0xBE82, 0xEE82, 0xEE92, 0xFE92, 0xFFA3, 0xFFB3,
0xFFC4, 0xFFD6, 0xEFF8, 0xFFFA, 0xBFFB, 0x1FFC, 0x0000, 0x0000, 0x0000, 0x0000, 0x0000, 0x0000, 0x0000, 0x0000, 0x0000, 0x0000,
0x0FE6, 0x5FE6, 0xCFD5, 0xFFC5, 0xEFC5, 0xEFB4, 0xFFB4, 0xFFB4, 0xFFB3, 0xFFB3, 0xFFA3, 0xFFB3, 0xFFA3, 0xEFB3, 0xFFB4, 0xBFB4,
0x0000, 0x0000, 0x0000, 0x0000, 0x0000, 0x0000, 0x0000, 0x0000, 0x0000, 0x0000, 0x0000, 0x0000, 0xAE92, 0xFE92, 0xEFA3, 0xFFA3,
0xFFA3, 0xFFB3, 0xFFB4, 0xFFB4, 0xEFC5, 0xFFD5, 0x8FD5, 0x0000, 0x0000, 0x0000, 0x0000, 0x0000, 0x0000, 0x0000, 0x0000, 0x0000,
0x0000, 0x0000, 0x0000, 0x0000, 0x0000, 0xBE92, 0xFE92, 0xEFA3, 0xFFA3, 0xFFA3, 0xFFB3, 0xFFB4, 0xFFB4, 0xFFB4, 0xEFA3, 0x3FA3,
0x7E92, 0xFE92, 0xEE92, 0xFE93, 0xFFA3, 0xFFB3, 0xFFB4, 0xEFD5, 0xFFE7, 0xDFF8, 0x0FF8, 0x0000, 0x0000, 0x0000, 0x0000, 0x0000,
0x0000, 0x0000, 0x0000, 0x0000, 0x0000, 0x0000, 0x5E82, 0xFE82, 0xEE92, 0xFE92, 0xFFA3, 0xFFB4, 0xFFD5, 0xEFF7, 0xEFF8, 0x2FF9,
0x0000, 0x0000, 0x0000, 0x0000, 0x0000, 0x0000, 0x0000, 0x0000, 0x0000, 0x2E82, 0xEE82, 0xEE82, 0xFE92, 0xFFA3, 0xFFA3, 0xFFB4,
0xFFD5, 0xEFF7, 0xFFF9, 0xCFFB, 0x1FFC, 0x0000, 0x0000, 0x0000, 0x0000, 0x0000, 0x0000, 0x0000, 0x0000, 0x0000, 0x0000, 0x0000,
0x0000, 0x0000, 0x0FD5, 0x8FD5, 0xFFC5, 0xFFC4, 0xEFB4, 0xFFB4, 0xFFB4, 0xFFB3, 0xFFB3, 0xFFB3, 0xFFB3, 0xFFB3, 0xEFB4, 0xFFB4,
0x5FB4, 0x0000, 0x0000, 0x0000, 0x0000, 0x0000, 0x0000, 0x0000, 0x0000, 0x0000, 0x0000, 0x0000, 0x6E92, 0xFE92, 0xEEA3, 0xFFA3,
0xFFA3, 0xFFA3, 0xFFB4, 0xFFB4, 0xEFC5, 0xFFD5, 0xBFD6, 0x0000, 0x0000, 0x0000, 0x0000, 0x0000, 0x0000, 0x0000, 0x0000, 0x0000,
0x0000, 0x0000, 0x0000, 0x0000, 0x0000, 0x8E92, 0xFE92, 0xEE92, 0xFFA3, 0xFFA3, 0xFFB3, 0xFFB4, 0xFFB4, 0xEFB3, 0xFFA3, 0x6FA3,
0xAE92, 0xFE92, 0xEE92, 0xFFA3, 0xFFA3, 0xFFB4, 0xFFB4, 0xEFD5, 0xFFE7, 0xCFF7, 0x0000, 0x0000, 0x0000, 0x0000, 0x0000, 0x0000,
0x0000, 0x0000, 0x0000, 0x0000, 0x0000, 0x0000, 0x7E82, 0xFE82, 0xEE92, 0xFE92, 0xFFA3, 0xFFB4, 0xEFD5, 0xFFF7, 0xDFF8, 0x0000,
0x0000, 0x0000, 0x0000, 0x0000, 0x0000, 0x0000, 0x0000, 0x0000, 0x0000, 0x7E82, 0xFE82, 0xEE92, 0xFE92, 0xFFA3, 0xFFB4, 0xFFC5,
0xEFE6, 0xEFF8, 0xEFFA, 0x3FFB, 0x0000, 0x0000, 0x0000, 0x0000, 0x0000, 0x0000, 0x0000, 0x0000, 0x0000, 0x0000, 0x0000, 0x0000,
0x0000, 0x0000, 0x0000, 0x0000, 0x4FC5, 0xDFC4, 0xFFB4, 0xEFB4, 0xFFB3, 0xFFB3, 0xFFB3, 0xFFB3, 0xFFB3, 0xFFB4, 0xEFB4, 0xEFB4,
0xCFB4, 0x0000, 0x0000, 0x0000, 0x0000, 0x0000, 0x0000, 0x0000, 0x0000, 0x0000, 0x0000, 0x0000, 0x3E92, 0xFE92, 0xEE92, 0xFFA3,
0xFFA3, 0xFFA3, 0xFFB4, 0xFFB4, 0xEFC4, 0xFFD5, 0xEFD6, 0x1FD6, 0x0000, 0x0000, 0x0000, 0x0000, 0x0000, 0x0000, 0x0000, 0x0000,
0x0000, 0x0000, 0x0000, 0x0000, 0x0000, 0x5E92, 0xFE92, 0xEE92, 0xFFA3, 0xFFA3, 0xFFA3, 0xFFB3, 0xFFB3, 0xEFB3, 0xFFA3, 0x9FA3,
0xBE92, 0xFE92, 0xEFA3, 0xFFA3, 0xFFA3, 0xFFB4, 0xFFC4, 0xEFD5, 0xFFE6, 0xBFF7, 0x0000, 0x0000, 0x0000, 0x0000, 0x0000, 0x0000,
0x0000, 0x0000, 0x0000, 0x0000, 0x0000, 0x0000, 0x9E82, 0xFE92, 0xEE92, 0xFFA3, 0xFFA3, 0xFFC4, 0xEFD6, 0xFFF7, 0xAFF8, 0x0000,
0x0000, 0x0000, 0x0000, 0x0000, 0x0000, 0x0000, 0x0000, 0x0000, 0x0000, 0xAE82, 0xFE82, 0xEE92, 0xFE92, 0xFFA3, 0xFFB4, 0xFFD5,
0xEFF7, 0xFFF9, 0x8FFB, 0x0000, 0x0000, 0x0000, 0x0000, 0x0000, 0x0000, 0x0000, 0x0000, 0x0000, 0x0000, 0x0000, 0x0000, 0x0000,
0x0000, 0x0000, 0x0000, 0x0000, 0x0000, 0x2FC4, 0xDFB4, 0xFFB4, 0xEFB3, 0xFFA3, 0xFFA3, 0xFFB3, 0xFFB3, 0xFFB4, 0xFFB4, 0xEFB4,
0xFFC4, 0x3FC4, 0x0000, 0x0000, 0x0000, 0x0000, 0x0000, 0x0000, 0x0000, 0x0000, 0x0000, 0x0000, 0x0E92, 0xDE92, 0xFE92, 0xEFA3,
0xFFA3, 0xFFA3, 0xFFB3, 0xFFB4, 0xFFC4, 0xEFC5, 0xFFD6, 0x3FD6, 0x0000, 0x0000, 0x0000, 0x0000, 0x0000, 0x0000, 0x0000, 0x0000,
0x0000, 0x0000, 0x0000, 0x0000, 0x0000, 0x2E92, 0xEE92, 0xFE92, 0xFFA3, 0xFFA3, 0xFFA3, 0xFFB3, 0xFFB3, 0xEFA3, 0xFFA3, 0xCFA3,
0xCFA3, 0xFFA3, 0xEFA3, 0xFFA3, 0xFFA3, 0xFFB4, 0xFFC4, 0xEFD5, 0xFFE6, 0xBFF7, 0x0000, 0x0000, 0x0000, 0x0000, 0x0000, 0x0000,
0x0000, 0x0000, 0x0000, 0x0000, 0x0000, 0x0000, 0xAE82, 0xFE92, 0xEE92, 0xFFA3, 0xFFB3, 0xFFC4, 0xEFD6, 0xFFF7, 0x8FF8, 0x0000,
0x0000, 0x0000, 0x0000, 0x0000, 0x0000, 0x0000, 0x0000, 0x0000, 0x0000, 0xDE82, 0xFE82, 0xEE92, 0xFFA3, 0xFFA3, 0xFFC4, 0xEFD6,
0xFFF8, 0xDFFA, 0x0FFA, 0x0000, 0x0000, 0x0000, 0x0000, 0x0000, 0x0000, 0x0000, 0x0000, 0x0000, 0x0000, 0x0000, 0x0000, 0x0000,
0x0000, 0x0000, 0x0000, 0x0000, 0x0000, 0x0000, 0x2FB4, 0xDFB3, 0xEFA3, 0xEFA3, 0xFFA3, 0xFFA3, 0xFFA3, 0xFFB3, 0xFFB4, 0xEFB4,
0xEFC4, 0x9FC5, 0x0000, 0x0000, 0x0000, 0x0000, 0x0000, 0x0000, 0x0000, 0x0000, 0x0000, 0x0000, 0x0000, 0xAE92, 0xFE92, 0xEFA3,
0xFFA3, 0xFFA3, 0xFFB3, 0xFFB4, 0xFFC4, 0xEFC5, 0xFFD6, 0x5FD6, 0x0000, 0x0000, 0x0000, 0x0000, 0x0000, 0x0000, 0x0000, 0x0000,
0x0000, 0x0000, 0x0000, 0x0000, 0x0000, 0x0E92, 0xDE92, 0xFE92, 0xEFA3, 0xFFA3, 0xFFA3, 0xFFB3, 0xFFB3, 0xFFA3, 0xFFA3, 0xEFA3,
0xDFA3, 0xFFA3, 0xEFA3, 0xFFA3, 0xFFA3, 0xFFB4, 0xFFC4, 0xEFD5, 0xFFE6, 0xBFF7, 0x0000, 0x0000, 0x0000, 0x0000, 0x0000, 0x0000,
0x0000, 0x0000, 0x0000, 0x0000, 0x0000, 0x0000, 0xCE82, 0xFE92, 0xEE92, 0xFFA3, 0xFFB3, 0xFFC4, 0xEFD6, 0xFFF7, 0x6FF8, 0x0000,
0x0000, 0x0000, 0x0000, 0x0000, 0x0000, 0x0000, 0x0000, 0x0000, 0x2E82, 0xEE82, 0xEE92, 0xFE92, 0xFFA3, 0xFFB4, 0xFFC5, 0xEFE6,
0xFFF8, 0x7FF9, 0x0000, 0x0000, 0x0000, 0x0000, 0x0000, 0x0000, 0x0000, 0x0000, 0x0000, 0x0000, 0x0000, 0x0000, 0x0000, 0x0000,
0x0000, 0x0000, 0x0000, 0x0000, 0x0000, 0x0000, 0x0000, 0x4FA3, 0xFFA3, 0xEFA3, 0xFFA3, 0xFFA3, 0xFFA3, 0xFFB3, 0xFFB4, 0xEFB4,
0xFFC4, 0xDFC5, 0x0FC5, 0x0000, 0x0000, 0x0000, 0x0000, 0x0000, 0x0000, 0x0000, 0x0000, 0x0000, 0x0000, 0x6E92, 0xFE92, 0xEE92,
0xFFA3, 0xFFA3, 0xFFB3, 0xFFB4, 0xFFB4, 0xEFC5, 0xFFD5, 0x7FD6, 0x0000, 0x0000, 0x0000, 0x0000, 0x0000, 0x0000, 0x0000, 0x0000,
0x0000, 0x0000, 0x0000, 0x0000, 0x0000, 0x0000, 0xAE92, 0xFE92, 0xEFA3, 0xFFA3, 0xFFA3, 0xFFB3, 0xFFB3, 0xFFB4, 0xFFB4, 0xFFB3,
0xDFA3, 0xFFA3, 0xEFA3, 0xFFA3, 0xFFB3, 0xFFB4, 0xFFC4, 0xEFD5, 0xFFE6, 0xBFF7, 0x0000, 0x0000, 0x0000, 0x0000, 0x0000, 0x0000,
0x0000, 0x0000, 0x0000, 0x0000, 0x0000, 0x0000, 0xCE82, 0xFE92, 0xEE92, 0xFFA3, 0xFFB4, 0xFFC4, 0xEFD6, 0xFFF7, 0x5FF8, 0x0000,
0x0000, 0x0000, 0x0000, 0x0000, 0x0000, 0x0000, 0x0000, 0x0000, 0x5E82, 0xFE82, 0xEE92, 0xFE92, 0xFFA3, 0xFFB4, 0xFFC5, 0xEFE6,
0xFFF8, 0x3FF9, 0x0000, 0x0000, 0x0000, 0x0000, 0x0000, 0x0000, 0x0000, 0x0000, 0x0000, 0x0000, 0x0000, 0x0000, 0x0000, 0x0000,
0x0000, 0x0000, 0x0000, 0x0000, 0x0000, 0x0000, 0x0000, 0x0000, 0xAFA3, 0xFFA3, 0xEFA3, 0xFFA3, 0xFFA3, 0xFFB3, 0xFFB4, 0xFFB4,
0xEFC4, 0xFFC5, 0x4FC5, 0x0000, 0x0000, 0x0000, 0x0000, 0x0000, 0x0000, 0x0000, 0x0000, 0x0000, 0x0000, 0x3E92, 0xFE92, 0xEE92,
0xFFA3, 0xFFA3, 0xFFA3, 0xFFB4, 0xFFB4, 0xEFC5, 0xFFD5, 0xAFD6, 0x0000, 0x0000, 0x0000, 0x0000, 0x0000, 0x0000, 0x0000, 0x0000,
0x0000, 0x0000, 0x0000, 0x0000, 0x0000, 0x0000, 0x7E92, 0xFFA3, 0xEFA3, 0xFFA3, 0xFFB3, 0xFFB4, 0xFFB4, 0xFFB4, 0xFFC4, 0xEFC4,
0xDFA3, 0xFFA3, 0xEFA3, 0xFFA3, 0xFFB3, 0xFFB4, 0xFFC4, 0xEFD5, 0xFFE6, 0xBFF7, 0x0000, 0x0000, 0x0000, 0x0000, 0x0000, 0x0000,
0x0000, 0x0000, 0x0000, 0x0000, 0x0000, 0x0E92, 0xDE82, 0xFE92, 0xEE92, 0xFFA3, 0xFFB4, 0xFFC4, 0xEFD6, 0xFFF7, 0x4FF7, 0x0000,
0x0000, 0x0000, 0x0000, 0x0000, 0x0000, 0x0000, 0x0000, 0x0000, 0x7E82, 0xFE92, 0xEE92, 0xFE92, 0xFFA3, 0xFFB4, 0xEFC5, 0xFFE6,
0xEFF7, 0x1FF8, 0x0000, 0x0000, 0x0000, 0x0000, 0x0000, 0x0000, 0x0000, 0x0000, 0x0000, 0x0000, 0x0000, 0x0000, 0x0000, 0x0000,
0x0000, 0x0000, 0x0000, 0x0000, 0x0000, 0x0000, 0x0000, 0x0000, 0x3FA3, 0xFFA3, 0xEFA3, 0xFFA3, 0xFFA3, 0xFFA3, 0xFFB4, 0xFFB4,
0xEFC4, 0xEFC5, 0x9FD5, 0x0000, 0x0000, 0x0000, 0x0000, 0x0000, 0x0000, 0x0000, 0x0000, 0x0000, 0x0000, 0x0E92, 0xDE92, 0xFE92,
0xEFA3, 0xFFA3, 0xFFA3, 0xFFB3, 0xFFB4, 0xEFC5, 0xFFD5, 0xCFD6, 0x0000, 0x0000, 0x0000, 0x0000, 0x0000, 0x0000, 0x0000, 0x0000,
0x0000, 0x0000, 0x0000, 0x0000, 0x0000, 0x0000, 0x2FA3, 0xEFA3, 0xEFA3, 0xFFB3, 0xFFB4, 0xFFB4, 0xFFC5, 0xEFD5, 0xFFD5, 0xDFD5,
0xDFA3, 0xFFA3, 0xEFA3, 0xFFA3, 0xFFB3, 0xFFB4, 0xFFC4, 0xEFD5, 0xFFE6, 0xBFF7, 0x0000, 0x0000, 0x0000, 0x0000, 0x0000, 0x0000,
0x0000, 0x0000, 0x0000, 0x0000, 0x0000, 0x1E92, 0xEE92, 0xFE92, 0xEE92, 0xFFA3, 0xFFB4, 0xFFC4, 0xEFD6, 0xFFE7, 0x4FF7, 0x0000,
0x0000, 0x0000, 0x0000, 0x0000, 0x0000, 0x0000, 0x0000, 0x0000, 0x7E92, 0xFE92, 0xEE92, 0xFE93, 0xFFA3, 0xFFB4, 0xEFC5, 0xFFD6,
0xDFE7, 0x0FF7, 0x0000, 0x0000, 0x0000, 0x0000, 0x0000, 0x0000, 0x0000, 0x0000, 0x0000, 0x0000, 0x0000, 0x0000, 0x0000, 0x0000,
0x0000, 0x0000, 0x0000, 0x0000, 0x0000, 0x0000, 0x0000, 0x0000, 0x0000, 0xCEA3, 0xFFA3, 0xEFA3, 0xFFA3, 0xFFA3, 0xFFB3, 0xFFB4,
0xEFC4, 0xFFC5, 0xCFD5, 0x0000, 0x0000, 0x0000, 0x0000, 0x0000, 0x0000, 0x0000, 0x0000, 0x0000, 0x0000, 0x0000, 0xAE92, 0xFE92,
0xEE92, 0xFFA3, 0xFFA3, 0xFFB3, 0xFFB4, 0xEFC4, 0xFFD5, 0xEFD6, 0x1FD6, 0x0000, 0x0000, 0x0000, 0x0000, 0x0000, 0x0000, 0x0000,
0x0000, 0x0000, 0x0000, 0x0000, 0x0000, 0x0000, 0x0000, 0xAFA3, 0xFFB3, 0xEFB4, 0xFFC4, 0xFFD5, 0xFFD6, 0xEFE7, 0xEFF7, 0xBFF7,
0xDFA3, 0xFFA3, 0xEFA3, 0xFFA3, 0xFFB3, 0xFFB4, 0xFFC4, 0xEFD5, 0xFFE6, 0xBFF7, 0x0000, 0x0000, 0x0000, 0x0000, 0x0000, 0x0000,
0x0000, 0x0000, 0x0000, 0x0000, 0x0000, 0x1E92, 0xEE92, 0xFE92, 0xEE92, 0xFFA3, 0xFFB4, 0xFFC4, 0xEFD6, 0xFFE7, 0x4FF7, 0x0000,
0x0000, 0x0000, 0x0000, 0x0000, 0x0000, 0x0000, 0x0000, 0x0000, 0x7E92, 0xFE92, 0xEE92, 0xFFA3, 0xFFA3, 0xFFB4, 0xEFC4, 0xFFD5,
0xEFE6, 0x1FE6, 0x0000, 0x0000, 0x0000, 0x0000, 0x0000, 0x0000, 0x0000, 0x0000, 0x0000, 0x0000, 0x0000, 0x0000, 0x0000, 0x0000,
0x0000, 0x0000, 0x0000, 0x0000, 0x0000, 0x0000, 0x0000, 0x0000, 0x0000, 0x7E92, 0xFE92, 0xEFA3, 0xFFA3, 0xFFA3, 0xFFB3, 0xFFB4,
0xFFC4, 0xEFC5, 0xEFD5, 0x2FD5, 0x0000, 0x0000, 0x0000, 0x0000, 0x0000, 0x0000, 0x0000, 0x0000, 0x0000, 0x0000, 0x7E92, 0xFE92,
0xEE92, 0xFFA3, 0xFFA3, 0xFFB3, 0xFFB4, 0xFFC4, 0xEFC5, 0xFFD6, 0x3FD6, 0x0000, 0x0000, 0x0000, 0x0000, 0x0000, 0x0000, 0x0000,
0x0000, 0x0000, 0x0000, 0x0000, 0x0000, 0x0000, 0x0000, 0x2FB3, 0xDFB4, 0xFFC5, 0xEFD6, 0xEFE6, 0xEFF8, 0xEFF8, 0xFFF9, 0x6FF8,
0xEFB3, 0xFFA3, 0xFFA3, 0xFFA3, 0xFFB3, 0xFFB4, 0xFFC4, 0xEFD5, 0xFFE6, 0xAFF7, 0x0000, 0x0000, 0x0000, 0x0000, 0x0000, 0x0000,
0x0000, 0x0000, 0x0000, 0x0000, 0x0000, 0x1E92, 0xEE92, 0xFE92, 0xEE92, 0xFFA3, 0xFFB4, 0xFFC4, 0xEFD5, 0xFFE6, 0x4FE7, 0x0000,
0x0000, 0x0000, 0x0000, 0x0000, 0x0000, 0x0000, 0x0000, 0x0000, 0x6E92, 0xFE92, 0xEE92, 0xFFA3, 0xFFA3, 0xFFB3, 0xFFB4, 0xEFC5,
0xFFD5, 0x4FD5, 0x0000, 0x0000, 0x0000, 0x0000, 0x0000, 0x0000, 0x0000, 0x0000, 0x0000, 0x0000, 0x0000, 0x0000, 0x0000, 0x0000,
0x0000, 0x0000, 0x0000, 0x0000, 0x0000, 0x0000, 0x0000, 0x0000, 0x0000, 0x2E92, 0xEE92, 0xEE93, 0xFFA3, 0xFFA3, 0xFFA3, 0xFFB4,
0xFFC4, 0xEFC5, 0xFFD5, 0x5FD6, 0x0000, 0x0000, 0x0000, 0x0000, 0x0000, 0x0000, 0x0000, 0x0000, 0x0000, 0x0000, 0x4E92, 0xFE92,
0xEE92, 0xFFA3, 0xFFA3, 0xFFB3, 0xFFB4, 0xFFC4, 0xEFC5, 0xFFD6, 0x6FD6, 0x0000, 0x0000, 0x0000, 0x0000, 0x0000, 0x0000, 0x0000,
0x0000, 0x0000, 0x0000, 0x0000, 0x0000, 0x0000, 0x0000, 0x0000, 0x2FC4, 0xBFD5, 0xFFE6, 0xFFF8, 0xFFF9, 0xFFFA, 0xBFFA, 0x0FF9,
0xEFB4, 0xFFB3, 0xFFA3, 0xFFA3, 0xFFB3, 0xFFB4, 0xFFC4, 0xEFD5, 0xFFE6, 0xAFF7, 0x0000, 0x0000, 0x0000, 0x0000, 0x0000, 0x0000,
0x0000, 0x0000, 0x0000, 0x0000, 0x0000, 0x1E92, 0xEE92, 0xFE92, 0xEE92, 0xFFA3, 0xFFB4, 0xFFC4, 0xEFD5, 0xFFE6, 0x5FE7, 0x0000,
0x0000, 0x0000, 0x0000, 0x0000, 0x0000, 0x0000, 0x0000, 0x0000, 0x4E92, 0xFE92, 0xEE92, 0xFFA3, 0xFFA3, 0xFFB3, 0xFFB4, 0xEFC4,
0xFFC5, 0x8FC5, 0x0000, 0x0000, 0x0000, 0x0000, 0x0000, 0x0000, 0x0000, 0x0000, 0x0000, 0x0000, 0x0000, 0x0000, 0x0000, 0x0000,
0x0000, 0x0000, 0x0000, 0x0000, 0x0000, 0x0000, 0x0000, 0x0000, 0x0000, 0x0000, 0xCE92, 0xFE92, 0xEFA3, 0xFFA3, 0xFFA3, 0xFFB4,
0xFFB4, 0xEFC5, 0xFFD5, 0x8FD6, 0x0000, 0x0000, 0x0000, 0x0000, 0x0000, 0x0000, 0x0000, 0x0000, 0x0000, 0x0000, 0x1E92, 0xEE92,
0xFE92, 0xEFA3, 0xFFA3, 0xFFA3, 0xFFB4, 0xFFB4, 0xEFC5, 0xFFD6, 0x8FD6, 0x0000, 0x0000, 0x0000, 0x0000, 0x0000, 0x0000, 0x0000,
0x0000, 0x0000, 0x0000, 0x0000, 0x0000, 0x0000, 0x0000, 0x0000, 0x0000, 0x0000, 0x4FE6, 0x7FF8, 0x8FF9, 0x6FF9, 0x0FF9, 0x0000,
0xDFB4, 0xFFB3, 0xEFA3, 0xFFA3, 0xFFB3, 0xFFB4, 0xFFC4, 0xEFD5, 0xFFE6, 0xAFE7, 0x0000, 0x0000, 0x0000, 0x0000, 0x0000, 0x0000,
0x0000, 0x0000, 0x0000, 0x0000, 0x0000, 0x1E92, 0xEE92, 0xFE92, 0xEE92, 0xFFA3, 0xFFB4, 0xFFC4, 0xEFD5, 0xFFE6, 0x6FE6, 0x0000,
0x0000, 0x0000, 0x0000, 0x0000, 0x0000, 0x0000, 0x0000, 0x0000, 0x2E92, 0xEE92, 0xFE92, 0xEFA3, 0xFFA3, 0xFFB3, 0xFFB4, 0xEFB4,
0xFFC4, 0xDFC4, 0x0FB4, 0x0000, 0x0000, 0x0000, 0x0000, 0x0000, 0x0000, 0x0000, 0x0000, 0x0000, 0x0000, 0x0000, 0x0000, 0x0000,
0x0000, 0x0000, 0x0000, 0x0000, 0x0000, 0x0000, 0x0000, 0x0000, 0x0000, 0x0000, 0x9E92, 0xFE92, 0xEE93, 0xFFA3, 0xFFA3, 0xFFB3,
0xFFB4, 0xEFC5, 0xFFD5, 0xAFD6, 0x0000, 0x0000, 0x0000, 0x0000, 0x0000, 0x0000, 0x0000, 0x0000, 0x0000, 0x0000, 0x0000, 0xCE92,
0xFE92, 0xEE93, 0xFFA3, 0xFFA3, 0xFFB4, 0xFFB4, 0xEFC5, 0xFFD5, 0xAFE6, 0x0000, 0x0000, 0x0000, 0x0000, 0x0000, 0x0000, 0x0000,
0x0000, 0x0000, 0x0000, 0x0000, 0x0000, 0x0000, 0x0000, 0x0000, 0x0000, 0x0000, 0x0000, 0x0000, 0x0000, 0x0000, 0x0000, 0x0000,
0xBFB4, 0xFFB3, 0xEFA3, 0xFFA3, 0xFFB3, 0xFFB4, 0xFFC4, 0xEFC5, 0xFFE6, 0xAFE7, 0x0000, 0x0000, 0x0000, 0x0000, 0x0000, 0x0000,
0x0000, 0x0000, 0x0000, 0x0000, 0x0000, 0x0000, 0xDE92, 0xFE92, 0xEE92, 0xFFA3, 0xFFB3, 0xFFB4, 0xEFC5, 0xFFD6, 0x8FE6, 0x0000,
0x0000, 0x0000, 0x0000, 0x0000, 0x0000, 0x0000, 0x0000, 0x0000, 0x0000, 0xCE92, 0xFE92, 0xEFA3, 0xFFA3, 0xFFA3, 0xFFB3, 0xFFB4,
0xEFB4, 0xFFB4, 0x5FB4, 0x0000, 0x0000, 0x0000, 0x0000, 0x0000, 0x0000, 0x0000, 0x0000, 0x0000, 0x0000, 0x0000, 0x0000, 0x0000,
0x0000, 0x0000, 0x0000, 0x0000, 0x0000, 0x0000, 0x0000, 0x0000, 0x0000, 0x0000, 0x5E92, 0xFE92, 0xEE92, 0xFFA3, 0xFFA3, 0xFFB3,
0xFFB4, 0xEFC5, 0xFFD6, 0xCFE6, 0x0000, 0x0000, 0x0000, 0x0000, 0x0000, 0x0000, 0x0000, 0x0000, 0x0000, 0x0000, 0x0000, 0xAE92,
0xFE92, 0xEE92, 0xFFA3, 0xFFA3, 0xFFB3, 0xFFB4, 0xEFC5, 0xFFD5, 0xCFE6, 0x0000, 0x0000, 0x0000, 0x0000, 0x0000, 0x0000, 0x0000,
0x0000, 0x0000, 0x0000, 0x0000, 0x0000, 0x0000, 0x0000, 0x0000, 0x0000, 0x0000, 0x0000, 0x0000, 0x0000, 0x0000, 0x0000, 0x0000,
0xAFB4, 0xFFB3, 0xEFA3, 0xFFA3, 0xFFA3, 0xFFB4, 0xFFB4, 0xEFC5, 0xFFE6, 0xBFE7, 0x0000, 0x0000, 0x0000, 0x0000, 0x0000, 0x0000,
0x0000, 0x0000, 0x0000, 0x0000, 0x0000, 0x0000, 0xBE92, 0xFE92, 0xEE92, 0xFFA3, 0xFFB3, 0xFFB4, 0xEFC5, 0xFFD6, 0x9FE6, 0x0000,
0x0000, 0x0000, 0x0000, 0x0000, 0x0000, 0x0000, 0x0000, 0x0000, 0x0000, 0x9E92, 0xEE92, 0xEFA3, 0xFFA3, 0xFFA3, 0xFFB3, 0xFFB4,
0xEFB4, 0xEFB3, 0xDFA3, 0x1FA3, 0x0000, 0x0000, 0x0000, 0x0000, 0x0000, 0x0000, 0x0000, 0x0000, 0x0000, 0x0000, 0x0000, 0x0000,
0x0000, 0x0000, 0x0000, 0x0000, 0x0000, 0x0000, 0x0000, 0x0000, 0x0000, 0x0000, 0x2E92, 0xFE92, 0xEE92, 0xFFA3, 0xFFA3, 0xFFB3,
0xFFB4, 0xEFC5, 0xFFD6, 0xDFE6, 0x0FE6, 0x0000, 0x0000, 0x0000, 0x0000, 0x0000, 0x0000, 0x0000, 0x0000, 0x0000, 0x0000, 0x8E92,
0xFE92, 0xEE92, 0xFFA3, 0xFFA3, 0xFFB3, 0xFFB4, 0xEFC5, 0xFFD5, 0xEFE6, 0x1FE6, 0x0000, 0x0000, 0x0000, 0x0000, 0x0000, 0x0000,
0x0000, 0x0000, 0x0000, 0x0000, 0x0000, 0x0000, 0x0000, 0x0000, 0x0000, 0x0000, 0x0000, 0x0000, 0x0000, 0x0000, 0x0000, 0x0000,
0x9FB4, 0xFFB3, 0xEFA3, 0xFFA3, 0xFFA3, 0xFFB4, 0xFFB4, 0xEFC5, 0xFFD6, 0xCFE6, 0x0000, 0x0000, 0x0000, 0x0000, 0x0000, 0x0000,
0x0000, 0x0000, 0x0000, 0x0000, 0x0000, 0x0000, 0x9E92, 0xFE92, 0xEE92, 0xFFA3, 0xFFA3, 0xFFB4, 0xEFC5, 0xFFD5, 0xBFE6, 0x0000,
0x0000, 0x0000, 0x0000, 0x0000, 0x0000, 0x0000, 0x0000, 0x0000, 0x0000, 0x3E92, 0xFFA3, 0xEFA3, 0xFFA3, 0xFFA3, 0xFFA3, 0xFFB3,
0xFFB3, 0xEFA3, 0xFFA3, 0xBFA3, 0x2E92, 0x0000, 0x0000, 0x0000, 0x0000, 0x0000, 0x0000, 0x0000, 0x0000, 0x0000, 0x0000, 0x0000,
0x0000, 0x0000, 0x0000, 0x0000, 0x0000, 0x0000, 0x0000, 0x0000, 0x0000, 0x0000, 0x1E92, 0xEE92, 0xFE92, 0xEE93, 0xFFA3, 0xFFA3,
0xFFB4, 0xEFC5, 0xFFD6, 0xEFE6, 0x1FE6, 0x0000, 0x0000, 0x0000, 0x0000, 0x0000, 0x0000, 0x0000, 0x0000, 0x0000, 0x0000, 0x6E92,
0xFE92, 0xEE92, 0xFFA3, 0xFFA3, 0xFFB3, 0xFFB4, 0xFFC4, 0xFFD5, 0xEFE6, 0x2FE6, 0x0000, 0x0000, 0x0000, 0x0000, 0x0000, 0x0000,
0x0000, 0x0000, 0x0000, 0x0000, 0x0000, 0x0000, 0x0000, 0x0000, 0x0000, 0x0000, 0x0000, 0x0000, 0x0000, 0x0000, 0x0000, 0x0000,
0x9FB4, 0xFFA3, 0xEFA3, 0xFFA3, 0xFFA3, 0xFFB3, 0xFFB4, 0xEFC5, 0xFFD6, 0xDFE6, 0x0000, 0x0000, 0x0000, 0x0000, 0x0000, 0x0000,
0x0000, 0x0000, 0x0000, 0x0000, 0x0000, 0x0000, 0x7E92, 0xFE92, 0xEE92, 0xFFA3, 0xFFA3, 0xFFB4, 0xEFC4, 0xFFD5, 0xDFD6, 0x0000,
0x0000, 0x0000, 0x0000, 0x0000, 0x0000, 0x0000, 0x0000, 0x0000, 0x0000, 0x0000, 0xBFA3, 0xEFA3, 0xEFA3, 0xFFA3, 0xFFA3, 0xFFB3,
0xFFA3, 0xFFA3, 0xEFA3, 0xFFA3, 0xEE92, 0x9E92, 0x7E92, 0x6E82, 0x4E82, 0x3E82, 0x3E82, 0x3E82, 0x4E82, 0x5E92, 0x4E92, 0x0000,
0x0000, 0x0000, 0x0000, 0x0000, 0x0000, 0x0000, 0x0000, 0x0000, 0x0000, 0x0000, 0x1E92, 0xEE92, 0xFE92, 0xEE92, 0xFFA3, 0xFFA3,
0xFFB4, 0xFFC5, 0xFFD6, 0xFFE6, 0x2FE7, 0x0000, 0x0000, 0x0000, 0x0000, 0x0000, 0x0000, 0x0000, 0x0000, 0x0000, 0x0000, 0x5E92,
0xFE92, 0xEE92, 0xFFA3, 0xFFA3, 0xFFB3, 0xFFB4, 0xFFC4, 0xEFD5, 0xFFD6, 0x4FE6, 0x0000, 0x0000, 0x0000, 0x0000, 0x0000, 0x0000,
0x0000, 0x0000, 0x0000, 0x0000, 0x0000, 0x0000, 0x0000, 0x0000, 0x0000, 0x0000, 0x0000, 0x0000, 0x0000, 0x0000, 0x0000, 0x0000,
0x7FB4, 0xFFA3, 0xEFA3, 0xFFA3, 0xFFA3, 0xFFB3, 0xFFB4, 0xEFC5, 0xFFD5, 0xEFD6, 0x1FD6, 0x0000, 0x0000, 0x0000, 0x0000, 0x0000,
0x0000, 0x0000, 0x0000, 0x0000, 0x0000, 0x0000, 0x5E92, 0xFE92, 0xEE92, 0xFFA3, 0xFFA3, 0xFFB4, 0xFFC4, 0xFFD5, 0xEFD6, 0x2FD6,
0x0000, 0x0000, 0x0000, 0x0000, 0x0000, 0x0000, 0x0000, 0x0000, 0x0000, 0x0000, 0x4FA3, 0xFFA3, 0xEFA3, 0xFFA3, 0xFFA3, 0xFFB3,
0xFFA3, 0xFFA3, 0xFFA3, 0xEFA3, 0xFE92, 0xFE92, 0xFE92, 0xFE82, 0xFE82, 0xFE82, 0xFE82, 0xFE82, 0xFE82, 0xFE92, 0xFE92, 0xBFA3,
0x0FA3, 0x0000, 0x0000, 0x0000, 0x0000, 0x0000, 0x0000, 0x0000, 0x0000, 0x0000, 0x1E92, 0xEE92, 0xFE92, 0xEE92, 0xFFA3, 0xFFA3,
0xFFB4, 0xFFC5, 0xEFD6, 0xFFE7, 0x3FE7, 0x0000, 0x0000, 0x0000, 0x0000, 0x0000, 0x0000, 0x0000, 0x0000, 0x0000, 0x0000, 0x4E92,
0xFE92, 0xEE92, 0xFE93, 0xFFA3, 0xFFA3, 0xFFB4, 0xFFC4, 0xEFD5, 0xFFE6, 0x5FE6, 0x0000, 0x0000, 0x0000, 0x0000, 0x0000, 0x0000,
0x0000, 0x0000, 0x0000, 0x0000, 0x0000, 0x0000, 0x0000, 0x0000, 0x0000, 0x0000, 0x0000, 0x0000, 0x0000, 0x0000, 0x0000, 0x0000,
0x4FB4, 0xFFA3, 0xEFA3, 0xFFA3, 0xFFA3, 0xFFB3, 0xFFB4, 0xFFC4, 0xEFD5, 0xFFD6, 0x3FD6, 0x0000, 0x0000, 0x0000, 0x0000, 0x0000,
0x0000, 0x0000, 0x0000, 0x0000, 0x0000, 0x0000, 0x3E92, 0xFE92, 0xEE92, 0xFFA3, 0xFFA3, 0xFFB4, 0xFFB4, 0xEFC5, 0xFFD5, 0x5FD6,
0x0000, 0x0000, 0x0000, 0x0000, 0x0000, 0x0000, 0x0000, 0x0000, 0x0000, 0x0000, 0x0000, 0xBFA3, 0xFFA3, 0xEFA3, 0xFFB3, 0xFFB3,
0xFFB3, 0xFFA3, 0xFFA3, 0xFFA3, 0xEFA3, 0xEE92, 0xEE92, 0xEE92, 0xEE92, 0xEE92, 0xEE92, 0xEE92, 0xEE92, 0xEE92, 0xEFA3, 0xFFA3,
0x7FB4, 0x0000, 0x0000, 0x0000, 0x0000, 0x0000, 0x0000, 0x0000, 0x0000, 0x0000, 0x1E92, 0xEE92, 0xFE92, 0xEE92, 0xFFA3, 0xFFA3,
0xFFB4, 0xFFC5, 0xEFD6, 0xFFE7, 0x3FE7, 0x0000, 0x0000, 0x0000, 0x0000, 0x0000, 0x0000, 0x0000, 0x0000, 0x0000, 0x0000, 0x3E92,
0xFE92, 0xEE92, 0xFE92, 0xFFA3, 0xFFA3, 0xFFB4, 0xFFC4, 0xEFD5, 0xFFE6, 0x7FE6, 0x0000, 0x0000, 0x0000, 0x0000, 0x0000, 0x0000,
0x0000, 0x0000, 0x0000, 0x0000, 0x0000, 0x0000, 0x0000, 0x0000, 0x0000, 0x0000, 0x0000, 0x0000, 0x0000, 0x0000, 0x0000, 0x0000,
0x2FB4, 0xEFA3, 0xFFA3, 0xEFA3, 0xFFA3, 0xFFA3, 0xFFB4, 0xFFC4, 0xEFC5, 0xFFD5, 0x5FD6, 0x0000, 0x0000, 0x0000, 0x0000, 0x0000,
0x0000, 0x0000, 0x0000, 0x0000, 0x0000, 0x0000, 0x0E92, 0xDE92, 0xFE92, 0xEFA3, 0xFFA3, 0xFFB3, 0xFFB4, 0xEFC5, 0xFFD5, 0x7FD5,
0x0000, 0x0000, 0x0000, 0x0000, 0x0000, 0x0000, 0x0000, 0x0000, 0x0000, 0x0000, 0x0000, 0x3FA3, 0xEFB3, 0xEFB3, 0xEFB4, 0xFFB4,
0xFFB4, 0xFFB3, 0xFFA3, 0xFFA3, 0xFFA3, 0xFFA3, 0xFF93, 0xFE92, 0xFE92, 0xFE92, 0xFE92, 0xFE92, 0xFE93, 0xFFA3, 0xEFB3, 0xEFB4,
0xCFC5, 0x0000, 0x0000, 0x0000, 0x0000, 0x0000, 0x0000, 0x0000, 0x0000, 0x0000, 0x1E92, 0xEE92, 0xFE92, 0xEE92, 0xFFA3, 0xFFA3,
0xFFB4, 0xFFC5, 0xEFD6, 0xFFE7, 0x3FF7, 0x0000, 0x0000, 0x0000, 0x0000, 0x0000, 0x0000, 0x0000, 0x0000, 0x0000, 0x0000, 0x2E92,
0xFE92, 0xFE92, 0xFE92, 0xFFA3, 0xFFA3, 0xFFB4, 0xFFC4, 0xEFD5, 0xFFE6, 0x8FE6, 0x0000, 0x0000, 0x0000, 0x0000, 0x0000, 0x0000,
0x0000, 0x0000, 0x0000, 0x0000, 0x0000, 0x0000, 0x0000, 0x0000, 0x0000, 0x0000, 0x0000, 0x0000, 0x0000, 0x0000, 0x0000, 0x0000,
0x0000, 0xCFA3, 0xFFA3, 0xEFA3, 0xFFA3, 0xFFA3, 0xFFB4, 0xFFB4, 0xEFC5, 0xFFD5, 0x9FD6, 0x0000, 0x0000, 0x0000, 0x0000, 0x0000,
0x0000, 0x0000, 0x0000, 0x0000, 0x0000, 0x0000, 0x0000, 0x9E92, 0xFE92, 0xEFA3, 0xFFA3, 0xFFB3, 0xFFB4, 0xEFC4, 0xFFC5, 0xAFD5,
0x0000, 0x0000, 0x0000, 0x0000, 0x0000, 0x0000, 0x0000, 0x0000, 0x0000, 0x0000, 0x0000, 0x0000, 0x5FB4, 0xFFB4, 0xEFB4, 0xEFB4,
0xFFB4, 0xFFB4, 0xFFB4, 0xFFB3, 0xFFA3, 0xFFA3, 0xFFA3, 0xFFA3, 0xFFA3, 0xFFA3, 0xFFA3, 0xFFA3, 0xFFA3, 0xFFB4, 0xEFC5, 0xFFD6,
0xEFE6, 0x1FE6, 0x0000, 0x0000, 0x0000, 0x0000, 0x0000, 0x0000, 0x0000, 0x0000, 0x1E92, 0xEE92, 0xFE92, 0xEE92, 0xFFA3, 0xFFA3,
0xFFB4, 0xFFC5, 0xEFD6, 0xFFF7, 0x3FF7, 0x0000, 0x0000, 0x0000, 0x0000, 0x0000, 0x0000, 0x0000, 0x0000, 0x0000, 0x0000, 0x1E92,
0xEE92, 0xFE92, 0xEE92, 0xFFA3, 0xFFA3, 0xFFB4, 0xFFC4, 0xEFD5, 0xFFE6, 0x9FE7, 0x0000, 0x0000, 0x0000, 0x0000, 0x0000, 0x0000,
0x0000, 0x0000, 0x0000, 0x0000, 0x0000, 0x0000, 0x0000, 0x0000, 0x0000, 0x0000, 0x0000, 0x0000, 0x0000, 0x0000, 0x0000, 0x0000,
0x0000, 0x9FA3, 0xFFA3, 0xEFA3, 0xFFA3, 0xFFA3, 0xFFB3, 0xFFB4, 0xEFC5, 0xFFD5, 0xCFD6, 0x0000, 0x0000, 0x0000, 0x0000, 0x0000,
0x0000, 0x0000, 0x0000, 0x0000, 0x0000, 0x0000, 0x0000, 0x6E92, 0xFE92, 0xEE92, 0xFFA3, 0xFFA3, 0xFFB4, 0xEFB4, 0xFFC5, 0xDFC5,
0x0FC5, 0x0000, 0x0000, 0x0000, 0x0000, 0x0000, 0x0000, 0x0000, 0x0000, 0x0000, 0x0000, 0x0000, 0x0000, 0x6FB4, 0xFFC4, 0xEFC4,
0xEFC4, 0xFFC4, 0xFFC4, 0xFFB4, 0xFFB4, 0xFFB4, 0xFFB4, 0xFFB4, 0xFFB4, 0xFFB4, 0xFFB4, 0xFFB4, 0xFFC4, 0xFFD5, 0xEFE6, 0xFFF7,
0xCFF8, 0x0000, 0x0000, 0x0000, 0x0000, 0x0000, 0x0000, 0x0000, 0x0000, 0x0000, 0x1E92, 0xEE92, 0xFE92, 0xEE92, 0xFFA3, 0xFFA3,
0xFFB4, 0xFFC5, 0xEFE6, 0xFFF7, 0x3FF7, 0x0000, 0x0000, 0x0000, 0x0000, 0x0000, 0x0000, 0x0000, 0x0000, 0x0000, 0x0000, 0x0E92,
0xDE92, 0xFE92, 0xEE92, 0xFFA3, 0xFFA3, 0xFFB4, 0xFFC4, 0xEFD5, 0xFFE6, 0xBFE7, 0x0000, 0x0000, 0x0000, 0x0000, 0x0000, 0x0000,
0x0000, 0x0000, 0x0000, 0x0000, 0x0000, 0x0000, 0x0000, 0x0000, 0x0000, 0x0000, 0x0000, 0x0000, 0x0000, 0x0000, 0x0000, 0x0000,
0x0000, 0x6FA3, 0xFE92, 0xEFA3, 0xFFA3, 0xFFA3, 0xFFB3, 0xFFB4, 0xEFC4, 0xFFD5, 0xEFD5, 0x1FD6, 0x0000, 0x0000, 0x0000, 0x0000,
0x0000, 0x0000, 0x0000, 0x0000, 0x0000, 0x0000, 0x0000, 0x4E92, 0xFE92, 0xEE92, 0xFFA3, 0xFFA3, 0xFFB3, 0xFFB4, 0xEFC4, 0xFFC5,
0x4FC5, 0x0000, 0x0000, 0x0000, 0x0000, 0x0000, 0x0000, 0x0000, 0x0000, 0x0000, 0x0000, 0x0000, 0x0000, 0x0000, 0x5FC4, 0xFFC5,
0xFFC5, 0xEFD5, 0xEFD5, 0xEFC5, 0xFFC5, 0xFFC5, 0xFFC5, 0xFFC4, 0xFFC5, 0xFFC5, 0xFFC5, 0xFFC5, 0xFFD6, 0xFFF7, 0xEFF8, 0xEFF9,
0xAFF9, 0x0000, 0x0000, 0x0000, 0x0000, 0x0000, 0x0000, 0x0000, 0x0000, 0x0000, 0x1E82, 0xEE92, 0xFE92, 0xEE92, 0xFFA3, 0xFFA3,
0xFFB4, 0xFFC5, 0xFFE6, 0xFFF7, 0x2FF7, 0x0000, 0x0000, 0x0000, 0x0000, 0x0000, 0x0000, 0x0000, 0x0000, 0x0000, 0x0000, 0x0000,
0xBE92, 0xFE92, 0xEE92, 0xFFA3, 0xFFA3, 0xFFB4, 0xFFC4, 0xEFD5, 0xFFE6, 0xCFE7, 0x0000, 0x0000, 0x0000, 0x0000, 0x0000, 0x0000,
0x0000, 0x0000, 0x0000, 0x0000, 0x0000, 0x0000, 0x0000, 0x0000, 0x0000, 0x0000, 0x0000, 0x0000, 0x0000, 0x0000, 0x0000, 0x0000,
0x0000, 0x3FA3, 0xFE92, 0xEE92, 0xFFA3, 0xFFA3, 0xFFA3, 0xFFB4, 0xFFC4, 0xEFC5, 0xFFD5, 0x4FD6, 0x0000, 0x0000, 0x0000, 0x0000,
0x0000, 0x0000, 0x0000, 0x0000, 0x0000, 0x0000, 0x0000, 0x1E92, 0xEE92, 0xFE92, 0xEFA3, 0xFFA3, 0xFFB3, 0xFFB4, 0xEFB4, 0xFFC4,
0xAFC5, 0x0000, 0x0000, 0x0000, 0x0000, 0x0000, 0x0000, 0x0000, 0x0000, 0x0000, 0x0000, 0x0000, 0x0000, 0x0000, 0x0000, 0x4FC5,
0xDFD5, 0xFFD6, 0xFFE6, 0xFFE6, 0xEFE6, 0xEFE6, 0xEFD6, 0xEFD6, 0xEFE6, 0xEFE6, 0xEFE6, 0xEFF7, 0xEFF8, 0xEFF9, 0xFFFA, 0xFFFB,
0x4FFA, 0x0000, 0x0000, 0x0000, 0x0000, 0x0000, 0x0000, 0x0000, 0x0000, 0x0000, 0x2E82, 0xEE82, 0xFE92, 0xEE92, 0xFFA3, 0xFFB3,
0xFFB4, 0xEFD5, 0xFFE6, 0xEFF7, 0x1FF8, 0x0000, 0x0000, 0x0000, 0x0000, 0x0000, 0x0000, 0x0000, 0x0000, 0x0000, 0x0000, 0x0000,
0xAE92, 0xFE92, 0xEE92, 0xFFA3, 0xFFA3, 0xFFB4, 0xFFC4, 0xEFD5, 0xFFE6, 0xCFF7, 0x0000, 0x0000, 0x0000, 0x0000, 0x0000, 0x0000,
0x0000, 0x0000, 0x0000, 0x0000, 0x0000, 0x0000, 0x0000, 0x0000, 0x0000, 0x0000, 0x0000, 0x0000, 0x0000, 0x0000, 0x0000, 0x0000,
0x0000, 0x0FA3, 0xDE92, 0xFE92, 0xEFA3, 0xFFA3, 0xFFA3, 0xFFB4, 0xFFB4, 0xEFC5, 0xFFD5, 0x6FD6, 0x0000, 0x0000, 0x0000, 0x0000,
0x0000, 0x0000, 0x0000, 0x0000, 0x0000, 0x0000, 0x0000, 0x0000, 0xBE92, 0xFE92, 0xEFA3, 0xFFA3, 0xFFA3, 0xFFB4, 0xFFB4, 0xEFC4,
0xEFC4, 0x2FC4, 0x0000, 0x0000, 0x0000, 0x0000, 0x0000, 0x0000, 0x0000, 0x0000, 0x0000, 0x0000, 0x0000, 0x0000, 0x0000, 0x0000,
0x0FD5, 0x6FE6, 0xAFE7, 0xEFF7, 0xFFF7, 0xFFF7, 0xFFF7, 0xFFF7, 0xFFF8, 0xFFF8, 0xFFF8, 0xFFF9, 0xFFFA, 0xFFFB, 0xEFFB, 0x6FFA,
0x0000, 0x0000, 0x0000, 0x0000, 0x0000, 0x0000, 0x0000, 0x0000, 0x0000, 0x0000, 0x4E82, 0xFE82, 0xEE92, 0xFE92, 0xFFA3, 0xFFB3,
0xFFC4, 0xEFD5, 0xFFE7, 0xDFF8, 0x0FF8, 0x0000, 0x0000, 0x0000, 0x0000, 0x0000, 0x0000, 0x0000, 0x0000, 0x0000, 0x0000, 0x0000,
0x9E92, 0xFE92, 0xEE92, 0xFFA3, 0xFFA3, 0xFFB4, 0xFFC4, 0xEFD5, 0xFFE6, 0xCFF7, 0x0000, 0x0000, 0x0000, 0x0000, 0x0000, 0x0000,
0x0000, 0x0000, 0x0000, 0x0000, 0x0000, 0x0000, 0x0000, 0x0000, 0x0000, 0x0000, 0x0000, 0x0000, 0x0000, 0x0000, 0x0000, 0x0000,
0x0000, 0x0000, 0xBE92, 0xFE92, 0xEFA3, 0xFFA3, 0xFFA3, 0xFFB4, 0xFFB4, 0xEFC5, 0xFFD5, 0x9FD5, 0x0000, 0x0000, 0x0000, 0x0000,
0x0000, 0x0000, 0x0000, 0x0000, 0x0000, 0x0000, 0x0000, 0x0000, 0x8E92, 0xEE92, 0xEFA3, 0xFFA3, 0xFFA3, 0xFFB3, 0xFFB4, 0xEFB4,
0xFFB4, 0x8FC4, 0x0000, 0x0000, 0x0000, 0x0000, 0x0000, 0x0000, 0x0000, 0x0000, 0x0000, 0x0000, 0x0000, 0x0000, 0x0000, 0x0000,
0x0000, 0x0000, 0x0000, 0x1FF7, 0x4FF7, 0x7FF8, 0x9FF8, 0xBFF8, 0xCFF9, 0xDFF9, 0xCFF9, 0xAFFA, 0x9FFB, 0x6FFB, 0x1FFA, 0x0000,
0x0000, 0x0000, 0x0000, 0x0000, 0x0000, 0x0000, 0x0000, 0x0000, 0x0000, 0x0000, 0x6E82, 0xFE82, 0xEE92, 0xFE92, 0xFFA3, 0xFFB4,
0xFFC4, 0xEFD6, 0xFFF7, 0xCFF8, 0x0000, 0x0000, 0x0000, 0x0000, 0x0000, 0x0000, 0x0000, 0x0000, 0x0000, 0x0000, 0x0000, 0x0000,
0x8E92, 0xFE92, 0xEE92, 0xFFA3, 0xFFA3, 0xFFB4, 0xFFC4, 0xEFD5, 0xFFE6, 0xBFF7, 0x0000, 0x0000, 0x0000, 0x0000, 0x0000, 0x0000,
0x0000, 0x0000, 0x0000, 0x0000, 0x0000, 0x0000, 0x0000, 0x0000, 0x0000, 0x0000, 0x0000, 0x0000, 0x0000, 0x0000, 0x0000, 0x0000,
0x0000, 0x0000, 0x8E92, 0xFE92, 0xEE92, 0xFFA3, 0xFFA3, 0xFFB3, 0xFFB4, 0xEFC4, 0xFFC5, 0xCFD5, 0x0000, 0x0000, 0x0000, 0x0000,
0x0000, 0x0000, 0x0000, 0x0000, 0x0000, 0x0000, 0x0000, 0x0000, 0x4E92, 0xFE92, 0xEFA3, 0xFFA3, 0xFFA3, 0xFFB3, 0xFFB4, 0xEFB4,
0xEFB4, 0xEFB4, 0x1FB4, 0x0000, 0x0000, 0x0000, 0x0000, 0x0000, 0x0000, 0x0000, 0x0000, 0x0000, 0x0000, 0x0000, 0x0000, 0x0000,
0x0000, 0x0000, 0x0000, 0x0000, 0x0000, 0x0000, 0x0000, 0x0000, 0x0000, 0x0000, 0x0000, 0x0000, 0x0000, 0x0000, 0x0000, 0x0000,
0x0000, 0x0000, 0x0000, 0x0000, 0x0000, 0x0000, 0x0000, 0x0000, 0x0000, 0x0000, 0x9E82, 0xFE82, 0xEE92, 0xFE92, 0xFFA3, 0xFFB4,
0xFFC5, 0xEFE6, 0xFFF8, 0xBFF8, 0x0000, 0x0000, 0x0000, 0x0000, 0x0000, 0x0000, 0x0000, 0x0000, 0x0000, 0x0000, 0x0000, 0x0000,
0x9E92, 0xFE92, 0xEE92, 0xFFA3, 0xFFA3, 0xFFB4, 0xFFC4, 0xEFD5, 0xFFE7, 0xBFF7, 0x0000, 0x0000, 0x0000, 0x0000, 0x0000, 0x0000,
0x0000, 0x0000, 0x0000, 0x0000, 0x0000, 0x0000, 0x0000, 0x0000, 0x0000, 0x0000, 0x0000, 0x0000, 0x0000, 0x0000, 0x0000, 0x0000,
0x0000, 0x0000, 0x5E92, 0xFE92, 0xEE92, 0xFFA3, 0xFFA3, 0xFFB3, 0xFFB4, 0xFFC4, 0xEFC5, 0xEFD5, 0x2FD5, 0x0000, 0x0000, 0x0000,
0x0000, 0x0000, 0x0000, 0x0000, 0x0000, 0x0000, 0x0000, 0x0000, 0x0E92, 0xDE92, 0xFFA3, 0xEFA3, 0xFFA3, 0xFFA3, 0xFFB3, 0xFFB4,
0xEFB4, 0xFFB4, 0x8FB4, 0x0000, 0x0000, 0x0000, 0x0000, 0x0000, 0x0000, 0x0000, 0x0000, 0x0000, 0x0000, 0x0000, 0x0000, 0x0000,
0x0000, 0x0000, 0x0000, 0x0000, 0x0000, 0x0000, 0x0000, 0x0000, 0x0000, 0x0000, 0x0000, 0x0000, 0x0000, 0x0000, 0x0000, 0x0000,
0x0000, 0x0000, 0x0000, 0x0000, 0x0000, 0x0000, 0x0000, 0x0000, 0x0000, 0x0E82, 0xDE82, 0xFE82, 0xEE92, 0xFFA3, 0xFFA3, 0xFFB4,
0xFFC5, 0xEFE7, 0xEFF8, 0x9FF9, 0x0000, 0x0000, 0x0000, 0x0000, 0x0000, 0x0000, 0x0000, 0x0000, 0x0000, 0x0000, 0x0000, 0x0000,
0xAE92, 0xFE92, 0xEE92, 0xFFA3, 0xFFA3, 0xFFB4, 0xFFC4, 0xEFD5, 0xFFE7, 0xAFF7, 0x0000, 0x0000, 0x0000, 0x0000, 0x0000, 0x0000,
0x0000, 0x0000, 0x0000, 0x0000, 0x0000, 0x0000, 0x0000, 0x0000, 0x0000, 0x0000, 0x0000, 0x0000, 0x0000, 0x0000, 0x0000, 0x0000,
0x0000, 0x0000, 0x2E92, 0xEE92, 0xFE92, 0xEFA3, 0xFFA3, 0xFFA3, 0xFFB4, 0xFFB4, 0xEFC5, 0xFFD5, 0x5FD5, 0x0000, 0x0000, 0x0000,
0x0000, 0x0000, 0x0000, 0x0000, 0x0000, 0x0000, 0x0000, 0x0000, 0x0000, 0x9E92, 0xFFA3, 0xEFA3, 0xFFA3, 0xFFA3, 0xFFB3, 0xFFB3,
0xEFB4, 0xEFB4, 0xEFB4, 0x3FB4, 0x0000, 0x0000, 0x0000, 0x0000, 0x0000, 0x0000, 0x0000, 0x0000, 0x0000, 0x0000, 0x0000, 0x0000,
0x0000, 0x0000, 0x0000, 0x0000, 0x0000, 0x0000, 0x0000, 0x0000, 0x0000, 0x0000, 0x0000, 0x0000, 0x0000, 0x0000, 0x0000, 0x0000,
0x0000, 0x0000, 0x0000, 0x0000, 0x0000, 0x0000, 0x0000, 0x0000, 0x0000, 0x5E82, 0xFE82, 0xEE92, 0xFE92, 0xFFA3, 0xFFB3, 0xFFC4,
0xFFD5, 0xEFF7, 0xFFF9, 0x5FF9, 0x0000, 0x0000, 0x0000, 0x0000, 0x0000, 0x0000, 0x0000, 0x0000, 0x0000, 0x0000, 0x0000, 0x0000,
0xAE82, 0xFE92, 0xEE92, 0xFFA3, 0xFFA3, 0xFFB4, 0xFFC4, 0xEFD6, 0xFFF7, 0x9FF8, 0x0000, 0x0000, 0x0000, 0x0000, 0x0000, 0x0000,
0x0000, 0x0000, 0x0000, 0x0000, 0x0000, 0x0000, 0x0000, 0x0000, 0x0000, 0x0000, 0x0000, 0x0000, 0x0000, 0x0000, 0x0000, 0x0000,
0x0000, 0x0000, 0x0000, 0xBE92, 0xFE92, 0xEFA3, 0xFFA3, 0xFFA3, 0xFFB3, 0xFFB4, 0xEFC4, 0xFFC5, 0x9FD5, 0x0000, 0x0000, 0x0000,
0x0000, 0x0000, 0x0000, 0x0000, 0x0000, 0x0000, 0x0000, 0x0000, 0x0000, 0x3FA3, 0xFFA3, 0xEFA3, 0xFFA3, 0xFFA3, 0xFFA3, 0xFFB3,
0xFFB3, 0xEFB4, 0xFFB4, 0xCFB3, 0x0FA3, 0x0000, 0x0000, 0x0000, 0x0000, 0x0000, 0x0000, 0x0000, 0x0000, 0x0000, 0x0000, 0x0000,
0x0000, 0x0000, 0x0000, 0x0000, 0x0000, 0x0000, 0x0000, 0x0000, 0x0000, 0x0000, 0x0000, 0x0000, 0x0000, 0x0000, 0x0000, 0x0000,
0x0000, 0x0000, 0x0000, 0x0000, 0x0000, 0x0000, 0x0000, 0x0000, 0x2E82, 0xDE82, 0xEE82, 0xEE92, 0xFE92, 0xFFA3, 0xFFB4, 0xFFC5,
0xEFE6, 0xFFF8, 0xEFF9, 0x1FF9, 0x0000, 0x0000, 0x0000, 0x0000, 0x0000, 0x0000, 0x0000, 0x0000, 0x0000, 0x0000, 0x0000, 0x0000,
0xBE82, 0xFE92, 0xEE92, 0xFFA3, 0xFFA3, 0xFFB4, 0xFFC5, 0xEFD6, 0xFFF7, 0x7FF8, 0x0000, 0x0000, 0x0000, 0x0000, 0x0000, 0x0000,
0x0000, 0x0000, 0x0000, 0x0000, 0x0000, 0x0000, 0x0000, 0x0000, 0x0000, 0x0000, 0x0000, 0x0000, 0x0000, 0x0000, 0x0000, 0x0000,
0x0000, 0x0000, 0x0000, 0x7E92, 0xFE92, 0xEFA3, 0xFFA3, 0xFFA3, 0xFFB3, 0xFFB4, 0xEFC4, 0xFFC5, 0xDFC5, 0x0FC5, 0x0000, 0x0000,
0x0000, 0x0000, 0x0000, 0x0000, 0x0000, 0x0000, 0x0000, 0x0000, 0x0000, 0x0000, 0xBFA3, 0xFFA3, 0xEFA3, 0xFFA3, 0xFFA3, 0xFFA3,
0xFFB3, 0xFFB3, 0xEFB3, 0xFFA3, 0x9FA3, 0x0000, 0x0000, 0x0000, 0x0000, 0x0000, 0x0000, 0x0000, 0x0000, 0x0000, 0x0000, 0x0000,
0x0000, 0x0000, 0x0000, 0x0000, 0x0000, 0x0000, 0x0000, 0x0000, 0x0000, 0x0000, 0x0000, 0x0000, 0x0000, 0x0000, 0x0000, 0x0000,
0x0000, 0x0000, 0x0000, 0x0000, 0x0000, 0x0000, 0x0000, 0x1E81, 0xDE82, 0xFE82, 0xEE92, 0xFE92, 0xFFA3, 0xFFA3, 0xFFB4, 0xFFD5,
0xEFF7, 0xFFF9, 0x9FFA, 0x0000, 0x0000, 0x0000, 0x0000, 0x0000, 0x0000, 0x0000, 0x0000, 0x0000, 0x0000, 0x0000, 0x0000, 0x0000,
0xCE82, 0xFE92, 0xEE92, 0xFFA3, 0xFFA3, 0xFFB4, 0xFFC5, 0xEFE6, 0xFFF7, 0x6FF8, 0x0000, 0x0000, 0x0000, 0x0000, 0x0000, 0x0000,
0x0000, 0x0000, 0x0000, 0x0000, 0x0000, 0x0000, 0x0000, 0x0000, 0x0000, 0x0000, 0x0000, 0x0000, 0x0000, 0x0000, 0x0000, 0x0000,
0x0000, 0x0000, 0x0000, 0x3E92, 0xFE92, 0xEFA3, 0xFFA3, 0xFFA3, 0xFFB3, 0xFFB4, 0xFFB4, 0xEFC4, 0xFFC5, 0x3FC5, 0x0000, 0x0000,
0x0000, 0x0000, 0x0000, 0x0000, 0x0000, 0x0000, 0x0000, 0x0000, 0x0000, 0x0000, 0x3FA3, 0xFFA3, 0xEFA3, 0xFFA3, 0xFFA3, 0xFFA3,
0xFFB3, 0xFFA3, 0xFFA3, 0xEFA3, 0xFFA3, 0x6FA3, 0x0000, 0x0000, 0x0000, 0x0000, 0x0000, 0x0000, 0x0000, 0x0000, 0x0000, 0x0000,
0x0000, 0x0000, 0x0000, 0x0000, 0x0000, 0x0000, 0x0000, 0x0000, 0x0000, 0x0000, 0x0000, 0x0000, 0x0000, 0x0000, 0x0000, 0x0000,
0x0000, 0x0000, 0x0000, 0x0000, 0x0000, 0x0000, 0x2E81, 0xCE81, 0xFE82, 0xEE82, 0xFE92, 0xFFA3, 0xFFA3, 0xFFB4, 0xFFC5, 0xFFE6,
0xEFF8, 0xFFFA, 0x3FFA, 0x0000, 0x0000, 0x0000, 0x0000, 0x0000, 0x0000, 0x0000, 0x0000, 0x0000, 0x0000, 0x0000, 0x0000, 0x1E82,
0xEE82, 0xFE92, 0xEE92, 0xFFA3, 0xFFA3, 0xFFB4, 0xFFC5, 0xEFE6, 0xFFF8, 0x4FF8, 0x0000, 0x0000, 0x0000, 0x0000, 0x0000, 0x0000,
0x0000, 0x0000, 0x0000, 0x0000, 0x0000, 0x0000, 0x0000, 0x0000, 0x0000, 0x0000, 0x0000, 0x0000, 0x0000, 0x0000, 0x0000, 0x0000,
0x0000, 0x0000, 0x0000, 0x0000, 0xCE92, 0xFE93, 0xEFA3, 0xFFA3, 0xFFA3, 0xFFB4, 0xFFB4, 0xEFC4, 0xFFC5, 0x8FC5, 0x0000, 0x0000,
0x0000, 0x0000, 0x0000, 0x0000, 0x0000, 0x0000, 0x0000, 0x0000, 0x0000, 0x0000, 0x0000, 0xAFA3, 0xFFA3, 0xEFA3, 0xFFA3, 0xFFA3,
0xFFA3, 0xFFA3, 0xFFA3, 0xEFA3, 0xEFA3, 0xFFA3, 0x5FA3, 0x0000, 0x0000, 0x0000, 0x0000, 0x0000, 0x0000, 0x0000, 0x0000, 0x0000,
0x0000, 0x0000, 0x0000, 0x0000, 0x0000, 0x0000, 0x0000, 0x0000, 0x0000, 0x0000, 0x0000, 0x0000, 0x0000, 0x0000, 0x0000, 0x0000,
0x0000, 0x0000, 0x0000, 0x0000, 0x0000, 0x3E81, 0xDE81, 0xFE82, 0xEE82, 0xFE92, 0xFE92, 0xFFA3, 0xFFB4, 0xFFC4, 0xFFD6, 0xEFF8,
0xFFFA, 0xBFFB, 0x0000, 0x0000, 0x0000, 0x0000, 0x0000, 0x0000, 0x0000, 0x0000, 0x0000, 0x0000, 0x0000, 0x0000, 0x0000, 0x4E82,
0xFE82, 0xEE92, 0xFE92, 0xFFA3, 0xFFB3, 0xFFB4, 0xFFD5, 0xEFE7, 0xFFF8, 0x3FF8, 0x0000, 0x0000, 0x0000, 0x0000, 0x0000, 0x0000,
0x0000, 0x0000, 0x0000, 0x0000, 0x0000, 0x0000, 0x0000, 0x0000, 0x0000, 0x0000, 0x0000, 0x0000, 0x0000, 0x0000, 0x0000, 0x0000,
0x0000, 0x0000, 0x0000, 0x0000, 0x8E92, 0xEE92, 0xEFA3, 0xFFA3, 0xFFA3, 0xFFB3, 0xFFB4, 0xEFB4, 0xFFC4, 0xDFC5, 0x0000, 0x0000,
0x0000, 0x0000, 0x0000, 0x0000, 0x0000, 0x0000, 0x0000, 0x0000, 0x0000, 0x0000, 0x0000, 0x2FA3, 0xEFA3, 0xEFA3, 0xFFA3, 0xFFA3,
0xFFA3, 0xFFB3, 0xFFA3, 0xFFA3, 0xEFA3, 0xEFA3, 0xFFA3, 0x6FA3, 0x0000, 0x0000, 0x0000, 0x0000, 0x0000, 0x0000, 0x0000, 0x0000,
0x0000, 0x0000, 0x0000, 0x0000, 0x0000, 0x0000, 0x0000, 0x0000, 0x0000, 0x0000, 0x0000, 0x0000, 0x0000, 0x0000, 0x0000, 0x0000,
0x0000, 0x0000, 0x0000, 0x1E81, 0x7E81, 0xEE82, 0xFE82, 0xEE82, 0xFE92, 0xFE92, 0xFFA3, 0xFFB3, 0xFFC4, 0xFFD5, 0xEFF7, 0xEFF9,
0xEFFB, 0x2FFB, 0x0000, 0x0000, 0x0000, 0x0000, 0x0000, 0x0000, 0x0000, 0x0000, 0x0000, 0x0000, 0x0000, 0x0000, 0x0000, 0x8E82,
0xFE82, 0xEE92, 0xFE92, 0xFFA3, 0xFFB4, 0xFFC4, 0xEFD5, 0xFFF7, 0xEFF8, 0x1FF8, 0x0000, 0x0000, 0x0000, 0x0000, 0x0000, 0x0000,
0x0000, 0x0000, 0x0000, 0x0000, 0x0000, 0x0000, 0x0000, 0x0000, 0x0000, 0x0000, 0x0000, 0x0000, 0x0000, 0x0000, 0x0000, 0x0000,
0x0000, 0x0000, 0x0000, 0x0000, 0x3E92, 0xFE92, 0xEFA3, 0xFFA3, 0xFFA3, 0xFFB3, 0xFFB4, 0xFFB4, 0xEFB4, 0xFFC4, 0x5FC4, 0x0000,
0x0000, 0x0000, 0x0000, 0x0000, 0x0000, 0x0000, 0x0000, 0x0000, 0x0000, 0x0000, 0x0000, 0x0000, 0x9FA3, 0xFFA3, 0xEFA3, 0xFFA3,
0xFFB3, 0xFFB3, 0xFFA3, 0xFFA3, 0xFFA3, 0xEFA3, 0xEFA3, 0xFF93, 0x9E92, 0x1E92, 0x0000, 0x0000, 0x0000, 0x0000, 0x0000, 0x0000,
0x0000, 0x0000, 0x0000, 0x0000, 0x0000, 0x0000, 0x0000, 0x0000, 0x0000, 0x0000, 0x0000, 0x0000, 0x0000, 0x0000, 0x0000, 0x0000,
0x0000, 0x1E81, 0x7E81, 0xDE81, 0xFE82, 0xFE82, 0xEE82, 0xFE92, 0xFE92, 0xFFA3, 0xFFB3, 0xFFC4, 0xFFD5, 0xFFF7, 0xEFF9, 0xFFFB,
0x7FFB, 0x0000, 0x0000, 0x0000, 0x0000, 0x0000, 0x0000, 0x0000, 0x0000, 0x0000, 0x0000, 0x0000, 0x0000, 0x0000, 0x0000, 0xCE82,
0xFE82, 0xEE92, 0xFFA3, 0xFFA3, 0xFFB4, 0xFFC5, 0xEFD6, 0xFFF8, 0xCFF8, 0x0000, 0x0000, 0x0000, 0x0000, 0x0000, 0x0000, 0x0000,
0x0000, 0x0000, 0x0000, 0x0000, 0x0000, 0x0000, 0x0000, 0x0000, 0x0000, 0x0000, 0x0000, 0x0000, 0x0000, 0x0000, 0x0000, 0x0000,
0x0000, 0x0000, 0x0000, 0x0000, 0x0000, 0xCE92, 0xFFA3, 0xEFA3, 0xFFA3, 0xFFA3, 0xFFB3, 0xFFB4, 0xEFB4, 0xFFC4, 0xCFC4, 0x0000,
0x0000, 0x0000, 0x0000, 0x0000, 0x0000, 0x0000, 0x0000, 0x0000, 0x0000, 0x0000, 0x0000, 0x0000, 0x1FA3, 0xDFA3, 0xEFB3, 0xEFB3,
0xFFB3, 0xFFB3, 0xFFB3, 0xFFA3, 0xFFA3, 0xFFA3, 0xFFA3, 0xEFA3, 0xFE92, 0xDE92, 0x6E92, 0x0E92, 0x0000, 0x0000, 0x0000, 0x0000,
0x0000, 0x0000, 0x0000, 0x0000, 0x0000, 0x0000, 0x0000, 0x0000, 0x0000, 0x0000, 0x0000, 0x0000, 0x0000, 0x0000, 0x0000, 0x2E81,
0x8E81, 0xEE81, 0xFE82, 0xFE82, 0xEE82, 0xEE92, 0xFE92, 0xFFA3, 0xFFA3, 0xFFB4, 0xFFC4, 0xFFD5, 0xFFF7, 0xEFF9, 0xFFFB, 0xBFFB,
0x0000, 0x0000, 0x0000, 0x0000, 0x0000, 0x0000, 0x0000, 0x0000, 0x0000, 0x0000, 0x0000, 0x0000, 0x0000, 0x0000, 0x4E82, 0xFE82,
0xEE92, 0xFE92, 0xFFA3, 0xFFA3, 0xFFB4, 0xFFC5, 0xEFE6, 0xFFF8, 0x9FF9, 0x0000, 0x0000, 0x0000, 0x0000, 0x0000, 0x0000, 0x0000,
0x0000, 0x0000, 0x0000, 0x0000, 0x0000, 0x0000, 0x0000, 0x0000, 0x0000, 0x0000, 0x0000, 0x0000, 0x0000, 0x0000, 0x0000, 0x0000,
0x0000, 0x0000, 0x0000, 0x0000, 0x0000, 0x7E92, 0xFFA3, 0xEFA3, 0xFFA3, 0xFFA3, 0xFFA3, 0xFFB4, 0xFFB4, 0xEFB4, 0xFFC4, 0x3FC4,
0x0000, 0x0000, 0x0000, 0x0000, 0x0000, 0x0000, 0x0000, 0x0000, 0x0000, 0x0000, 0x0000, 0x0000, 0x0000, 0x4FB3, 0xFFB3, 0xEFB4,
0xEFB4, 0xFFB4, 0xFFB3, 0xFFB3, 0xFFA3, 0xFFA3, 0xFFA3, 0xFFA3, 0xEF93, 0xFE92, 0xFE92, 0xCE92, 0x6E92, 0x1E92, 0x0000, 0x0000,
0x0000, 0x0000, 0x0000, 0x0000, 0x0000, 0x0000, 0x0000, 0x0000, 0x0000, 0x0000, 0x0000, 0x0000, 0x0000, 0x3E82, 0x9E82, 0xEE82,
0xFE82, 0xFE82, 0xEE82, 0xEE92, 0xFE92, 0xFE92, 0xFFA3, 0xFFA3, 0xFFB4, 0xFFC4, 0xFFD5, 0xFFF7, 0xEFF9, 0xFFFB, 0xBFFC, 0x1FFB,
0x0000, 0x0000, 0x0000, 0x0000, 0x0000, 0x0000, 0x0000, 0x0000, 0x0000, 0x0000, 0x0000, 0x0000, 0x0000, 0x0000, 0x9E82, 0xFE82,
0xEE92, 0xFE92, 0xFFA3, 0xFFB3, 0xFFB4, 0xFFD5, 0xEFF7, 0xFFF8, 0x5FF9, 0x0000, 0x0000, 0x0000, 0x0000, 0x0000, 0x0000, 0x0000,
0x0000, 0x0000, 0x0000, 0x0000, 0x0000, 0x0000, 0x0000, 0x0000, 0x0000, 0x0000, 0x0000, 0x0000, 0x0000, 0x0000, 0x0000, 0x0000,
0x0000, 0x0000, 0x0000, 0x0000, 0x0000, 0x2EA3, 0xEFA3, 0xEFA3, 0xEFA3, 0xFFA3, 0xFFA3, 0xFFB3, 0xFFB4, 0xEFB4, 0xFFB4, 0xAFB4,
0x0000, 0x0000, 0x0000, 0x0000, 0x0000, 0x0000, 0x0000, 0x0000, 0x0000, 0x0000, 0x0000, 0x0000, 0x0000, 0x0000, 0x6FB4, 0xFFB4,
0xEFB4, 0xEFB4, 0xFFB4, 0xFFB4, 0xFFB3, 0xFFA3, 0xFFA3, 0xFFA3, 0xFFA3, 0xEFA3, 0xEE92, 0xFE92, 0xFE92, 0xDE92, 0x8E92, 0x3E92,
0x1E82, 0x0000, 0x0000, 0x0000, 0x0000, 0x0000, 0x0000, 0x0000, 0x0E82, 0x2E82, 0x5E82, 0x9E82, 0xCE82, 0xFE82, 0xFE82, 0xFE82,
0xEE82, 0xEE92, 0xFE92, 0xFE92, 0xFFA3, 0xFFA3, 0xFFB3, 0xFFB4, 0xFFC5, 0xFFD6, 0xEFF7, 0xEFF9, 0xFFFB, 0xBFFC, 0x1FFB, 0x0000,
0x0000, 0x0000, 0x0000, 0x0000, 0x0000, 0x0000, 0x0000, 0x0000, 0x0000, 0x0000, 0x0000, 0x0000, 0x0000, 0x1E82, 0xEE82, 0xFE82,
0xEE92, 0xFE93, 0xFFA3, 0xFFB4, 0xFFC4, 0xEFD6, 0xFFF8, 0xEFF9, 0x1FF9, 0x0000, 0x0000, 0x0000, 0x0000, 0x0000, 0x0000, 0x0000,
0x0000, 0x0000, 0x0000, 0x0000, 0x0000, 0x0000, 0x0000, 0x0000, 0x0000, 0x0000, 0x0000, 0x0000, 0x0000, 0x0000, 0x0000, 0x0000,
0x0000, 0x0000, 0x0000, 0x0000, 0x0000, 0x0000, 0xBFA3, 0xEFA3, 0xEFA3, 0xFFA3, 0xFFA3, 0xFFB3, 0xFFB4, 0xFFB4, 0xEFB4, 0xEFB4,
0x3FB4, 0x0000, 0x0000, 0x0000, 0x0000, 0x0000, 0x0000, 0x0000, 0x0000, 0x0000, 0x0000, 0x0000, 0x0000, 0x0000, 0x0000, 0x7FB4,
0xFFB4, 0xEFB4, 0xEFB4, 0xFFB4, 0xFFB4, 0xFFB3, 0xFFB3, 0xFFA3, 0xFFA3, 0xFFA3, 0xFFA3, 0xEE92, 0xEE92, 0xFE92, 0xFE92, 0xFE92,
0xEE82, 0xCE82, 0xAE82, 0x9E82, 0x9E82, 0x9E82, 0xAE82, 0xBE82, 0xDE82, 0xEE82, 0xFE82, 0xFE82, 0xFE82, 0xEE82, 0xEE82, 0xEE92,
0xFE92, 0xFE92, 0xFFA3, 0xFFA3, 0xFFA3, 0xFFB4, 0xFFC4, 0xFFD5, 0xFFE6, 0xEFF8, 0xEFFA, 0xFFFB, 0xAFFC, 0x0FFB, 0x0000, 0x0000,
0x0000, 0x0000, 0x0000, 0x0000, 0x0000, 0x0000, 0x0000, 0x0000, 0x0000, 0x0000, 0x0000, 0x0000, 0x0000, 0x6E82, 0xFE82, 0xEE92,
0xFE92, 0xFFA3, 0xFFA3, 0xFFB4, 0xFFC5, 0xEFE7, 0xEFF8, 0xBFF9, 0x0000, 0x0000, 0x0000, 0x0000, 0x0000, 0x0000, 0x0000, 0x0000,
0x0000, 0x0000, 0x0000, 0x0000, 0x0000, 0x0000, 0x0000, 0x0000, 0x0000, 0x0000, 0x0000, 0x0000, 0x0000, 0x0000, 0x0000, 0x0000,
0x0000, 0x0000, 0x0000, 0x0000, 0x0000, 0x0000, 0x5FA3, 0xFFA3, 0xEFA3, 0xFFA3, 0xFFA3, 0xFFA3, 0xFFB3, 0xFFB4, 0xEFB4, 0xFFB4,
0xAFB4, 0x0000, 0x0000, 0x0000, 0x0000, 0x0000, 0x0000, 0x0000, 0x0000, 0x0000, 0x0000, 0x0000, 0x0000, 0x0000, 0x0000, 0x0000,
0x7FB4, 0xFFC4, 0xEFC4, 0xEFB4, 0xFFB4, 0xFFB4, 0xFFB4, 0xFFB3, 0xFFA3, 0xFFA3, 0xFFA3, 0xFFA3, 0xFFA3, 0xEE92, 0xEE92, 0xEE92,
0xFE92, 0xFE92, 0xFE82, 0xFE82, 0xFE82, 0xFE82, 0xFE82, 0xFE82, 0xFE82, 0xFE82, 0xEE82, 0xEE92, 0xEE92, 0xFE92, 0xFE92, 0xFE92,
0xFFA3, 0xFFA3, 0xFFA3, 0xFFB4, 0xFFC4, 0xFFC5, 0xFFE6, 0xEFF7, 0xEFF9, 0xFFFA, 0xEFFC, 0x7FFC, 0x0000, 0x0000, 0x0000, 0x0000,
0x0000, 0x0000, 0x0000, 0x0000, 0x0000, 0x0000, 0x0000, 0x0000, 0x0000, 0x0000, 0x0000, 0x0000, 0x0000, 0xCE82, 0xFE82, 0xEE92,
0xFE92, 0xFFA3, 0xFFB3, 0xFFC4, 0xFFD6, 0xEFF7, 0xFFF9, 0x5FFA, 0x0000, 0x0000, 0x0000, 0x0000, 0x0000, 0x0000, 0x0000, 0x0000,
0x0000, 0x0000, 0x0000, 0x0000, 0x0000, 0x0000, 0x0000, 0x0000, 0x0000, 0x0000, 0x0000, 0x0000, 0x0000, 0x0000, 0x0000, 0x0000,
0x0000, 0x0000, 0x0000, 0x0000, 0x0000, 0x0000, 0x0000, 0xCFA3, 0xEFA3, 0xEFA3, 0xFFA3, 0xFFA3, 0xFFB3, 0xFFB4, 0xFFB4, 0xEFB4,
0xFFB4, 0x3FB4, 0x0000, 0x0000, 0x0000, 0x0000, 0x0000, 0x0000, 0x0000, 0x0000, 0x0000, 0x0000, 0x0000, 0x0000, 0x0000, 0x0000,
0x0000, 0x6FC4, 0xEFC4, 0xFFC4, 0xEFC4, 0xFFC4, 0xFFB4, 0xFFB4, 0xFFB4, 0xFFB3, 0xFFA3, 0xFFA3, 0xFFA3, 0xFFA3, 0xFFA3, 0xFE92,
0xEE92, 0xEE92, 0xEE92, 0xEE92, 0xEE92, 0xEE92, 0xEE92, 0xEE92, 0xEE92, 0xEE92, 0xFE92, 0xFE92, 0xFE92, 0xFFA3, 0xFFA3, 0xFFA3,
0xFFB3, 0xFFB4, 0xFFB4, 0xFFC5, 0xFFD6, 0xFFE7, 0xEFF8, 0xFFFA, 0xFFFB, 0xCFFC, 0x3FFC, 0x0000, 0x0000, 0x0000, 0x0000, 0x0000,
0x0000, 0x0000, 0x0000, 0x0000, 0x0000, 0x0000, 0x0000, 0x0000, 0x0000, 0x0000, 0x0000, 0x0000, 0x5E82, 0xFE82, 0xEE82, 0xFE92,
0xFFA3, 0xFFA3, 0xFFB4, 0xFFC5, 0xEFE6, 0xFFF8, 0xEFFA, 0x1FFA, 0x0000, 0x0000, 0x0000, 0x0000, 0x0000, 0x0000, 0x0000, 0x0000,
0x0000, 0x0000, 0x0000, 0x0000, 0x0000, 0x0000, 0x0000, 0x0000, 0x0000, 0x0000, 0x0000, 0x0000, 0x0000, 0x0000, 0x0000, 0x0000,
0x0000, 0x0000, 0x0000, 0x0000, 0x0000, 0x0000, 0x0000, 0x6FA3, 0xFFA3, 0xEFA3, 0xFFA3, 0xFFA3, 0xFFA3, 0xFFB3, 0xFFB4, 0xEFB4,
0xFFB4, 0xCFB4, 0x0000, 0x0000, 0x0000, 0x0000, 0x0000, 0x0000, 0x0000, 0x0000, 0x0000, 0x0000, 0x0000, 0x0000, 0x0000, 0x0000,
0x0000, 0x0000, 0x4FC5, 0xDFC5, 0xFFC5, 0xEFC5, 0xEFC4, 0xFFC4, 0xFFB4, 0xFFB4, 0xFFB4, 0xFFB4, 0xFFB3, 0xFFA3, 0xFFA3, 0xFFA3,
0xFFA3, 0xFFA3, 0xFFA3, 0xFE93, 0xFE92, 0xFE92, 0xFE92, 0xFE93, 0xFFA3, 0xFFA3, 0xFFA3, 0xFFA3, 0xFFA3, 0xFFB3, 0xFFB4, 0xFFB4,
0xFFC4, 0xFFC5, 0xFFD6, 0xFFE7, 0xEFF8, 0xEFF9, 0xFFFB, 0xEFFB, 0x7FFC, 0x0000, 0x0000, 0x0000, 0x0000, 0x0000, 0x0000, 0x0000,
0x0000, 0x0000, 0x0000, 0x0000, 0x0000, 0x0000, 0x0000, 0x0000, 0x0000, 0x0000, 0x0000, 0x1E82, 0xDE82, 0xEE82, 0xEE92, 0xFE92,
0xFFA3, 0xFFB3, 0xFFB4, 0xFFD5, 0xEFF7, 0xFFF9, 0x9FFA, 0x0000, 0x0000, 0x0000, 0x0000, 0x0000, 0x0000, 0x0000, 0x0000, 0x0000,
0x0000, 0x0000, 0x0000, 0x0000, 0x0000, 0x0000, 0x0000, 0x0000, 0x0000, 0x0000, 0x0000, 0x0000, 0x0000, 0x0000, 0x0000, 0x0000,
0x0000, 0x0000, 0x0000, 0x0000, 0x0000, 0x0000, 0x0000, 0x0FA3, 0xDFA3, 0xEFA3, 0xEFA3, 0xFFA3, 0xFFA3, 0xFFB3, 0xFFB3, 0xFFB4,
0xEFB4, 0xFFB4, 0x6FB4, 0x0000, 0x0000, 0x0000, 0x0000, 0x0000, 0x0000, 0x0000, 0x0000, 0x0000, 0x0000, 0x0000, 0x0000, 0x0000,
0x0000, 0x0000, 0x0000, 0x1FC5, 0xAFC5, 0xFFD5, 0xFFC5, 0xEFC5, 0xEFC5, 0xFFC4, 0xFFC4, 0xFFB4, 0xFFB4, 0xFFB4, 0xFFB4, 0xFFB3,
0xFFA3, 0xFFA3, 0xFFA3, 0xFFA3, 0xFFA3, 0xFFA3, 0xFFA3, 0xFFA3, 0xFFA3, 0xFFB3, 0xFFB4, 0xFFB4, 0xFFB4, 0xFFC4, 0xFFC5, 0xFFD5,
0xFFD6, 0xEFF7, 0xEFF8, 0xEFF9, 0xFFFA, 0xEFFB, 0x9FFC, 0x1FFC, 0x0000, 0x0000, 0x0000, 0x0000, 0x0000, 0x0000, 0x0000, 0x0000,
0x0000, 0x0000, 0x0000, 0x0000, 0x0000, 0x0000, 0x0000, 0x0000, 0x0000, 0x0000, 0x0000, 0x9E82, 0xFE82, 0xEE82, 0xFE92, 0xFFA3,
0xFFA3, 0xFFB4, 0xFFC5, 0xFFE6, 0xEFF8, 0xEFFA, 0x2FFA, 0x0000, 0x0000, 0x0000, 0x0000, 0x0000, 0x0000, 0x0000, 0x0000, 0x0000,
0x0000, 0x0000, 0x0000, 0x0000, 0x0000, 0x0000, 0x0000, 0x0000, 0x0000, 0x0000, 0x0000, 0x0000, 0x0000, 0x0000, 0x0000, 0x0000,
0x0000, 0x0000, 0x0000, 0x0000, 0x0000, 0x0000, 0x0000, 0x0000, 0x6FA3, 0xFFA3, 0xEFA3, 0xFFA3, 0xFFA3, 0xFFA3, 0xFFB3, 0xFFB3,
0xEFB4, 0xEFB4, 0xEFB3, 0x2FB3, 0x0000, 0x0000, 0x0000, 0x0000, 0x0000, 0x0000, 0x0000, 0x0000, 0x0000, 0x0000, 0x0000, 0x0000,
0x0000, 0x0000, 0x0000, 0x0000, 0x0000, 0x5FD5, 0xDFD5, 0xFFD6, 0xFFD5, 0xEFD5, 0xEFD5, 0xEFC5, 0xFFC5, 0xFFC5, 0xFFC4, 0xFFB4,
0xFFB4, 0xFFB4, 0xFFB4, 0xFFB4, 0xFFB4, 0xFFB4, 0xFFB4, 0xFFB4, 0xFFC4, 0xFFC4, 0xFFC5, 0xFFC5, 0xFFD5, 0xFFD6, 0xEFE6, 0xEFF7,
0xEFF8, 0xFFF9, 0xFFFA, 0xFFFB, 0xAFFC, 0x3FFC, 0x0000, 0x0000, 0x0000, 0x0000, 0x0000, 0x0000, 0x0000, 0x0000, 0x0000, 0x0000,
0x0000, 0x0000, 0x0000, 0x0000, 0x0000, 0x0000, 0x0000, 0x0000, 0x0000, 0x0000, 0x4E82, 0xFE82, 0xEE82, 0xFE92, 0xFE92, 0xFFA3,
0xFFB3, 0xFFB4, 0xFFD5, 0xEFF7, 0xFFF9, 0xAFFA, 0x0000, 0x0000, 0x0000, 0x0000, 0x0000, 0x0000, 0x0000, 0x0000, 0x0000, 0x0000,
0x0000, 0x0000, 0x0000, 0x0000, 0x0000, 0x0000, 0x0000, 0x0000, 0x0000, 0x0000, 0x0000, 0x0000, 0x0000, 0x0000, 0x0000, 0x0000,
0x0000, 0x0000, 0x0000, 0x0000, 0x0000, 0x0000, 0x0000, 0x0000, 0x0FA3, 0xCFA3, 0xEFA3, 0xEFA3, 0xFFA3, 0xFFA3, 0xFFA3, 0xFFB3,
0xFFB3, 0xEFB3, 0xFFB3, 0xBFB3, 0x0000, 0x0000, 0x0000, 0x0000, 0x0000, 0x0000, 0x0000, 0x0000, 0x0000, 0x0000, 0x0000, 0x0000,
0x0000, 0x0000, 0x0000, 0x0000, 0x0000, 0x0000, 0x1FD6, 0x7FD6, 0xDFE6, 0xFFE6, 0xFFE6, 0xFFE6, 0xEFD6, 0xEFD6, 0xEFD5, 0xEFD5,
0xFFD5, 0xFFD5, 0xFFC5, 0xFFC5, 0xFFD5, 0xFFD5, 0xFFD5, 0xFFD5, 0xFFD6, 0xEFE6, 0xEFE6, 0xEFF7, 0xEFF7, 0xEFF8, 0xFFF9, 0xFFFA,
0xFFFA, 0xDFFB, 0x9FFB, 0x3FFB, 0x0000, 0x0000, 0x0000, 0x0000, 0x0000, 0x0000, 0x0000, 0x0000, 0x0000, 0x0000, 0x0000, 0x0000,
0x0000, 0x0000, 0x0000, 0x0000, 0x0000, 0x0000, 0x0000, 0x0000, 0x0000, 0x0E82, 0xDE82, 0xEE82, 0xEE92, 0xFE92, 0xFFA3, 0xFFA3,
0xFFB4, 0xFFC5, 0xFFE6, 0xEFF9, 0xFFFA, 0x3FFA, 0x0000, 0x0000, 0x0000, 0x0000, 0x0000, 0x0000, 0x0000, 0x0000, 0x0000, 0x0000,
0x0000, 0x0000, 0x0000, 0x0000, 0x0000, 0x0000, 0x0000, 0x0000, 0x0000, 0x0000, 0x0000, 0x0000, 0x0000, 0x0000, 0x0000, 0x0000,
0x0000, 0x0000, 0x0000, 0x0000, 0x0000, 0x0000, 0x0000, 0x0000, 0x0000, 0x5FA3, 0xFFA3, 0xEFA3, 0xFFA3, 0xFFA3, 0xFFA3, 0xFFB3,
0xFFB3, 0xFFB3, 0xEFB3, 0xFFA3, 0x8FA3, 0x0000, 0x0000, 0x0000, 0x0000, 0x0000, 0x0000, 0x0000, 0x0000, 0x0000, 0x0000, 0x0000,
0x0000, 0x0000, 0x0000, 0x0000, 0x0000, 0x0000, 0x0000, 0x0000, 0x1FE6, 0x6FE6, 0xBFE7, 0xEFE7, 0xFFE7, 0xFFE7, 0xFFE7, 0xFFE7,
0xFFE7, 0xEFE6, 0xEFE7, 0xEFE7, 0xEFE7, 0xEFE7, 0xEFF7, 0xEFF7, 0xFFF8, 0xFFF8, 0xFFF9, 0xFFF9, 0xFFF9, 0xFFFA, 0xEFFB, 0xAFFB,
0x5FFB, 0x1FFB, 0x0000, 0x0000, 0x0000, 0x0000, 0x0000, 0x0000, 0x0000, 0x0000, 0x0000, 0x0000, 0x0000, 0x0000, 0x0000, 0x0000,
0x0000, 0x0000, 0x0000, 0x0000, 0x0000, 0x0000, 0x0000, 0x0000, 0x0000, 0x9E82, 0xFE82, 0xEE82, 0xFE92, 0xFF93, 0xFFA3, 0xFFB4,
0xFFC4, 0xFFD6, 0xEFF8, 0xFFFA, 0xAFFB, 0x0000, 0x0000, 0x0000, 0x0000, 0x0000, 0x0000, 0x0000, 0x0000, 0x0000, 0x0000, 0x0000,
0x0000, 0x0000, 0x0000, 0x0000, 0x0000, 0x0000, 0x0000, 0x0000, 0x0000, 0x0000, 0x0000, 0x0000, 0x0000, 0x0000, 0x0000, 0x0000,
0x0000, 0x0000, 0x0000, 0x0000, 0x0000, 0x0000, 0x0000, 0x0000, 0x0000, 0x0000, 0xCFA3, 0xFFA3, 0xEFA3, 0xFFA3, 0xFFA3, 0xFFA3,
0xFFB3, 0xFFB3, 0xFFA3, 0xEFA3, 0xFFA3, 0x5FA3, 0x0000, 0x0000, 0x0000, 0x0000, 0x0000, 0x0000, 0x0000, 0x0000, 0x0000, 0x0000,
0x0000, 0x0000, 0x0000, 0x0000, 0x0000, 0x0000, 0x0000, 0x0000, 0x0000, 0x0000, 0x0000, 0x2FF7, 0x6FF7, 0x9FF7, 0xCFF8, 0xEFF8,
0xFFF8, 0xFFF8, 0xFFF8, 0xFFF8, 0xFFF8, 0xFFF8, 0xFFF9, 0xFFF9, 0xFFF9, 0xDFFA, 0xCFFA, 0xAFFA, 0x7FFA, 0x5FFB, 0x1FFA, 0x0000,
0x0000, 0x0000, 0x0000, 0x0000, 0x0000, 0x0000, 0x0000, 0x0000, 0x0000, 0x0000, 0x0000, 0x0000, 0x0000, 0x0000, 0x0000, 0x0000,
0x0000, 0x0000, 0x0000, 0x0000, 0x0000, 0x0000, 0x0000, 0x0000, 0x6E81, 0xFE82, 0xEE82, 0xFE92, 0xFE92, 0xFFA3, 0xFFB3, 0xFFB4,
0xFFD5, 0xEFE7, 0xEFF9, 0xEFFB, 0x2FFB, 0x0000, 0x0000, 0x0000, 0x0000, 0x0000, 0x0000, 0x0000, 0x0000, 0x0000, 0x0000, 0x0000,
0x0000, 0x0000, 0x0000, 0x0000, 0x0000, 0x0000, 0x0000, 0x0000, 0x0000, 0x0000, 0x0000, 0x0000, 0x0000, 0x0000, 0x0000, 0x0000,
0x0000, 0x0000, 0x0000, 0x0000, 0x0000, 0x0000, 0x0000, 0x0000, 0x0000, 0x0000, 0x3FA3, 0xEFA3, 0xEFA3, 0xEFA3, 0xFFA3, 0xFFB3,
0xFFB3, 0xFFB3, 0xFFA3, 0xEFA3, 0xEFA3, 0xEFA3, 0x3FA3, 0x0000, 0x0000, 0x0000, 0x0000, 0x0000, 0x0000, 0x0000, 0x0000, 0x0000,
0x0000, 0x0000, 0x0000, 0x0000, 0x0000, 0x0000, 0x0000, 0x0000, 0x0000, 0x0000, 0x0000, 0x0000, 0x0000, 0x0000, 0x0000, 0x1FF8,
0x2FF8, 0x4FF8, 0x5FF8, 0x6FF9, 0x7FF9, 0x7FF9, 0x6FF9, 0x5FFA, 0x3FFA, 0x1FFA, 0x0000, 0x0000, 0x0000, 0x0000, 0x0000, 0x0000,
0x0000, 0x0000, 0x0000, 0x0000, 0x0000, 0x0000, 0x0000, 0x0000, 0x0000, 0x0000, 0x0000, 0x0000, 0x0000, 0x0000, 0x0000, 0x0000,
0x0000, 0x0000, 0x0000, 0x0000, 0x0000, 0x0000, 0x0000, 0x5E81, 0xFE82, 0xEE82, 0xEE92, 0xFE92, 0xFFA3, 0xFFA3, 0xFFB4, 0xFFC5,
0xFFE6, 0xEFF8, 0xFFFA, 0x7FFB, 0x0000, 0x0000, 0x0000, 0x0000, 0x0000, 0x0000, 0x0000, 0x0000, 0x0000, 0x0000, 0x0000, 0x0000,
0x0000, 0x0000, 0x0000, 0x0000, 0x0000, 0x0000, 0x0000, 0x0000, 0x0000, 0x0000, 0x0000, 0x0000, 0x0000, 0x0000, 0x0000, 0x0000,
0x0000, 0x0000, 0x0000, 0x0000, 0x0000, 0x0000, 0x0000, 0x0000, 0x0000, 0x0000, 0x0000, 0x7FA3, 0xFFA3, 0xEFB3, 0xFFB3, 0xFFB3,
0xFFB3, 0xFFA3, 0xFFA3, 0xFFA3, 0xEFA3, 0xFFA3, 0xEFA3, 0x3FA3, 0x0000, 0x0000, 0x0000, 0x0000, 0x0000, 0x0000, 0x0000, 0x0000,
0x0000, 0x0000, 0x0000, 0x0000, 0x0000, 0x0000, 0x0000, 0x0000, 0x0000, 0x0000, 0x0000, 0x0000, 0x0000, 0x0000, 0x0000, 0x0000,
0x0000, 0x0000, 0x0000, 0x0000, 0x0000, 0x0000, 0x0000, 0x0000, 0x0000, 0x0000, 0x0000, 0x0000, 0x0000, 0x0000, 0x0000, 0x0000,
0x0000, 0x0000, 0x0000, 0x0000, 0x0000, 0x0000, 0x0000, 0x0000, 0x0000, 0x0000, 0x0000, 0x0000, 0x0000, 0x0000, 0x0000, 0x0000,
0x0000, 0x0000, 0x0000, 0x0000, 0x0000, 0x0000, 0x5E81, 0xFE82, 0xEE82, 0xEE92, 0xFE92, 0xFFA3, 0xFFA3, 0xFFB4, 0xFFC4, 0xFFD6,
0xEFF8, 0xFFFA, 0xCFFB, 0x0FFB, 0x0000, 0x0000, 0x0000, 0x0000, 0x0000, 0x0000, 0x0000, 0x0000, 0x0000, 0x0000, 0x0000, 0x0000,
0x0000, 0x0000, 0x0000, 0x0000, 0x0000, 0x0000, 0x0000, 0x0000, 0x0000, 0x0000, 0x0000, 0x0000, 0x0000, 0x0000, 0x0000, 0x0000,
0x0000, 0x0000, 0x0000, 0x0000, 0x0000, 0x0000, 0x0000, 0x0000, 0x0000, 0x0000, 0x0000, 0x0000, 0xAFB3, 0xFFB3, 0xEFB3, 0xFFB3,
0xFFB3, 0xFFB3, 0xFFA3, 0xFFA3, 0xFFA3, 0xEFA3, 0xFFA3, 0xEFA3, 0x3FA3, 0x0000, 0x0000, 0x0000, 0x0000, 0x0000, 0x0000, 0x0000,
0x0000, 0x0000, 0x0000, 0x0000, 0x0000, 0x0000, 0x0000, 0x0000, 0x0000, 0x0000, 0x0000, 0x0000, 0x0000, 0x0000, 0x0000, 0x0000,
0x0000, 0x0000, 0x0000, 0x0000, 0x0000, 0x0000, 0x0000, 0x0000, 0x0000, 0x0000, 0x0000, 0x0000, 0x0000, 0x0000, 0x0000, 0x0000,
0x0000, 0x0000, 0x0000, 0x0000, 0x0000, 0x0000, 0x0000, 0x0000, 0x0000, 0x0000, 0x0000, 0x0000, 0x0000, 0x0000, 0x0000, 0x0000,
0x0000, 0x0000, 0x0000, 0x0000, 0x0000, 0x6E81, 0xFE82, 0xEE82, 0xEE82, 0xFE92, 0xFFA3, 0xFFA3, 0xFFB4, 0xFFC4, 0xFFD5, 0xEFF7,
0xEFF9, 0xEFFB, 0x3FFB, 0x0000, 0x0000, 0x0000, 0x0000, 0x0000, 0x0000, 0x0000, 0x0000, 0x0000, 0x0000, 0x0000, 0x0000, 0x0000,
0x0000, 0x0000, 0x0000, 0x0000, 0x0000, 0x0000, 0x0000, 0x0000, 0x0000, 0x0000, 0x0000, 0x0000, 0x0000, 0x0000, 0x0000, 0x0000,
0x0000, 0x0000, 0x0000, 0x0000, 0x0000, 0x0000, 0x0000, 0x0000, 0x0000, 0x0000, 0x0000, 0x0000, 0x1FB3, 0xDFB3, 0xFFB3, 0xEFB3,
0xFFB3, 0xFFB3, 0xFFA3, 0xFFA3, 0xFFA3, 0xFFA3, 0xEFA3, 0xFFA3, 0xEFA3, 0x5FA3, 0x0000, 0x0000, 0x0000, 0x0000, 0x0000, 0x0000,
0x0000, 0x0000, 0x0000, 0x0000, 0x0000, 0x0000, 0x0000, 0x0000, 0x0000, 0x0000, 0x0000, 0x0000, 0x0000, 0x0000, 0x0000, 0x0000,
0x0000, 0x0000, 0x0000, 0x0000, 0x0000, 0x0000, 0x0000, 0x0000, 0x0000, 0x0000, 0x0000, 0x0000, 0x0000, 0x0000, 0x0000, 0x0000,
0x0000, 0x0000, 0x0000, 0x0000, 0x0000, 0x0000, 0x0000, 0x0000, 0x0000, 0x0000, 0x0000, 0x0000, 0x0000, 0x0000, 0x0000, 0x0000,
0x0000, 0x0000, 0x0000, 0x2E81, 0xBE81, 0xFE82, 0xEE82, 0xEE82, 0xFE92, 0xFFA3, 0xFFA3, 0xFFB3, 0xFFB4, 0xFFD5, 0xFFE7, 0xEFF9,
0xFFFB, 0x7FFB, 0x0000, 0x0000, 0x0000, 0x0000, 0x0000, 0x0000, 0x0000, 0x0000, 0x0000, 0x0000, 0x0000, 0x0000, 0x0000, 0x0000,
0x0000, 0x0000, 0x0000, 0x0000, 0x0000, 0x0000, 0x0000, 0x0000, 0x0000, 0x0000, 0x0000, 0x0000, 0x0000, 0x0000, 0x0000, 0x0000,
0x0000, 0x0000, 0x0000, 0x0000, 0x0000, 0x0000, 0x0000, 0x0000, 0x0000, 0x0000, 0x0000, 0x0000, 0x0000, 0x3FB4, 0xEFB4, 0xEFB4,
0xEFB4, 0xFFB3, 0xFFB3, 0xFFB3, 0xFFA3, 0xFFA3, 0xFFA3, 0xEFA3, 0xFFA3, 0xFFA3, 0x7E92, 0x0000, 0x0000, 0x0000, 0x0000, 0x0000,
0x0000, 0x0000, 0x0000, 0x0000, 0x0000, 0x0000, 0x0000, 0x0000, 0x0000, 0x0000, 0x0000, 0x0000, 0x0000, 0x0000, 0x0000, 0x0000,
0x0000, 0x0000, 0x0000, 0x0000, 0x0000, 0x0000, 0x0000, 0x0000, 0x0000, 0x0000, 0x0000, 0x0000, 0x0000, 0x0000, 0x0000, 0x0000,
0x0000, 0x0000, 0x0000, 0x0000, 0x0000, 0x0000, 0x0000, 0x0000, 0x0000, 0x0000, 0x0000, 0x0000, 0x0000, 0x0000, 0x0000, 0x0000,
0x0000, 0x0000, 0x4E81, 0xEE81, 0xFE82, 0xEE82, 0xFE92, 0xFE92, 0xFFA3, 0xFFA3, 0xFFB3, 0xFFB4, 0xFFC5, 0xFFE6, 0xEFF9, 0xFFFA,
0xAFFC, 0x0000, 0x0000, 0x0000, 0x0000, 0x0000, 0x0000, 0x0000, 0x0000, 0x0000, 0x0000, 0x0000, 0x0000, 0x0000, 0x0000, 0x0000,
0x0000, 0x0000, 0x0000, 0x0000, 0x0000, 0x0000, 0x0000, 0x0000, 0x0000, 0x0000, 0x0000, 0x0000, 0x0000, 0x0000, 0x0000, 0x0000,
0x0000, 0x0000, 0x0000, 0x0000, 0x0000, 0x0000, 0x0000, 0x0000, 0x0000, 0x0000, 0x0000, 0x0000, 0x0000, 0x0000, 0x5FB4, 0xFFB4,
0xEFB4, 0xEFB4, 0xFFB4, 0xFFB3, 0xFFB3, 0xFFA3, 0xFFA3, 0xFFA3, 0xEFA3, 0xEFA3, 0xFE92, 0xAE92, 0x1E92, 0x0000, 0x0000, 0x0000,
0x0000, 0x0000, 0x0000, 0x0000, 0x0000, 0x0000, 0x0000, 0x0000, 0x0000, 0x0000, 0x0000, 0x0000, 0x0000, 0x0000, 0x0000, 0x0000,
0x0000, 0x0000, 0x0000, 0x0000, 0x0000, 0x0000, 0x0000, 0x0000, 0x0000, 0x0000, 0x0000, 0x0000, 0x0000, 0x0000, 0x0000, 0x0000,
0x0000, 0x0000, 0x0000, 0x0000, 0x0000, 0x0000, 0x0000, 0x0000, 0x0000, 0x0000, 0x0000, 0x0000, 0x0000, 0x0000, 0x0000, 0x0000,
0x0E81, 0x8E81, 0xFE81, 0xFE82, 0xEE82, 0xFE92, 0xFE92, 0xFFA3, 0xFFA3, 0xFFB3, 0xFFB4, 0xFFC5, 0xFFE6, 0xEFF8, 0xFFFA, 0xCFFC,
0x0FFB, 0x0000, 0x0000, 0x0000, 0x0000, 0x0000, 0x0000, 0x0000, 0x0000, 0x0000, 0x0000, 0x0000, 0x0000, 0x0000, 0x0000, 0x0000,
0x0000, 0x0000, 0x0000, 0x0000, 0x0000, 0x0000, 0x0000, 0x0000, 0x0000, 0x0000, 0x0000, 0x0000, 0x0000, 0x0000, 0x0000, 0x0000,
0x0000, 0x0000, 0x0000, 0x0000, 0x0000, 0x0000, 0x0000, 0x0000, 0x0000, 0x0000, 0x0000, 0x0000, 0x0000, 0x0000, 0x0000, 0x6FB4,
0xFFB4, 0xEFB4, 0xFFB4, 0xFFB4, 0xFFB3, 0xFFB3, 0xFFA3, 0xFFA3, 0xFFA3, 0xFFA3, 0xEFA3, 0xFE92, 0xDE92, 0x5E92, 0x0000, 0x0000,
0x0000, 0x0000, 0x0000, 0x0000, 0x0000, 0x0000, 0x0000, 0x0000, 0x0000, 0x0000, 0x0000, 0x0000, 0x0000, 0x0000, 0x0000, 0x0000,
0x0000, 0x0000, 0x0000, 0x0000, 0x0000, 0x0000, 0x0000, 0x0000, 0x0000, 0x0000, 0x0000, 0x0000, 0x0000, 0x0000, 0x0000, 0x0000,
0x0000, 0x0000, 0x0000, 0x0000, 0x0000, 0x0000, 0x0000, 0x0000, 0x0000, 0x0000, 0x0000, 0x0000, 0x0000, 0x0000, 0x0000, 0x3E81,
0xCE81, 0xFE82, 0xEE82, 0xEE82, 0xFE92, 0xFE92, 0xFFA3, 0xFFA3, 0xFFB3, 0xFFB4, 0xFFC5, 0xFFE6, 0xEFF8, 0xFFFA, 0xDFFC, 0x2FFC,
0x0000, 0x0000, 0x0000, 0x0000, 0x0000, 0x0000, 0x0000, 0x0000, 0x0000, 0x0000, 0x0000, 0x0000, 0x0000, 0x0000, 0x0000, 0x0000,
0x0000, 0x0000, 0x0000, 0x0000, 0x0000, 0x0000, 0x0000, 0x0000, 0x0000, 0x0000, 0x0000, 0x0000, 0x0000, 0x0000, 0x0000, 0x0000,
0x0000, 0x0000, 0x0000, 0x0000, 0x0000, 0x0000, 0x0000, 0x0000, 0x0000, 0x0000, 0x0000, 0x0000, 0x0000, 0x0000, 0x0000, 0x0000,
0x8FB4, 0xFFB4, 0xEFB4, 0xFFB4, 0xFFB4, 0xFFB3, 0xFFB3, 0xFFA3, 0xFFA3, 0xFFA3, 0xFFA3, 0xEFA3, 0xFE92, 0xFE92, 0xBE92, 0x3E92,
0x0000, 0x0000, 0x0000, 0x0000, 0x0000, 0x0000, 0x0000, 0x0000, 0x0000, 0x0000, 0x0000, 0x0000, 0x0000, 0x0000, 0x0000, 0x0000,
0x0000, 0x0000, 0x0000, 0x0000, 0x0000, 0x0000, 0x0000, 0x0000, 0x0000, 0x0000, 0x0000, 0x0000, 0x0000, 0x0000, 0x0000, 0x0000,
0x0000, 0x0000, 0x0000, 0x0000, 0x0000, 0x0000, 0x0000, 0x0000, 0x0000, 0x0000, 0x0000, 0x0000, 0x0000, 0x1E81, 0x8E81, 0xEE81,
0xFE82, 0xEE82, 0xFE92, 0xFE92, 0xFE92, 0xFFA3, 0xFFA3, 0xFFB4, 0xFFB4, 0xFFC5, 0xFFE6, 0xEFF8, 0xFFFA, 0xDFFC, 0x2FFC, 0x0000,
0x0000, 0x0000, 0x0000, 0x0000, 0x0000, 0x0000, 0x0000, 0x0000, 0x0000, 0x0000, 0x0000, 0x0000, 0x0000, 0x0000, 0x0000, 0x0000,
0x0000, 0x0000, 0x0000, 0x0000, 0x0000, 0x0000, 0x0000, 0x0000, 0x0000, 0x0000, 0x0000, 0x0000, 0x0000, 0x0000, 0x0000, 0x0000,
0x0000, 0x0000, 0x0000, 0x0000, 0x0000, 0x0000, 0x0000, 0x0000, 0x0000, 0x0000, 0x0000, 0x0000, 0x0000, 0x0000, 0x0000, 0x0000,
0x0000, 0x9FB4, 0xFFB4, 0xEFB4, 0xFFB4, 0xFFB4, 0xFFB4, 0xFFB3, 0xFFA3, 0xFFA3, 0xFFA3, 0xFFA3, 0xEFA3, 0xEE92, 0xFE92, 0xFE92,
0x9E92, 0x2E92, 0x0000, 0x0000, 0x0000, 0x0000, 0x0000, 0x0000, 0x0000, 0x0000, 0x0000, 0x0000, 0x0000, 0x0000, 0x0000, 0x0000,
0x0000, 0x0000, 0x0000, 0x0000, 0x0000, 0x0000, 0x0000, 0x0000, 0x0000, 0x0000, 0x0000, 0x0000, 0x0000, 0x0000, 0x0000, 0x0000,
0x0000, 0x0000, 0x0000, 0x0000, 0x0000, 0x0000, 0x0000, 0x0000, 0x0000, 0x0000, 0x0000, 0x1E81, 0x7E81, 0xDE81, 0xFE82, 0xEE82,
0xEE82, 0xFE92, 0xFE92, 0xFFA3, 0xFFA3, 0xFFB3, 0xFFB4, 0xFFC4, 0xFFD5, 0xFFE7, 0xEFF8, 0xFFFA, 0xDFFB, 0x2FFC, 0x0000, 0x0000,
0x0000, 0x0000, 0x0000, 0x0000, 0x0000, 0x0000, 0x0000, 0x0000, 0x0000, 0x0000, 0x0000, 0x0000, 0x0000, 0x0000, 0x0000, 0x0000,
0x0000, 0x0000, 0x0000, 0x0000, 0x0000, 0x0000, 0x0000, 0x0000, 0x0000, 0x0000, 0x0000, 0x0000, 0x0000, 0x0000, 0x0000, 0x0000,
0x0000, 0x0000, 0x0000, 0x0000, 0x0000, 0x0000, 0x0000, 0x0000, 0x0000, 0x0000, 0x0000, 0x0000, 0x0000, 0x0000, 0x0000, 0x0000,
0x0000, 0x0000, 0x9FB4, 0xFFB4, 0xEFB4, 0xEFB4, 0xFFB4, 0xFFB4, 0xFFB3, 0xFFA3, 0xFFA3, 0xFFA3, 0xFFA3, 0xFFA3, 0xEE92, 0xEE92,
0xFE92, 0xEE92, 0x9E92, 0x3E92, 0x0000, 0x0000, 0x0000, 0x0000, 0x0000, 0x0000, 0x0000, 0x0000, 0x0000, 0x0000, 0x0000, 0x0000,
0x0000, 0x0000, 0x0000, 0x0000, 0x0000, 0x0000, 0x0000, 0x0000, 0x0000, 0x0000, 0x0000, 0x0000, 0x0000, 0x0000, 0x0000, 0x0000,
0x0000, 0x0000, 0x0000, 0x0000, 0x0000, 0x0000, 0x0000, 0x0000, 0x0000, 0x1E81, 0x7E81, 0xDE81, 0xFE82, 0xFE82, 0xEE82, 0xFE92,
0xFE92, 0xFE92, 0xFFA3, 0xFFA3, 0xFFB3, 0xFFB4, 0xFFC4, 0xFFD5, 0xFFF7, 0xEFF9, 0xFFFA, 0xDFFC, 0x2FFC, 0x0000, 0x0000, 0x0000,
0x0000, 0x0000, 0x0000, 0x0000, 0x0000, 0x0000, 0x0000, 0x0000, 0x0000, 0x0000, 0x0000, 0x0000, 0x0000, 0x0000, 0x0000, 0x0000,
0x0000, 0x0000, 0x0000, 0x0000, 0x0000, 0x0000, 0x0000, 0x0000, 0x0000, 0x0000, 0x0000, 0x0000, 0x0000, 0x0000, 0x0000, 0x0000,
0x0000, 0x0000, 0x0000, 0x0000, 0x0000, 0x0000, 0x0000, 0x0000, 0x0000, 0x0000, 0x0000, 0x0000, 0x0000, 0x0000, 0x0000, 0x0000,
0x0000, 0x0000, 0x0000, 0x8FC4, 0xFFC4, 0xEFB4, 0xEFB4, 0xFFB4, 0xFFB4, 0xFFB4, 0xFFB3, 0xFFA3, 0xFFA3, 0xFFA3, 0xFFA3, 0xFFA3,
0xEE92, 0xFE92, 0xFE92, 0xFE92, 0xCE92, 0x7E92, 0x2E92, 0x0000, 0x0000, 0x0000, 0x0000, 0x0000, 0x0000, 0x0000, 0x0000, 0x0000,
0x0000, 0x0000, 0x0000, 0x0000, 0x0000, 0x0000, 0x0000, 0x0000, 0x0000, 0x0000, 0x0000, 0x0000, 0x0000, 0x0000, 0x0000, 0x0000,
0x0000, 0x0000, 0x0000, 0x0000, 0x0000, 0x0000, 0x0000, 0x2E81, 0x8E81, 0xEE82, 0xFE82, 0xFE82, 0xEE82, 0xEE92, 0xFE92, 0xFE92,
0xFFA3, 0xFFA3, 0xFFA3, 0xFFB4, 0xFFB4, 0xFFC5, 0xFFD6, 0xFFF7, 0xEFF9, 0xFFFB, 0xCFFC, 0x2FFC, 0x0000, 0x0000, 0x0000, 0x0000,
0x0000, 0x0000, 0x0000, 0x0000, 0x0000, 0x0000, 0x0000, 0x0000, 0x0000, 0x0000, 0x0000, 0x0000, 0x0000, 0x0000, 0x0000, 0x0000,
0x0000, 0x0000, 0x0000, 0x0000, 0x0000, 0x0000, 0x0000, 0x0000, 0x0000, 0x0000, 0x0000, 0x0000, 0x0000, 0x0000, 0x0000, 0x0000,
0x0000, 0x0000, 0x0000, 0x0000, 0x0000, 0x0000, 0x0000, 0x0000, 0x0000, 0x0000, 0x0000, 0x0000, 0x0000, 0x0000, 0x0000, 0x0000,
0x0000, 0x0000, 0x0000, 0x0000, 0x6FC4, 0xEFC4, 0xFFC4, 0xEFB4, 0xFFB4, 0xFFB4, 0xFFB4, 0xFFB3, 0xFFA3, 0xFFA3, 0xFFA3, 0xFFA3,
0xFFA3, 0xEE92, 0xEE92, 0xEE92, 0xFE92, 0xFE92, 0xEE92, 0xBE92, 0x7E92, 0x2E92, 0x0000, 0x0000, 0x0000, 0x0000, 0x0000, 0x0000,
0x0000, 0x0000, 0x0000, 0x0000, 0x0000, 0x0000, 0x0000, 0x0000, 0x0000, 0x0000, 0x0000, 0x0000, 0x0000, 0x0000, 0x0000, 0x0000,
0x0000, 0x0000, 0x0000, 0x0000, 0x0000, 0x4E81, 0xAE81, 0xEE82, 0xFE82, 0xFE82, 0xEE82, 0xEE92, 0xFE92, 0xFE92, 0xFFA3, 0xFFA3,
0xFFA3, 0xFFB3, 0xFFB4, 0xFFC4, 0xFFD5, 0xFFE6, 0xEFF8, 0xEFFA, 0xFFFB, 0xAFFC, 0x1FFB, 0x0000, 0x0000, 0x0000, 0x0000, 0x0000,
0x0000, 0x0000, 0x0000, 0x0000, 0x0000, 0x0000, 0x0000, 0x0000, 0x0000, 0x0000, 0x0000, 0x0000, 0x0000, 0x0000, 0x0000, 0x0000,
0x0000, 0x0000, 0x0000, 0x0000, 0x0000, 0x0000, 0x0000, 0x0000, 0x0000, 0x0000, 0x0000, 0x0000, 0x0000, 0x0000, 0x0000, 0x0000,
0x0000, 0x0000, 0x0000, 0x0000, 0x0000, 0x0000, 0x0000, 0x0000, 0x0000, 0x0000, 0x0000, 0x0000, 0x0000, 0x0000, 0x0000, 0x0000,
0x0000, 0x0000, 0x0000, 0x0000, 0x0000, 0x4FC4, 0xEFC5, 0xFFC4, 0xEFC4, 0xFFB4, 0xFFB4, 0xFFB4, 0xFFB4, 0xFFB3, 0xFFA3, 0xFFA3,
0xFFA3, 0xFFA3, 0xFFA3, 0xFE92, 0xEE92, 0xEE92, 0xFE92, 0xFE92, 0xFE92, 0xFE92, 0xCE92, 0x8E82, 0x4E82, 0x2E82, 0x0E82, 0x0000,
0x0000, 0x0000, 0x0000, 0x0000, 0x0000, 0x0000, 0x0000, 0x0000, 0x0000, 0x0000, 0x0000, 0x0000, 0x0000, 0x0000, 0x0000, 0x0000,
0x0000, 0x2E82, 0x4E82, 0x8E82, 0xCE82, 0xFE82, 0xFE82, 0xFE82, 0xEE82, 0xEE92, 0xFE92, 0xFE92, 0xFFA3, 0xFFA3, 0xFFA3, 0xFFB3,
0xFFB4, 0xFFB4, 0xFFC5, 0xFFD6, 0xFFF7, 0xEFF9, 0xFFFA, 0xFFFC, 0x7FFC, 0x0000, 0x0000, 0x0000, 0x0000, 0x0000, 0x0000, 0x0000,
0x0000, 0x0000, 0x0000, 0x0000, 0x0000, 0x0000, 0x0000, 0x0000, 0x0000, 0x0000, 0x0000, 0x0000, 0x0000, 0x0000, 0x0000, 0x0000,
0x0000, 0x0000, 0x0000, 0x0000, 0x0000, 0x0000, 0x0000, 0x0000, 0x0000, 0x0000, 0x0000, 0x0000, 0x0000, 0x0000, 0x0000, 0x0000,
0x0000, 0x0000, 0x0000, 0x0000, 0x0000, 0x0000, 0x0000, 0x0000, 0x0000, 0x0000, 0x0000, 0x0000, 0x0000, 0x0000, 0x0000, 0x0000,
0x0000, 0x0000, 0x0000, 0x0000, 0x0000, 0x0000, 0x2FC5, 0xCFC5, 0xFFC5, 0xEFC5, 0xEFC4, 0xFFB4, 0xFFB4, 0xFFB4, 0xFFB4, 0xFFB3,
0xFFA3, 0xFFA3, 0xFFA3, 0xFFA3, 0xFFA3, 0xFFA3, 0xEE92, 0xEE92, 0xEE92, 0xFE92, 0xFE92, 0xFE92, 0xFE92, 0xEE82, 0xDE82, 0xBE82,
0xAE82, 0x8E82, 0x7E82, 0x5E82, 0x4E82, 0x4E82, 0x3E82, 0x3E82, 0x3E82, 0x3E82, 0x3E82, 0x4E82, 0x5E82, 0x7E82, 0x8E82, 0xAE82,
0xCE82, 0xEE82, 0xFE82, 0xFE82, 0xFE82, 0xEE82, 0xEE82, 0xEE92, 0xFE92, 0xFE92, 0xFFA3, 0xFFA3, 0xFFA3, 0xFFA3, 0xFFB4, 0xFFB4,
0xFFC4, 0xFFD5, 0xFFE6, 0xEFF8, 0xEFF9, 0xFFFB, 0xCFFC, 0x3FFC, 0x0000, 0x0000, 0x0000, 0x0000, 0x0000, 0x0000, 0x0000, 0x0000,
0x0000, 0x0000, 0x0000, 0x0000, 0x0000, 0x0000, 0x0000, 0x0000, 0x0000, 0x0000, 0x0000, 0x0000, 0x0000, 0x0000, 0x0000, 0x0000,
0x0000, 0x0000, 0x0000, 0x0000, 0x0000, 0x0000, 0x0000, 0x0000, 0x0000, 0x0000, 0x0000, 0x0000, 0x0000, 0x0000, 0x0000, 0x0000,
0x0000, 0x0000, 0x0000, 0x0000, 0x0000, 0x0000, 0x0000, 0x0000, 0x0000, 0x0000, 0x0000, 0x0000, 0x0000, 0x0000, 0x0000, 0x0000,
0x0000, 0x0000, 0x0000, 0x0000, 0x0000, 0x0000, 0x0000, 0x0FC5, 0x9FC5, 0xFFC5, 0xFFC5, 0xEFC5, 0xEFC4, 0xFFC4, 0xFFB4, 0xFFB4,
0xFFB4, 0xFFB3, 0xFFB3, 0xFFA3, 0xFFA3, 0xFFA3, 0xFFA3, 0xFFA3, 0xFE92, 0xFE92, 0xEE92, 0xEE92, 0xEE92, 0xFE92, 0xFE92, 0xFE92,
0xFE82, 0xFE82, 0xFE82, 0xFE82, 0xFE82, 0xFE82, 0xFE82, 0xFE82, 0xFE82, 0xFE82, 0xFE82, 0xFE82, 0xFE82, 0xFE82, 0xFE82, 0xFE82,
0xFE82, 0xFE82, 0xEE82, 0xEE92, 0xEE92, 0xFE92, 0xFE92, 0xFE92, 0xFFA3, 0xFFA3, 0xFFA3, 0xFFA3, 0xFFB4, 0xFFB4, 0xFFC4, 0xFFC5,
0xFFD6, 0xEFF7, 0xEFF9, 0xFFFA, 0xFFFB, 0x8FFC, 0x0FFC, 0x0000, 0x0000, 0x0000, 0x0000, 0x0000, 0x0000, 0x0000, 0x0000, 0x0000,
0x0000, 0x0000, 0x0000, 0x0000, 0x0000, 0x0000, 0x0000, 0x0000, 0x0000, 0x0000, 0x0000, 0x0000, 0x0000, 0x0000, 0x0000, 0x0000,
0x0000, 0x0000, 0x0000, 0x0000, 0x0000, 0x0000, 0x0000, 0x0000, 0x0000, 0x0000, 0x0000, 0x0000, 0x0000, 0x0000, 0x0000, 0x0000,
0x0000, 0x0000, 0x0000, 0x0000, 0x0000, 0x0000, 0x0000, 0x0000, 0x0000, 0x0000, 0x0000, 0x0000, 0x0000, 0x0000, 0x0000, 0x0000,
0x0000, 0x0000, 0x0000, 0x0000, 0x0000, 0x0000, 0x0000, 0x0000, 0x0000, 0x6FD5, 0xDFD5, 0xFFD5, 0xFFD5, 0xEFC5, 0xEFC5, 0xFFC4,
0xFFB4, 0xFFB4, 0xFFB4, 0xFFB3, 0xFFB3, 0xFFA3, 0xFFA3, 0xFFA3, 0xFFA3, 0xFFA3, 0xFFA3, 0xFF93, 0xFE92, 0xEE92, 0xEE92, 0xEE92,
0xEE92, 0xEE92, 0xEE92, 0xEE92, 0xEE92, 0xEE92, 0xEE92, 0xEE92, 0xEE92, 0xEE92, 0xEE92, 0xEE92, 0xEE92, 0xEE92, 0xEE92, 0xEE92,
0xEE92, 0xEE92, 0xFE92, 0xFE92, 0xFE92, 0xFFA3, 0xFFA3, 0xFFA3, 0xFFA3, 0xFFB3, 0xFFB4, 0xFFB4, 0xFFC4, 0xFFC5, 0xFFD6, 0xFFE7,
0xEFF8, 0xFFFA, 0xFFFB, 0xCFFC, 0x4FFC, 0x0000, 0x0000, 0x0000, 0x0000, 0x0000, 0x0000, 0x0000, 0x0000, 0x0000, 0x0000, 0x0000,
0x0000, 0x0000, 0x0000, 0x0000, 0x0000, 0x0000, 0x0000, 0x0000, 0x0000, 0x0000, 0x0000, 0x0000, 0x0000, 0x0000, 0x0000, 0x0000,
0x0000, 0x0000, 0x0000, 0x0000, 0x0000, 0x0000, 0x0000, 0x0000, 0x0000, 0x0000, 0x0000, 0x0000, 0x0000, 0x0000, 0x0000, 0x0000,
0x0000, 0x0000, 0x0000, 0x0000, 0x0000, 0x0000, 0x0000, 0x0000, 0x0000, 0x0000, 0x0000, 0x0000, 0x0000, 0x0000, 0x0000, 0x0000,
0x0000, 0x0000, 0x0000, 0x0000, 0x0000, 0x0000, 0x0000, 0x0000, 0x0000, 0x0000, 0x1FD5, 0x8FD6, 0xEFD6, 0xFFD5, 0xFFD5, 0xEFC5,
0xEFC5, 0xFFC4, 0xFFC4, 0xFFB4, 0xFFB4, 0xFFB4, 0xFFB4, 0xFFB3, 0xFFA3, 0xFFA3, 0xFFA3, 0xFFA3, 0xFFA3, 0xFFA3, 0xFFA3, 0xFFA3,
0xFE92, 0xFE92, 0xFE92, 0xFE92, 0xFE92, 0xFE92, 0xFE92, 0xFE92, 0xFE92, 0xFE92, 0xFE92, 0xFE92, 0xFE92, 0xFE92, 0xFE92, 0xFE92,
0xFE92, 0xFFA3, 0xFFA3, 0xFFA3, 0xFFA3, 0xFFA3, 0xFFA3, 0xFFB3, 0xFFB4, 0xFFB4, 0xFFC4, 0xFFC5, 0xFFD6, 0xFFE7, 0xEFF8, 0xEFF9,
0xFFFA, 0xEFFB, 0x7FFC, 0x0FFB, 0x0000, 0x0000, 0x0000, 0x0000, 0x0000, 0x0000, 0x0000, 0x0000, 0x0000, 0x0000, 0x0000, 0x0000,
0x0000, 0x0000, 0x0000, 0x0000, 0x0000, 0x0000, 0x0000, 0x0000, 0x0000, 0x0000, 0x0000, 0x0000, 0x0000, 0x0000, 0x0000, 0x0000,
0x0000, 0x0000, 0x0000, 0x0000, 0x0000, 0x0000, 0x0000, 0x0000, 0x0000, 0x0000, 0x0000, 0x0000, 0x0000, 0x0000, 0x0000, 0x0000,
0x0000, 0x0000, 0x0000, 0x0000, 0x0000, 0x0000, 0x0000, 0x0000, 0x0000, 0x0000, 0x0000, 0x0000, 0x0000, 0x0000, 0x0000, 0x0000,
0x0000, 0x0000, 0x0000, 0x0000, 0x0000, 0x0000, 0x0000, 0x0000, 0x0000, 0x0000, 0x0000, 0x0000, 0x2FD6, 0x9FD6, 0xEFD6, 0xFFD6,
0xFFD6, 0xEFD5, 0xEFC5, 0xFFC5, 0xFFC5, 0xFFC4, 0xFFB4, 0xFFB4, 0xFFB4, 0xFFB4, 0xFFB3, 0xFFB3, 0xFFA3, 0xFFA3, 0xFFA3, 0xFFA3,
0xFFA3, 0xFFA3, 0xFFA3, 0xFFA3, 0xFFA3, 0xFFA3, 0xFFA3, 0xFFA3, 0xFFA3, 0xFFA3, 0xFFA3, 0xFFA3, 0xFFA3, 0xFFA3, 0xFFA3, 0xFFA3,
0xFFA3, 0xFFA3, 0xFFA3, 0xFFA3, 0xFFB3, 0xFFB4, 0xFFB4, 0xFFB4, 0xFFC4, 0xFFC5, 0xFFD6, 0xFFE7, 0xEFF8, 0xEFF9, 0xFFFA, 0xFFFB,
0xAFFC, 0x2FFC, 0x0000, 0x0000, 0x0000, 0x0000, 0x0000, 0x0000, 0x0000, 0x0000, 0x0000, 0x0000, 0x0000, 0x0000, 0x0000, 0x0000,
0x0000, 0x0000, 0x0000, 0x0000, 0x0000, 0x0000, 0x0000, 0x0000, 0x0000, 0x0000, 0x0000, 0x0000, 0x0000, 0x0000, 0x0000, 0x0000,
0x0000, 0x0000, 0x0000, 0x0000, 0x0000, 0x0000, 0x0000, 0x0000, 0x0000, 0x0000, 0x0000, 0x0000, 0x0000, 0x0000, 0x0000, 0x0000,
0x0000, 0x0000, 0x0000, 0x0000, 0x0000, 0x0000, 0x0000, 0x0000, 0x0000, 0x0000, 0x0000, 0x0000, 0x0000, 0x0000, 0x0000, 0x0000,
0x0000, 0x0000, 0x0000, 0x0000, 0x0000, 0x0000, 0x0000, 0x0000, 0x0000, 0x0000, 0x0000, 0x0000, 0x0000, 0x0000, 0x2FD6, 0x8FE6,
0xEFE6, 0xFFE6, 0xFFE6, 0xFFD6, 0xEFD5, 0xEFD5, 0xEFC5, 0xFFC5, 0xFFC4, 0xFFC4, 0xFFB4, 0xFFB4, 0xFFB4, 0xFFB4, 0xFFB4, 0xFFB3,
0xFFB3, 0xFFA3, 0xFFA3, 0xFFA3, 0xFFA3, 0xFFA3, 0xFFA3, 0xFFA3, 0xFFA3, 0xFFA3, 0xFFA3, 0xFFA3, 0xFFA3, 0xFFA3, 0xFFA3, 0xFFA3,
0xFFB3, 0xFFB3, 0xFFB4, 0xFFB4, 0xFFB4, 0xFFC4, 0xFFC5, 0xFFD5, 0xFFD6, 0xEFE7, 0xEFF8, 0xEFF9, 0xFFFA, 0xFFFB, 0xAFFC, 0x3FFC,
0x0000, 0x0000, 0x0000, 0x0000, 0x0000, 0x0000, 0x0000, 0x0000, 0x0000, 0x0000, 0x0000, 0x0000, 0x0000, 0x0000, 0x0000, 0x0000,
0x0000, 0x0000, 0x0000, 0x0000, 0x0000, 0x0000, 0x0000, 0x0000, 0x0000, 0x0000, 0x0000, 0x0000, 0x0000, 0x0000, 0x0000, 0x0000,
0x0000, 0x0000, 0x0000, 0x0000, 0x0000, 0x0000, 0x0000, 0x0000, 0x0000, 0x0000, 0x0000, 0x0000, 0x0000, 0x0000, 0x0000, 0x0000,
0x0000, 0x0000, 0x0000, 0x0000, 0x0000, 0x0000, 0x0000, 0x0000, 0x0000, 0x0000, 0x0000, 0x0000, 0x0000, 0x0000, 0x0000, 0x0000,
0x0000, 0x0000, 0x0000, 0x0000, 0x0000, 0x0000, 0x0000, 0x0000, 0x0000, 0x0000, 0x0000, 0x0000, 0x0000, 0x0000, 0x0000, 0x0000,
0x1FE6, 0x7FE6, 0xCFE7, 0xFFE6, 0xFFE6, 0xFFE6, 0xFFE6, 0xEFD6, 0xEFD5, 0xEFD5, 0xFFC5, 0xFFC5, 0xFFC4, 0xFFC4, 0xFFB4, 0xFFB4,
0xFFB4, 0xFFB4, 0xFFB4, 0xFFB3, 0xFFB3, 0xFFB3, 0xFFB3, 0xFFA3, 0xFFA3, 0xFFA3, 0xFFB3, 0xFFB3, 0xFFB3, 0xFFB3, 0xFFB4, 0xFFB4,
0xFFB4, 0xFFB4, 0xFFC4, 0xFFC5, 0xFFD5, 0xFFD6, 0xEFE6, 0xEFF7, 0xEFF8, 0xFFF9, 0xFFFA, 0xFFFB, 0xAFFB, 0x4FFB, 0x0000, 0x0000,
0x0000, 0x0000, 0x0000, 0x0000, 0x0000, 0x0000, 0x0000, 0x0000, 0x0000, 0x0000, 0x0000, 0x0000, 0x0000, 0x0000, 0x0000, 0x0000,
0x0000, 0x0000, 0x0000, 0x0000, 0x0000, 0x0000, 0x0000, 0x0000, 0x0000, 0x0000, 0x0000, 0x0000, 0x0000, 0x0000, 0x0000, 0x0000,
0x0000, 0x0000, 0x0000, 0x0000, 0x0000, 0x0000, 0x0000, 0x0000, 0x0000, 0x0000, 0x0000, 0x0000, 0x0000, 0x0000, 0x0000, 0x0000,
0x0000, 0x0000, 0x0000, 0x0000, 0x0000, 0x0000, 0x0000, 0x0000, 0x0000, 0x0000, 0x0000, 0x0000, 0x0000, 0x0000, 0x0000, 0x0000,
0x0000, 0x0000, 0x0000, 0x0000, 0x0000, 0x0000, 0x0000, 0x0000, 0x0000, 0x0000, 0x0000, 0x0000, 0x0000, 0x0000, 0x0000, 0x0000,
0x0000, 0x0000, 0x0000, 0x3FE7, 0x7FF7, 0xBFE7, 0xEFE7, 0xFFE7, 0xFFE6, 0xFFE6, 0xEFD6, 0xEFD6, 0xEFD5, 0xEFC5, 0xEFC5, 0xFFC4,
0xFFB4, 0xFFB4, 0xFFB4, 0xFFB3, 0xFFB3, 0xFFB3, 0xFFB3, 0xFFB3, 0xFFB3, 0xFFB3, 0xFFB3, 0xFFB4, 0xFFB4, 0xFFB4, 0xFFB4, 0xFFC4,
0xFFC4, 0xFFC5, 0xFFD5, 0xEFE6, 0xEFE7, 0xEFF8, 0xFFF8, 0xFFF9, 0xFFFA, 0xEFFB, 0x9FFB, 0x3FFB, 0x0000, 0x0000, 0x0000, 0x0000,
0x0000, 0x0000, 0x0000, 0x0000, 0x0000, 0x0000, 0x0000, 0x0000, 0x0000, 0x0000, 0x0000, 0x0000, 0x0000, 0x0000, 0x0000, 0x0000,
0x0000, 0x0000, 0x0000, 0x0000, 0x0000, 0x0000, 0x0000, 0x0000, 0x0000, 0x0000, 0x0000, 0x0000, 0x0000, 0x0000, 0x0000, 0x0000,
0x0000, 0x0000, 0x0000, 0x0000, 0x0000, 0x0000, 0x0000, 0x0000, 0x0000, 0x0000, 0x0000, 0x0000, 0x0000, 0x0000, 0x0000, 0x0000,
0x0000, 0x0000, 0x0000, 0x0000, 0x0000, 0x0000, 0x0000, 0x0000, 0x0000, 0x0000, 0x0000, 0x0000, 0x0000, 0x0000, 0x0000, 0x0000,
0x0000, 0x0000, 0x0000, 0x0000, 0x0000, 0x0000, 0x0000, 0x0000, 0x0000, 0x0000, 0x0000, 0x0000, 0x0000, 0x0000, 0x0000, 0x0000,
0x0000, 0x0000, 0x0000, 0x0000, 0x0000, 0x0000, 0x2FE7, 0x6FE7, 0xAFE7, 0xDFE7, 0xFFE6, 0xFFE6, 0xFFD6, 0xFFD5, 0xFFC5, 0xEFC5,
0xEFB4, 0xEFB4, 0xEFB4, 0xEFB3, 0xEFB3, 0xFFB3, 0xFFB3, 0xFFB3, 0xFFB3, 0xFFB3, 0xFFB4, 0xEFB4, 0xEFB4, 0xEFB4, 0xEFC4, 0xEFC5,
0xEFD5, 0xEFD6, 0xEFE6, 0xFFF7, 0xFFF8, 0xFFF9, 0xEFFA, 0xBFFA, 0x6FFB, 0x1FFB, 0x0000, 0x0000, 0x0000, 0x0000, 0x0000, 0x0000,
0x0000, 0x0000, 0x0000, 0x0000, 0x0000, 0x0000, 0x0000, 0x0000, 0x0000, 0x0000, 0x0000, 0x0000, 0x0000, 0x0000, 0x0000, 0x0000,
0x0000, 0x0000, 0x0000, 0x0000, 0x0000, 0x0000, 0x0000, 0x0000, 0x0000, 0x0000, 0x0000, 0x0000, 0x0000, 0x0000, 0x0000, 0x0000,
0x0000, 0x0000, 0x0000, 0x0000, 0x0000, 0x0000, 0x0000, 0x0000, 0x0000, 0x0000, 0x0000, 0x0000, 0x0000, 0x0000, 0x0000, 0x0000,
0x0000, 0x0000, 0x0000, 0x0000, 0x0000, 0x0000, 0x0000, 0x0000, 0x0000, 0x0000, 0x0000, 0x0000, 0x0000, 0x0000, 0x0000, 0x0000,
0x0000, 0x0000, 0x0000, 0x0000, 0x0000, 0x0000, 0x0000, 0x0000, 0x0000, 0x0000, 0x0000, 0x0000, 0x0000, 0x0000, 0x0000, 0x0000,
0x0000, 0x0000, 0x0000, 0x0000, 0x0000, 0x0000, 0x0000, 0x0000, 0x0000, 0x0FD6, 0x3FD6, 0x6FD5, 0xAFD5, 0xCFC5, 0xEFC4, 0xFFB4,
0xFFB4, 0xFFB4, 0xFFB3, 0xFFA3, 0xFFA3, 0xFFA3, 0xFFB3, 0xFFB3, 0xFFB3, 0xFFB3, 0xFFB4, 0xFFB4, 0xFFB4, 0xFFC4, 0xFFC4, 0xFFC5,
0xFFD5, 0xFFD6, 0xFFE7, 0xDFF7, 0xAFF8, 0x6FF9, 0x2FF9, 0x0000, 0x0000, 0x0000, 0x0000, 0x0000, 0x0000, 0x0000, 0x0000, 0x0000,
0x0000, 0x0000, 0x0000, 0x0000, 0x0000, 0x0000, 0x0000, 0x0000, 0x0000, 0x0000, 0x0000, 0x0000, 0x0000, 0x0000, 0x0000, 0x0000,
0x0000, 0x0000, 0x0000, 0x0000, 0x0000, 0x0000, 0x0000, 0x0000, 0x0000, 0x0000, 0x0000, 0x0000, 0x0000, 0x0000, 0x0000, 0x0000,
0x0000, 0x0000, 0x0000, 0x0000, 0x0000, 0x0000, 0x0000, 0x0000, 0x0000, 0x0000, 0x0000, 0x0000, 0x0000, 0x0000, 0x0000, 0x0000,
0x0000, 0x0000, 0x0000, 0x0000, 0x0000, 0x0000, 0x0000, 0x0000, 0x0000, 0x0000, 0x0000, 0x0000, 0x0000, 0x0000, 0x0000, 0x0000,
0x0000, 0x0000, 0x0000, 0x0000, 0x0000, 0x0000, 0x0000, 0x0000, 0x0000, 0x0000, 0x0000, 0x0000, 0x0000, 0x0000, 0x0000, 0x0000,
0x0000, 0x0000, 0x0000, 0x0000, 0x0000, 0x0000, 0x0000, 0x0000, 0x0000, 0x0000, 0x0000, 0x0000, 0x0000, 0x0000, 0x2FA3, 0x4FA3,
0x6FA3, 0x9FA3, 0xBFA3, 0xCFA3, 0xDFA3, 0xEFA3, 0xEFA3, 0xEFA3, 0xEFB3, 0xEFB3, 0xEFB4, 0xDFB4, 0xDFB4, 0xBFB4, 0xAFB4, 0x9FC4,
0x7FC5, 0x6FC5, 0x4FD5, 0x1FD6, 0x0000, 0x0000, 0x0000, 0x0000, 0x0000, 0x0000, 0x0000, 0x0000, 0x0000, 0x0000, 0x0000, 0x0000,
0x0000, 0x0000, 0x0000, 0x0000, 0x0000, 0x0000, 0x0000, 0x0000, 0x0000, 0x0000, 0x0000, 0x0000, 0x0000, 0x0000, 0x0000, 0x0000,
0x0000, 0x0000, 0x0000, 0x0000, 0x0000, 0x0000, 0x0000, 0x0000, 0x0000, 0x0000, 0x0000, 0x0000, 0x0000, 0x0000, 0x0000, 0x0000,
0x0000, 0x0000, 0x0000, 0x0000, 0x0000, 0x0000, 0x0000, 0x0000, 0x0000, 0x0000, 0x0000, 0x0000, 0x0000, 0x0000, 0x0000, 0x0000,

};

static const uint16_t LOGO_AERO_CHROME[128 * 128] = {
0x0000, 0x0000, 0x0000, 0x0000, 0x0000, 0x0000, 0x0000, 0x0000, 0x0000, 0x0000, 0x0000, 0x0000, 0x0000, 0x0000, 0x0000, 0x0000,
0x0000, 0x0000, 0x0000, 0x0000, 0x0000, 0x0000, 0x0000, 0x0000, 0x0000, 0x0000, 0x0000, 0x0000, 0x0000, 0x0000, 0x0000, 0x0000,
0x0000, 0x0000, 0x0000, 0x0000, 0x0000, 0x0000, 0x0000, 0x0000, 0x0000, 0x0000, 0x0000, 0x0000, 0x0000, 0x0000, 0x0000, 0x0000,
0x0000, 0x0000, 0x0000, 0x0000, 0x2DDE, 0x3DDE, 0x6DEE, 0x9DEE, 0xBDEF, 0xDDEF, 0xEDEF, 0xEEEF, 0xEEEF, 0xEEEF, 0xEEFF, 0xDEFF,
0xDEFF, 0xCEFF, 0xBEFF, 0x9EFF, 0x8EFF, 0x6EEF, 0x5EEF, 0x4EEF, 0x3EEF, 0x1EEF, 0x0000, 0x0000, 0x0000, 0x0000, 0x0000, 0x0000,
0x0000, 0x0000, 0x0000, 0x0000, 0x0000, 0x0000, 0x0000, 0x0000, 0x0000, 0x0000, 0x0000, 0x0000, 0x0000, 0x0000, 0x0000, 0x0000,
0x0000, 0x0000, 0x0000, 0x0000, 0x0000, 0x0000, 0x0000, 0x0000, 0x0000, 0x0000, 0x0000, 0x0000, 0x0000, 0x0000, 0x0000, 0x0000,
0x0000, 0x0000, 0x0000, 0x0000, 0x0000, 0x0000, 0x0000, 0x0000, 0x0000, 0x0000, 0x0000, 0x0000, 0x0000, 0x0000, 0x0000, 0x0000,
0x0000, 0x0000, 0x0000, 0x0000, 0x0000, 0x0000, 0x0000, 0x0000, 0x0000, 0x0000, 0x0000, 0x0000, 0x0000, 0x0000, 0x0000, 0x0000,
0x0000, 0x0000, 0x0000, 0x0000, 0x0000, 0x0000, 0x0000, 0x0000, 0x0000, 0x0000, 0x0000, 0x0000, 0x0000, 0x0000, 0x0000, 0x0000,
0x0000, 0x0000, 0x0000, 0x0000, 0x0000, 0x0000, 0x0000, 0x0000, 0x0000, 0x0000, 0x0000, 0x0000, 0x0000, 0x0000, 0x0000, 0x0000,
0x2CDE, 0x5CDE, 0x8CDE, 0xCCDE, 0xECDE, 0xFCDE, 0xFCDE, 0xFDDE, 0xFDEE, 0xFDEF, 0xFDEF, 0xFEEF, 0xFEEF, 0xFEEF, 0xFEEF, 0xFEEF,
0xFEEF, 0xFEEF, 0xFEEF, 0xFDEF, 0xFDEF, 0xFDEF, 0xFDEF, 0xFDEF, 0xEDEE, 0xEDEE, 0xCDDE, 0xADDE, 0x8DDE, 0x5CDE, 0x2CDE, 0x0CDE,
0x0000, 0x0000, 0x0000, 0x0000, 0x0000, 0x0000, 0x0000, 0x0000, 0x0000, 0x0000, 0x0000, 0x0000, 0x0000, 0x0000, 0x0000, 0x0000,
0x0000, 0x0000, 0x0000, 0x0000, 0x0000, 0x0000, 0x0000, 0x0000, 0x0000, 0x0000, 0x0000, 0x0000, 0x0000, 0x0000, 0x0000, 0x0000,
0x0000, 0x0000, 0x0000, 0x0000, 0x0000, 0x0000, 0x0000, 0x0000, 0x0000, 0x0000, 0x0000, 0x0000, 0x0000, 0x0000, 0x0000, 0x0000,
0x0000, 0x0000, 0x0000, 0x0000, 0x0000, 0x0000, 0x0000, 0x0000, 0x0000, 0x0000, 0x0000, 0x0000, 0x0000, 0x0000, 0x0000, 0x0000,
0x0000, 0x0000, 0x0000, 0x0000, 0x0000, 0x0000, 0x0000, 0x0000, 0x0000, 0x0000, 0x0000, 0x0000, 0x0000, 0x0000, 0x0000, 0x0000,
0x0000, 0x0000, 0x0000, 0x0000, 0x0000, 0x0000, 0x0000, 0x0000, 0x0000, 0x0000, 0x0000, 0x0000, 0x0CDE, 0x4CDE, 0x8CDE, 0xCCDE,
0xECDE, 0xFCDE, 0xFCDE, 0xFCDE, 0xFCDE, 0xFCDE, 0xEDDE, 0xEDEE, 0xEDEF, 0xEDEF, 0xFDEF, 0xFEEF, 0xFEEF, 0xFEEF, 0xFEEF, 0xEEEF,
0xEEEF, 0xEEEF, 0xEDEF, 0xEDEF, 0xEDEF, 0xEDEF, 0xEDEE, 0xEDEE, 0xFDEE, 0xFDDE, 0xFDDE, 0xFCDE, 0xFCDE, 0xFCDE, 0xFCDE, 0xDCDE,
0xACDE, 0x7CDE, 0x3CDE, 0x0000, 0x0000, 0x0000, 0x0000, 0x0000, 0x0000, 0x0000, 0x0000, 0x0000, 0x0000, 0x0000, 0x0000, 0x0000,
0x0000, 0x0000, 0x0000, 0x0000, 0x0000, 0x0000, 0x0000, 0x0000, 0x0000, 0x0000, 0x0000, 0x0000, 0x0000, 0x0000, 0x0000, 0x0000,
0x0000, 0x0000, 0x0000, 0x0000, 0x0000, 0x0000, 0x0000, 0x0000, 0x0000, 0x0000, 0x0000, 0x0000, 0x0000, 0x0000, 0x0000, 0x0000,
0x0000, 0x0000, 0x0000, 0x0000, 0x0000, 0x0000, 0x0000, 0x0000, 0x0000, 0x0000, 0x0000, 0x0000, 0x0000, 0x0000, 0x0000, 0x0000,
0x0000, 0x0000, 0x0000, 0x0000, 0x0000, 0x0000, 0x0000, 0x0000, 0x0000, 0x0000, 0x0000, 0x0000, 0x0000, 0x0000, 0x0000, 0x0000,
0x0000, 0x0000, 0x0000, 0x0000, 0x0000, 0x0000, 0x0000, 0x0000, 0x0000, 0x0000, 0x2CDE, 0x8CDE, 0xDCDE, 0xFCDE, 0xFCDE, 0xFCDE,
0xFCDE, 0xECDE, 0xECDE, 0xECDE, 0xEDDE, 0xFDEE, 0xFDEE, 0xFDEF, 0xFDEF, 0xFDEF, 0xFEEF, 0xFEEF, 0xFEEF, 0xFEEF, 0xFEEF, 0xFEEF,
0xFEEF, 0xFEEF, 0xFDEF, 0xFDEF, 0xFDEF, 0xFDEF, 0xFDEF, 0xFDEE, 0xFDEE, 0xEDEE, 0xEDEE, 0xEDDE, 0xEDDE, 0xECDE, 0xFCDE, 0xFCDE,
0xFCDE, 0xFCDE, 0xFCDE, 0xCCDE, 0x8CDE, 0x4CDE, 0x0CDE, 0x0000, 0x0000, 0x0000, 0x0000, 0x0000, 0x0000, 0x0000, 0x0000, 0x0000,
0x0000, 0x0000, 0x0000, 0x0000, 0x0000, 0x0000, 0x0000, 0x0000, 0x0000, 0x0000, 0x0000, 0x0000, 0x0000, 0x0000, 0x0000, 0x0000,
0x0000, 0x0000, 0x0000, 0x0000, 0x0000, 0x0000, 0x0000, 0x0000, 0x0000, 0x0000, 0x0000, 0x0000, 0x0000, 0x0000, 0x0000, 0x0000,
0x0000, 0x0000, 0x0000, 0x0000, 0x0000, 0x0000, 0x0000, 0x0000, 0x0000, 0x0000, 0x0000, 0x0000, 0x0000, 0x0000, 0x0000, 0x0000,
0x0000, 0x0000, 0x0000, 0x0000, 0x0000, 0x0000, 0x0000, 0x0000, 0x0000, 0x0000, 0x0000, 0x0000, 0x0000, 0x0000, 0x0000, 0x0000,
0x0000, 0x0000, 0x0000, 0x0000, 0x0000, 0x0000, 0x0000, 0x0000, 0x2CDE, 0x9CDE, 0xECDE, 0xFCDE, 0xFCDE, 0xECDE, 0xECDE, 0xECDE,
0xECDE, 0xFDDE, 0xFDEE, 0xFDEE, 0xFDEF, 0xFDEF, 0xFDEF, 0xFEEF, 0xFEEF, 0xFEEF, 0xFEFF, 0xFEFF, 0xFEFF, 0xFEFF, 0xFEFF, 0xFEFF,
0xFEFF, 0xFEEF, 0xFEEF, 0xFEEF, 0xFDEF, 0xFDEF, 0xFDEF, 0xFDEF, 0xFDEF, 0xFDEF, 0xFDEF, 0xFDEF, 0xFDEE, 0xFDEE, 0xEDEE, 0xEDDE,
0xEDDE, 0xECDE, 0xECDE, 0xFCDE, 0xFCDE, 0xFCDE, 0xDCDE, 0x8CDE, 0x3CDE, 0x0000, 0x0000, 0x0000, 0x0000, 0x0000, 0x0000, 0x0000,
0x0000, 0x0000, 0x0000, 0x0000, 0x0000, 0x0000, 0x0000, 0x0000, 0x0000, 0x0000, 0x0000, 0x0000, 0x0000, 0x0000, 0x0000, 0x0000,
0x0000, 0x0000, 0x0000, 0x0000, 0x0000, 0x0000, 0x0000, 0x0000, 0x0000, 0x0000, 0x0000, 0x0000, 0x0000, 0x0000, 0x0000, 0x0000,
0x0000, 0x0000, 0x0000, 0x0000, 0x0000, 0x0000, 0x0000, 0x0000, 0x0000, 0x0000, 0x0000, 0x0000, 0x0000, 0x0000, 0x0000, 0x0000,
0x0000, 0x0000, 0x0000, 0x0000, 0x0000, 0x0000, 0x0000, 0x0000, 0x0000, 0x0000, 0x0000, 0x0000, 0x0000, 0x0000, 0x0000, 0x0000,
0x0000, 0x0000, 0x0000, 0x0000, 0x0000, 0x0000, 0x2CDE, 0x9CDE, 0xECDE, 0xFCDE, 0xFCDE, 0xECDE, 0xECDE, 0xFCDE, 0xFDDE, 0xFDEE,
0xFDEF, 0xFDEF, 0xFDEF, 0xFEEF, 0xFEEF, 0xFEFF, 0xFEFF, 0xFEFF, 0xFEFF, 0xFEFF, 0xFEFF, 0xFFFF, 0xFFFF, 0xFEFF, 0xFEFF, 0xFEFF,
0xFEFF, 0xFEFF, 0xFEFF, 0xFEFF, 0xFEFF, 0xFEFF, 0xFEEF, 0xFEEF, 0xFEEF, 0xFEEF, 0xFDEF, 0xFDEF, 0xFDEF, 0xFDEF, 0xFDEF, 0xFDEF,
0xFDEF, 0xFDEE, 0xFDEE, 0xEDDE, 0xEDDE, 0xECDE, 0xFCDE, 0xFCDE, 0xFCDE, 0xCCDE, 0x8CDE, 0x2CDE, 0x0000, 0x0000, 0x0000, 0x0000,
0x0000, 0x0000, 0x0000, 0x0000, 0x0000, 0x0000, 0x0000, 0x0000, 0x0000, 0x0000, 0x0000, 0x0000, 0x0000, 0x0000, 0x0000, 0x0000,
0x0000, 0x0000, 0x0000, 0x0000, 0x0000, 0x0000, 0x0000, 0x0000, 0x0000, 0x0000, 0x0000, 0x0000, 0x0000, 0x0000, 0x0000, 0x0000,
0x0000, 0x0000, 0x0000, 0x0000, 0x0000, 0x0000, 0x0000, 0x0000, 0x0000, 0x0000, 0x0000, 0x0000, 0x0000, 0x0000, 0x0000, 0x0000,
0x0000, 0x0000, 0x0000, 0x0000, 0x0000, 0x0000, 0x0000, 0x0000, 0x0000, 0x0000, 0x0000, 0x0000, 0x0000, 0x0000, 0x0000, 0x0000,
0x0000, 0x0000, 0x0000, 0x0000, 0x2CDE, 0x9CDE, 0xECDE, 0xFCDE, 0xFCDE, 0xECDE, 0xECDE, 0xFCDE, 0xFDEE, 0xFDEF, 0xFDEF, 0xFEEF,
0xFEEF, 0xFEFF, 0xFEFF, 0xFFFF, 0xFFFF, 0xFFFF, 0xFFFF, 0xFFFF, 0xFFFF, 0xFFFF, 0xFFFF, 0xFFFF, 0xFFFF, 0xFFFF, 0xFFFF, 0xFFFF,
0xFFFF, 0xFFFF, 0xFFFF, 0xFFFF, 0xFFFF, 0xFFFF, 0xFEFF, 0xFEFF, 0xFEFF, 0xFEFF, 0xFEFF, 0xFEFF, 0xFEEF, 0xFEEF, 0xFEEF, 0xFDEF,
0xFDEF, 0xFDEF, 0xFDEF, 0xFDEF, 0xFDEF, 0xFDEE, 0xEDEE, 0xEDDE, 0xECDE, 0xFCDE, 0xFCDE, 0xECDE, 0xACDE, 0x3CDE, 0x0000, 0x0000,
0x0000, 0x0000, 0x0000, 0x0000, 0x0000, 0x0000, 0x0000, 0x0000, 0x0000, 0x0000, 0x0000, 0x0000, 0x0000, 0x0000, 0x0000, 0x0000,
0x0000, 0x0000, 0x0000, 0x0000, 0x0000, 0x0000, 0x0000, 0x0000, 0x0000, 0x0000, 0x0000, 0x0000, 0x0000, 0x0000, 0x0000, 0x0000,
0x0000, 0x0000, 0x0000, 0x0000, 0x0000, 0x0000, 0x0000, 0x0000, 0x0000, 0x0000, 0x0000, 0x0000, 0x0000, 0x0000, 0x0000, 0x0000,
0x0000, 0x0000, 0x0000, 0x0000, 0x0000, 0x0000, 0x0000, 0x0000, 0x0000, 0x0000, 0x0000, 0x0000, 0x0000, 0x0000, 0x0000, 0x0000,
0x0000, 0x0000, 0x1CDE, 0x8CDE, 0xECDE, 0xFCDE, 0xFCDE, 0xECDE, 0xECDE, 0xFDDE, 0xFDEE, 0xFDEF, 0xFDEF, 0xFEFF, 0xFEFF, 0xFFFF,
0xFFFF, 0xFFFF, 0xFFFF, 0xFFFF, 0xEFFF, 0xEFFF, 0xEFFF, 0xEFFF, 0xEFFF, 0xEFFF, 0xEFFF, 0xEFFF, 0xEFFF, 0xEFFF, 0xEFFF, 0xEFFF,
0xEFFF, 0xEFFF, 0xEFFF, 0xEFFF, 0xEFFF, 0xFFFF, 0xFFFF, 0xFFFF, 0xFFFF, 0xFFFF, 0xFFFF, 0xFFFF, 0xFEFF, 0xFEFF, 0xFEFF, 0xFEFF,
0xFEEF, 0xFEEF, 0xFEEF, 0xFDEF, 0xFDEF, 0xFDEF, 0xFDEF, 0xFDEF, 0xFDEE, 0xEDEE, 0xEDDE, 0xFDDE, 0xFCDE, 0xFCDE, 0xACDE, 0x3DDE,
0x0000, 0x0000, 0x0000, 0x0000, 0x0000, 0x0000, 0x0000, 0x0000, 0x0000, 0x0000, 0x0000, 0x0000, 0x0000, 0x0000, 0x0000, 0x0000,
0x0000, 0x0000, 0x0000, 0x0000, 0x0000, 0x0000, 0x0000, 0x0000, 0x0000, 0x0000, 0x0000, 0x0000, 0x0000, 0x0000, 0x0000, 0x0000,
0x0000, 0x0000, 0x0000, 0x0000, 0x0000, 0x0000, 0x0000, 0x0000, 0x0000, 0x0000, 0x0000, 0x0000, 0x0000, 0x0000, 0x0000, 0x0000,
0x0000, 0x0000, 0x0000, 0x0000, 0x0000, 0x0000, 0x0000, 0x0000, 0x0000, 0x0000, 0x0000, 0x0000, 0x0000, 0x0000, 0x0000, 0x0000,
0x0000, 0x6CDE, 0xDCDE, 0xFCDE, 0xFCDE, 0xECDE, 0xECDE, 0xFDDE, 0xFDEE, 0xFDEF, 0xFEEF, 0xFEFF, 0xFFFF, 0xFFFF, 0xFFFF, 0xFFFF,
0xEFFF, 0xEFFF, 0xEFFF, 0xEFFF, 0xFFFF, 0xFFFF, 0xFFFF, 0xFFFF, 0xFFFF, 0xFFFF, 0xFFFF, 0xFFFF, 0xFFFF, 0xFFFF, 0xFFFF, 0xFFFF,
0xFFFF, 0xFFFF, 0xFFFF, 0xFFFF, 0xFFFF, 0xEFFF, 0xEFFF, 0xEFFF, 0xEFFF, 0xEFFF, 0xEFFF, 0xFFFF, 0xFFFF, 0xFFFF, 0xFFFF, 0xFFFF,
0xFEFF, 0xFEFF, 0xFEFF, 0xFEFF, 0xFEEF, 0xFEEF, 0xFEEF, 0xFDEF, 0xFDEF, 0xFDEF, 0xFDEF, 0xEDEE, 0xEDEE, 0xEDDE, 0xFDDE, 0xEDDE,
0x9DDE, 0x1DDE, 0x0000, 0x0000, 0x0000, 0x0000, 0x0000, 0x0000, 0x0000, 0x0000, 0x0000, 0x0000, 0x0000, 0x0000, 0x0000, 0x0000,
0x0000, 0x0000, 0x0000, 0x0000, 0x0000, 0x0000, 0x0000, 0x0000, 0x0000, 0x0000, 0x0000, 0x0000, 0x0000, 0x0000, 0x0000, 0x0000,
0x0000, 0x0000, 0x0000, 0x0000, 0x0000, 0x0000, 0x0000, 0x0000, 0x0000, 0x0000, 0x0000, 0x0000, 0x0000, 0x0000, 0x0000, 0x0000,
0x0000, 0x0000, 0x0000, 0x0000, 0x0000, 0x0000, 0x0000, 0x0000, 0x0000, 0x0000, 0x0000, 0x0000, 0x0000, 0x0000, 0x0000, 0x2CDE,
0xCCDE, 0xFCDE, 0xFCDE, 0xECDE, 0xECDE, 0xFCDE, 0xFDEE, 0xFDEF, 0xFEEF, 0xFEFF, 0xFFFF, 0xFFFF, 0xFFFF, 0xEFFF, 0xEFFF, 0xEFFF,
0xFFFF, 0xFFFF, 0xFFFF, 0xFFFF, 0xEFFF, 0xCFFF, 0xAFFF, 0x8FFF, 0x7FFF, 0x6FFF, 0x5FFF, 0x5FFF, 0x5FFF, 0x6FFF, 0x7FFF, 0x8FFF,
0x9FFF, 0xBFFF, 0xCFFF, 0xDFFF, 0xEFFF, 0xFFFF, 0xFFFF, 0xFFFF, 0xFFFF, 0xFFFF, 0xFFFF, 0xEFFF, 0xEFFF, 0xEFFF, 0xEFFF, 0xEFFF,
0xFFFF, 0xFFFF, 0xFFFF, 0xFEFF, 0xFEFF, 0xFEFF, 0xFEFF, 0xFEEF, 0xFEEF, 0xFDEF, 0xFDEF, 0xFDEF, 0xFDEF, 0xFDEF, 0xEDEE, 0xFDEE,
0xFDDE, 0xDDDE, 0x6DDE, 0x0000, 0x0000, 0x0000, 0x0000, 0x0000, 0x0000, 0x0000, 0x0000, 0x0000, 0x0000, 0x0000, 0x0000, 0x0000,
0x0000, 0x0000, 0x0000, 0x0000, 0x0000, 0x0000, 0x0000, 0x0000, 0x0000, 0x0000, 0x0000, 0x0000, 0x0000, 0x0000, 0x0000, 0x0000,
0x0000, 0x0000, 0x0000, 0x0000, 0x0000, 0x0000, 0x0000, 0x0000, 0x0000, 0x0000, 0x0000, 0x0000, 0x0000, 0x0000, 0x0000, 0x0000,
0x0000, 0x0000, 0x0000, 0x0000, 0x0000, 0x0000, 0x0000, 0x0000, 0x0000, 0x0000, 0x0000, 0x0000, 0x0000, 0x0000, 0x6CDE, 0xECDE,
0xFCDE, 0xECDE, 0xECDE, 0xFCDE, 0xFDEE, 0xFDEF, 0xFEEF, 0xFEFF, 0xFFFF, 0xFFFF, 0xFFFF, 0xEFFF, 0xEFFF, 0xFFFF, 0xFFFF, 0xFFFF,
0xDFFF, 0xAFFF, 0x8FFF, 0x5FFF, 0x2FFF, 0x0000, 0x0000, 0x0000, 0x0000, 0x0000, 0x0000, 0x0000, 0x0000, 0x0000, 0x0000, 0x0000,
0x0000, 0x0000, 0x0000, 0x0FFF, 0x1FFF, 0x3FFF, 0x5FFF, 0x8FFF, 0xAFFF, 0xCFFF, 0xEFFF, 0xFFFF, 0xFFFF, 0xFFFF, 0xFFFF, 0xFFFF,
0xEFFF, 0xEFFF, 0xEFFF, 0xFFFF, 0xFFFF, 0xFFFF, 0xFEFF, 0xFEFF, 0xFEFF, 0xFEEF, 0xFEEF, 0xFEEF, 0xFDEF, 0xFDEF, 0xFDEF, 0xFDEF,
0xEDEE, 0xFDEE, 0xFDEE, 0xBDDE, 0x3DEE, 0x0000, 0x0000, 0x0000, 0x0000, 0x0000, 0x0000, 0x0000, 0x0000, 0x0000, 0x0000, 0x0000,
0x0000, 0x0000, 0x0000, 0x0000, 0x0000, 0x0000, 0x0000, 0x0000, 0x0000, 0x0000, 0x0000, 0x0000, 0x0000, 0x0000, 0x0000, 0x0000,
0x0000, 0x0000, 0x0000, 0x0000, 0x0000, 0x0000, 0x0000, 0x0000, 0x0000, 0x0000, 0x0000, 0x0000, 0x0000, 0x0000, 0x0000, 0x0000,
0x0000, 0x0000, 0x0000, 0x0000, 0x0000, 0x0000, 0x0000, 0x0000, 0x0000, 0x0000, 0x0000, 0x0000, 0x2CDE, 0xBCDE, 0xFCDE, 0xFCDE,
0xECDE, 0xFCDE, 0xFDDE, 0xFDEF, 0xFDEF, 0xFEFF, 0xFFFF, 0xFFFF, 0xFFFF, 0xEFFF, 0xEFFF, 0xFFFF, 0xFFFF, 0xDFFF, 0x8FFF, 0x3FFF,
0x0FFF, 0x0000, 0x0000, 0x0000, 0x0000, 0x0000, 0x0000, 0x0000, 0x0000, 0x0000, 0x0000, 0x0000, 0x0000, 0x0000, 0x0000, 0x0000,
0x0000, 0x0000, 0x0000, 0x0000, 0x0000, 0x0000, 0x0000, 0x0000, 0x0000, 0x0000, 0x1FFF, 0x3FFF, 0x5FFF, 0x8FFF, 0xBFFF, 0xEFFF,
0xFFFF, 0xFFFF, 0xFFFF, 0xEFFF, 0xEFFF, 0xEFFF, 0xFFFF, 0xFFFF, 0xFEFF, 0xFEFF, 0xFEFF, 0xFEFF, 0xFEEF, 0xFEEF, 0xFDEF, 0xFDEF,
0xFDEF, 0xEDEF, 0xEDEE, 0xFDEE, 0xEDEE, 0x7DEE, 0x0000, 0x0000, 0x0000, 0x0000, 0x0000, 0x0000, 0x0000, 0x0000, 0x0000, 0x0000,
0x0000, 0x0000, 0x0000, 0x0000, 0x0000, 0x0000, 0x0000, 0x0000, 0x0000, 0x0000, 0x0000, 0x0000, 0x0000, 0x0000, 0x0000, 0x0000,
0x0000, 0x0000, 0x0000, 0x0000, 0x0000, 0x0000, 0x0000, 0x0000, 0x0000, 0x0000, 0x0000, 0x0000, 0x0000, 0x0000, 0x0000, 0x0000,
0x0000, 0x0000, 0x0000, 0x0000, 0x0000, 0x0000, 0x0000, 0x0000, 0x0000, 0x0000, 0x0000, 0x7CDE, 0xECDE, 0xFCDE, 0xECDE, 0xECDE,
0xFCDE, 0xFDEE, 0xFDEF, 0xFEEF, 0xFEFF, 0xFFFF, 0xFFFF, 0xEFFF, 0xEFFF, 0xFFFF, 0xFFFF, 0xCFFF, 0x6FFF, 0x0FFF, 0x0000, 0x0000,
0x0000, 0x0000, 0x0000, 0x0000, 0x0000, 0x0000, 0x0000, 0x0000, 0x0000, 0x0000, 0x0000, 0x0000, 0x0000, 0x0000, 0x0000, 0x0000,
0x0000, 0x0000, 0x0000, 0x0000, 0x0000, 0x0000, 0x0000, 0x0000, 0x0000, 0x0000, 0x0000, 0x0000, 0x0000, 0x0000, 0x0000, 0x1FFF,
0x5FFF, 0x9FFF, 0xDFFF, 0xFFFF, 0xFFFF, 0xFFFF, 0xEFFF, 0xEFFF, 0xFFFF, 0xFFFF, 0xFEFF, 0xFEFF, 0xFEFF, 0xFEEF, 0xFEEF, 0xFEEF,
0xFDEF, 0xFDEF, 0xFDEF, 0xEDEF, 0xFDEE, 0xFDEE, 0xBDEE, 0x2DEE, 0x0000, 0x0000, 0x0000, 0x0000, 0x0000, 0x0000, 0x0000, 0x0000,
0x0000, 0x0000, 0x0000, 0x0000, 0x0000, 0x0000, 0x0000, 0x0000, 0x0000, 0x0000, 0x0000, 0x0000, 0x0000, 0x0000, 0x0000, 0x0000,
0x0000, 0x0000, 0x0000, 0x0000, 0x0000, 0x0000, 0x0000, 0x0000, 0x0000, 0x0000, 0x0000, 0x0000, 0x0000, 0x0000, 0x0000, 0x0000,
0x0000, 0x0000, 0x0000, 0x0000, 0x0000, 0x0000, 0x0000, 0x0000, 0x0000, 0x1CDE, 0xBCDE, 0xFCDE, 0xFCDE, 0xECDE, 0xFCDE, 0xFDDE,
0xFDEF, 0xFEEF, 0xFEFF, 0xFFFF, 0xFFFF, 0xFFFF, 0xEFFF, 0xFFFF, 0xFFFF, 0xDFFF, 0x6FFF, 0x0FFF, 0x0000, 0x0000, 0x0000, 0x0000,
0x0000, 0x0000, 0x0000, 0x0000, 0x0000, 0x0000, 0x0000, 0x0000, 0x0000, 0x0000, 0x0000, 0x0000, 0x0000, 0x0000, 0x0000, 0x0000,
0x0000, 0x0000, 0x0000, 0x0000, 0x0000, 0x0000, 0x0000, 0x0000, 0x0000, 0x0000, 0x0000, 0x0000, 0x0000, 0x0000, 0x0000, 0x0000,
0x0000, 0x0000, 0x1FFF, 0x5FFF, 0xAFFF, 0xEFFF, 0xFFFF, 0xFFFF, 0xEFFF, 0xEFFF, 0xFFFF, 0xFFFF, 0xFEFF, 0xFEFF, 0xFEFF, 0xFEEF,
0xFEEF, 0xFDEF, 0xFDEF, 0xFDEF, 0xEDEF, 0xEDEF, 0xFDEE, 0xEDEE, 0x5DEE, 0x0000, 0x0000, 0x0000, 0x0000, 0x0000, 0x0000, 0x0000,
0x0000, 0x0000, 0x0000, 0x0000, 0x0000, 0x0000, 0x0000, 0x0000, 0x0000, 0x0000, 0x0000, 0x0000, 0x0000, 0x0000, 0x0000, 0x0000,
0x0000, 0x0000, 0x0000, 0x0000, 0x0000, 0x0000, 0x0000, 0x0000, 0x0000, 0x0000, 0x0000, 0x0000, 0x0000, 0x0000, 0x0000, 0x0000,
0x0000, 0x0000, 0x0000, 0x0000, 0x0000, 0x0000, 0x0000, 0x0000, 0x5CDE, 0xDCDE, 0xFCDE, 0xECDE, 0xECDE, 0xFCDE, 0xFDEE, 0xFDEF,
0xFEFF, 0xFFFF, 0xFFFF, 0xFFFF, 0xEFFF, 0xEFFF, 0xFFFF, 0xEFFF, 0x7FFF, 0x1FFF, 0x0000, 0x0000, 0x0000, 0x0000, 0x0000, 0x0000,
0x0000, 0x0000, 0x0000, 0x0000, 0x0000, 0x0000, 0x0000, 0x0000, 0x0000, 0x0000, 0x0000, 0x0000, 0x0000, 0x0000, 0x0000, 0x0000,
0x0000, 0x0000, 0x0000, 0x0000, 0x0000, 0x0000, 0x0000, 0x0000, 0x0000, 0x0000, 0x0000, 0x0000, 0x0000, 0x0000, 0x0000, 0x0000,
0x0000, 0x0000, 0x0000, 0x0000, 0x0000, 0x1FFF, 0x7FFF, 0xCFFF, 0xFFFF, 0xFFFF, 0xEFFF, 0xEFFF, 0xFFFF, 0xFEFF, 0xFEFF, 0xFEFF,
0xFEFF, 0xFEEF, 0xFEEF, 0xFDEF, 0xFDEF, 0xFDEF, 0xEDEF, 0xFDEF, 0xFDEF, 0x8DEF, 0x0000, 0x0000, 0x0000, 0x0000, 0x0000, 0x0000,
0x0000, 0x0000, 0x0000, 0x0000, 0x0000, 0x0000, 0x0000, 0x0000, 0x0000, 0x0000, 0x0000, 0x0000, 0x0000, 0x0000, 0x0000, 0x0000,
0x0000, 0x0000, 0x0000, 0x0000, 0x0000, 0x0000, 0x0000, 0x0000, 0x0000, 0x0000, 0x0000, 0x0000, 0x0000, 0x0000, 0x0000, 0x0000,
0x0000, 0x0000, 0x0000, 0x0000, 0x0000, 0x0000, 0x0000, 0x8CDE, 0xFCDE, 0xFCDE, 0xECDE, 0xFCDE, 0xFDDE, 0xFDEF, 0xFEEF, 0xFEFF,
0xFFFF, 0xFFFF, 0xFFFF, 0xEFFF, 0xFFFF, 0xFFFF, 0xAFFF, 0x2FFF, 0x0000, 0x0000, 0x0000, 0x0000, 0x0000, 0x0000, 0x0000, 0x0000,
0x0000, 0x0000, 0x0000, 0x0000, 0x0000, 0x0000, 0x0000, 0x0000, 0x0000, 0x0000, 0x0000, 0x0000, 0x0000, 0x0000, 0x0000, 0x0000,
0x0000, 0x0000, 0x0000, 0x0000, 0x0000, 0x0000, 0x0000, 0x0000, 0x0000, 0x0000, 0x0000, 0x0000, 0x0000, 0x0000, 0x0000, 0x0000,
0x0000, 0x0000, 0x0000, 0x0000, 0x0000, 0x0000, 0x0000, 0x0FFF, 0x5FFF, 0xCFFF, 0xFFFF, 0xFFFF, 0xEFFF, 0xEFFF, 0xFFFF, 0xFEFF,
0xFEFF, 0xFEEF, 0xFEEF, 0xFEEF, 0xFEEF, 0xFDEF, 0xFDEF, 0xEDEF, 0xEDEF, 0xFDEF, 0xADEF, 0x0000, 0x0000, 0x0000, 0x0000, 0x0000,
0x0000, 0x0000, 0x0000, 0x0000, 0x0000, 0x0000, 0x0000, 0x0000, 0x0000, 0x0000, 0x0000, 0x0000, 0x0000, 0x0000, 0x0000, 0x0000,
0x0000, 0x0000, 0x0000, 0x0000, 0x0000, 0x0000, 0x0000, 0x0000, 0x0000, 0x0000, 0x0000, 0x0000, 0x0000, 0x0000, 0x0000, 0x0000,
0x0000, 0x0000, 0x0000, 0x0000, 0x0000, 0x0000, 0x8CDE, 0xFCDE, 0xECDE, 0xECDE, 0xFCDE, 0xFDEE, 0xFDEF, 0xFEEF, 0xFEFF, 0xFFFF,
0xFFFF, 0xEFFF, 0xEFFF, 0xFFFF, 0xDFFF, 0x4FFF, 0x0000, 0x0000, 0x0000, 0x0000, 0x0000, 0x0000, 0x0000, 0x0000, 0x0000, 0x0000,
0x0000, 0x0000, 0x0000, 0x0000, 0x0000, 0x0000, 0x0000, 0x0000, 0x0000, 0x0000, 0x0000, 0x0000, 0x0000, 0x0000, 0x0000, 0x0000,
0x0000, 0x0000, 0x0000, 0x0000, 0x0000, 0x0000, 0x0000, 0x0000, 0x0000, 0x0000, 0x0000, 0x0000, 0x0000, 0x0000, 0x0000, 0x0000,
0x0000, 0x0000, 0x0000, 0x0000, 0x0000, 0x0000, 0x0000, 0x0000, 0x0000, 0x0000, 0x5FFF, 0xCFFF, 0xFFFF, 0xFFFF, 0xEFFF, 0xFFFF,
0xFEFF, 0xFEFF, 0xFEFF, 0xFEEF, 0xFEEF, 0xFEEF, 0xFDEF, 0xFDEF, 0xFDEF, 0xEDEF, 0xFDEF, 0xADEF, 0x0000, 0x0000, 0x0000, 0x0000,
0x0000, 0x0000, 0x0000, 0x0000, 0x0000, 0x0000, 0x0000, 0x0000, 0x0000, 0x0000, 0x0000, 0x0000, 0x0000, 0x0000, 0x0000, 0x0000,
0x0000, 0x0000, 0x0000, 0x0000, 0x0000, 0x0000, 0x0000, 0x0000, 0x0000, 0x0000, 0x0000, 0x0000, 0x0000, 0x0000, 0x0000, 0x0000,
0x0000, 0x0000, 0x0000, 0x0000, 0x0000, 0x8CDE, 0xFCDE, 0xECDE, 0xFCDE, 0xFCDE, 0xFDEE, 0xFDEF, 0xFEFF, 0xFFFF, 0xFFFF, 0xFFFF,
0xEFFF, 0xFFFF, 0xFFFF, 0x8FFF, 0x1FFF, 0x0000, 0x0000, 0x0000, 0x0000, 0x0000, 0x0000, 0x0000, 0x0000, 0x0000, 0x0000, 0x0000,
0x0000, 0x0000, 0x0000, 0x0000, 0x0000, 0x0000, 0x0000, 0x0000, 0x0000, 0x0000, 0x0000, 0x0000, 0x0000, 0x0000, 0x0000, 0x0000,
0x0000, 0x0000, 0x0000, 0x0000, 0x0000, 0x0000, 0x0000, 0x0000, 0x0000, 0x0000, 0x0000, 0x0000, 0x0000, 0x0000, 0x0000, 0x0000,
0x0000, 0x0000, 0x0000, 0x0000, 0x0000, 0x0000, 0x0000, 0x0000, 0x0000, 0x0000, 0x0000, 0x0FFF, 0x6FFF, 0xEFFF, 0xFFFF, 0xEFFF,
0xFFFF, 0xFEFF, 0xFEFF, 0xFEFF, 0xFEEF, 0xFEEF, 0xFEEF, 0xFEEF, 0xFDEF, 0xFDEF, 0xEDEF, 0xFDEF, 0x9DEF, 0x0000, 0x0000, 0x0000,
0x0000, 0x0000, 0x0000, 0x0000, 0x0000, 0x0000, 0x0000, 0x0000, 0x0000, 0x0000, 0x0000, 0x0000, 0x0000, 0x0000, 0x0000, 0x0000,
0x0000, 0x0000, 0x0000, 0x0000, 0x0000, 0x0000, 0x0000, 0x0000, 0x0000, 0x0000, 0x0000, 0x0000, 0x0000, 0x0000, 0x0000, 0x0000,
0x0000, 0x0000, 0x0000, 0x0CDE, 0xACDE, 0xFCDE, 0xECDE, 0xFCDE, 0xFDDE, 0xFDEF, 0xFEEF, 0xFEFF, 0xFFFF, 0xFFFF, 0xFFFF, 0xEFFF,
0xFFFF, 0xDFFF, 0x4FFF, 0x0000, 0x0000, 0x0000, 0x0000, 0x0000, 0x0000, 0x0000, 0x0000, 0x0000, 0x0000, 0x0000, 0x0000, 0x0000,
0x0000, 0x0000, 0x0000, 0x0000, 0x0000, 0x0000, 0x0000, 0x0000, 0x0000, 0x0000, 0x0000, 0x0000, 0x0000, 0x0000, 0x0000, 0x0000,
0x0000, 0x0000, 0x0000, 0x0000, 0x0000, 0x0000, 0x0000, 0x0000, 0x0000, 0x0000, 0x0000, 0x0000, 0x0000, 0x0000, 0x0000, 0x0000,
0x0000, 0x0000, 0x0000, 0x0000, 0x0000, 0x0000, 0x0000, 0x0000, 0x0000, 0x0000, 0x0000, 0x0000, 0x0000, 0x2FFF, 0xAFFF, 0xFFFF,
0xEFFF, 0xEEFF, 0xFEFF, 0xFEFF, 0xFEFF, 0xFEEF, 0xFEEF, 0xFEEF, 0xFEEF, 0xFEEF, 0xFDEF, 0xEDEF, 0xFDEF, 0x8DEF, 0x0000, 0x0000,
0x0000, 0x0000, 0x0000, 0x0000, 0x0000, 0x0000, 0x0000, 0x0000, 0x0000, 0x0000, 0x0000, 0x0000, 0x0000, 0x0000, 0x0000, 0x0000,
0x0000, 0x0000, 0x0000, 0x0000, 0x0000, 0x0000, 0x0000, 0x0000, 0x0000, 0x0000, 0x0000, 0x0000, 0x0000, 0x0000, 0x0000, 0x0000,
0x0000, 0x0000, 0x2CDE, 0xCCDE, 0xFCDE, 0xECDE, 0xFCDE, 0xFDDE, 0xFDEF, 0xFEEF, 0xFEFF, 0xFFFF, 0xFFFF, 0xEFFF, 0xEFFF, 0xFFFF,
0xAFFF, 0x1FFF, 0x0000, 0x0000, 0x0000, 0x0000, 0x0000, 0x0000, 0x0000, 0x0000, 0x0000, 0x0000, 0x0000, 0x0000, 0x0000, 0x0000,
0x0000, 0x0000, 0x0000, 0x0000, 0x0000, 0x0000, 0x0000, 0x0000, 0x0000, 0x0000, 0x0000, 0x0000, 0x0000, 0x0000, 0x0000, 0x0000,
0x0000, 0x0000, 0x0000, 0x0000, 0x0000, 0x0000, 0x0000, 0x0000, 0x0000, 0x0000, 0x0000, 0x0000, 0x0000, 0x0000, 0x0000, 0x0000,
0x0000, 0x0000, 0x0000, 0x0000, 0x0000, 0x0000, 0x0000, 0x0000, 0x0000, 0x0000, 0x0000, 0x0000, 0x0000, 0x0000, 0x0000, 0x8FFF,
0xFFFF, 0xEFFF, 0xEEFF, 0xFEFF, 0xFEFF, 0xFEFF, 0xFEEF, 0xFEEF, 0xFEEF, 0xFEEF, 0xFEEF, 0xFEEF, 0xEEEF, 0xFEEF, 0x6EEF, 0x0000,
0x0000, 0x0000, 0x0000, 0x0000, 0x0000, 0x0000, 0x0000, 0x0000, 0x0000, 0x0000, 0x0000, 0x0000, 0x0000, 0x0000, 0x0000, 0x0000,
0x0000, 0x0000, 0x0000, 0x0000, 0x0000, 0x0000, 0x0000, 0x0000, 0x0000, 0x0000, 0x0000, 0x0000, 0x0000, 0x0000, 0x0000, 0x0000,
0x0000, 0x3CDE, 0xDCDE, 0xFCDE, 0xECDE, 0xFCDE, 0xFDDE, 0xFDEF, 0xFEEF, 0xFEFF, 0xFFFF, 0xFFFF, 0xEFFF, 0xFFFF, 0xFFFF, 0x7FFF,
0x0000, 0x0000, 0x0000, 0x0000, 0x0000, 0x0000, 0x0000, 0x0000, 0x0000, 0x0000, 0x0000, 0x0000, 0x0000, 0x0000, 0x0000, 0x0000,
0x0000, 0x0000, 0x0000, 0x0000, 0x0000, 0x0000, 0x0000, 0x0000, 0x0000, 0x0000, 0x0000, 0x0000, 0x0000, 0x0000, 0x0000, 0x0000,
0x0000, 0x0000, 0x0000, 0x0000, 0x0000, 0x0000, 0x0000, 0x0000, 0x0000, 0x0000, 0x0000, 0x0000, 0x0000, 0x0000, 0x0000, 0x0000,
0x0000, 0x0000, 0x0000, 0x0000, 0x0000, 0x0000, 0x0000, 0x0000, 0x0000, 0x0000, 0x0000, 0x0000, 0x0000, 0x0000, 0x0000, 0x0000,
0x6FFF, 0xEFFF, 0xEEFF, 0xEEFF, 0xFEFF, 0xFEFF, 0xFEFF, 0xFEEF, 0xFEEF, 0xFEEF, 0xFEEF, 0xFEEF, 0xEEEF, 0xEEEF, 0xEEEF, 0x3EEF,
0x0000, 0x0000, 0x0000, 0x0000, 0x0000, 0x0000, 0x0000, 0x0000, 0x0000, 0x0000, 0x0000, 0x0000, 0x0000, 0x0000, 0x0000, 0x0000,
0x0000, 0x0000, 0x0000, 0x0000, 0x0000, 0x0000, 0x0000, 0x0000, 0x0000, 0x0000, 0x0000, 0x0000, 0x0000, 0x0000, 0x0000, 0x0000,
0x2CDE, 0xECDE, 0xFCDE, 0xECDE, 0xFCDE, 0xFDEE, 0xFDEF, 0xFEEF, 0xFEFF, 0xFFFF, 0xFFFF, 0xEFFF, 0xFFFF, 0xEFFF, 0x5FFF, 0x0000,
0x0000, 0x0000, 0x0000, 0x0000, 0x0000, 0x0000, 0x0000, 0x0000, 0x0000, 0x0000, 0x0000, 0x0000, 0x0000, 0x0000, 0x0000, 0x0000,
0x0000, 0x0000, 0x0000, 0x0000, 0x0000, 0x0000, 0x0000, 0x0000, 0x0000, 0x0000, 0x0000, 0x0000, 0x0000, 0x0000, 0x0000, 0x0000,
0x0000, 0x0000, 0x0000, 0x0000, 0x0000, 0x0000, 0x0000, 0x0000, 0x0000, 0x0000, 0x0000, 0x0000, 0x0000, 0x0000, 0x0000, 0x0000,
0x0000, 0x0000, 0x0000, 0x0000, 0x0000, 0x0000, 0x0000, 0x0000, 0x0000, 0x0000, 0x0000, 0x0000, 0x0000, 0x0000, 0x0000, 0x0000,
0x0000, 0x4FFF, 0xEEFF, 0xEEFF, 0xEEFF, 0xFEFF, 0xFEFF, 0xFEFF, 0xFEEF, 0xFEEF, 0xFEEF, 0xFEEF, 0xFEEF, 0xEEEF, 0xFEEF, 0xDEEF,
0x1EFF, 0x0000, 0x0000, 0x0000, 0x0000, 0x0000, 0x0000, 0x0000, 0x0000, 0x0000, 0x0000, 0x0000, 0x0000, 0x0000, 0x0000, 0x0000,
0x0000, 0x0000, 0x0000, 0x0000, 0x0000, 0x0000, 0x0000, 0x0000, 0x0000, 0x0000, 0x0000, 0x0000, 0x0000, 0x0000, 0x0000, 0x0CDE,
0xCCDE, 0xFCDE, 0xECDE, 0xFCDE, 0xFDEE, 0xFDEF, 0xFEEF, 0xFFFF, 0xFFFF, 0xFFFF, 0xEFFF, 0xFFFF, 0xDFFF, 0x3FFF, 0x0000, 0x0000,
0x0000, 0x0000, 0x0000, 0x0000, 0x0000, 0x0000, 0x0000, 0x0000, 0x0000, 0x0000, 0x0000, 0x0000, 0x0000, 0x0000, 0x0000, 0x0000,
0x0000, 0x0000, 0x0000, 0x0000, 0x0000, 0x0000, 0x0000, 0x0000, 0x0000, 0x0000, 0x0000, 0x0000, 0x0000, 0x0000, 0x0000, 0x0000,
0x0000, 0x0000, 0x0000, 0x0000, 0x0000, 0x0000, 0x0000, 0x0000, 0x0000, 0x0000, 0x0000, 0x0000, 0x0000, 0x0000, 0x0000, 0x0000,
0x0000, 0x0000, 0x0000, 0x0000, 0x0000, 0x0000, 0x0000, 0x0000, 0x0000, 0x0000, 0x0000, 0x0000, 0x0000, 0x0000, 0x0000, 0x0000,
0x0000, 0x0000, 0x4FFF, 0xEEFF, 0xEEFF, 0xEEFF, 0xFEFF, 0xFEFF, 0xFEEF, 0xFEEF, 0xFEEF, 0xFEEF, 0xFEEF, 0xFEEF, 0xEEEF, 0xFEFF,
0x9EFF, 0x0000, 0x0000, 0x0000, 0x0000, 0x0000, 0x0000, 0x0000, 0x0000, 0x0000, 0x0000, 0x0000, 0x0000, 0x0000, 0x0000, 0x0000,
0x0000, 0x0000, 0x0000, 0x0000, 0x0000, 0x0000, 0x0000, 0x0000, 0x0000, 0x0000, 0x0000, 0x0000, 0x0000, 0x0000, 0x0000, 0xACDE,
0xFCDE, 0xECDE, 0xFCDE, 0xFDEE, 0xFDEF, 0xFEEF, 0xFFFF, 0xFFFF, 0xFFFF, 0xEFFF, 0xFFFF, 0xCFFF, 0x2FFF, 0x0000, 0x0000, 0x0000,
0x0000, 0x0000, 0x0000, 0x0000, 0x0000, 0x0000, 0x0000, 0x0000, 0x0000, 0x0000, 0x0000, 0x0000, 0x0000, 0x0000, 0x0000, 0x0000,
0x0000, 0x0000, 0x0000, 0x0000, 0x0000, 0x0000, 0x2CDE, 0x4CDE, 0x5CDE, 0x5CDE, 0x5CDE, 0x5CDE, 0x5CDE, 0x4CDE, 0x4CDE, 0x3CDE,
0x2CDE, 0x1CDE, 0x0000, 0x0000, 0x0000, 0x0000, 0x0000, 0x0000, 0x0000, 0x0000, 0x0000, 0x0000, 0x0000, 0x0000, 0x0000, 0x0000,
0x0000, 0x0000, 0x0000, 0x0000, 0x0000, 0x0000, 0x0000, 0x0000, 0x0000, 0x0000, 0x0000, 0x0000, 0x0000, 0x0000, 0x0000, 0x0000,
0x0000, 0x0000, 0x0000, 0x4EFF, 0xEEFF, 0xEEFF, 0xEEFF, 0xFEFF, 0xFEEF, 0xFEEF, 0xFEEF, 0xFEEF, 0xFEEF, 0xFEEF, 0xFEFF, 0xEEFF,
0xFEFF, 0x4EFF, 0x0000, 0x0000, 0x0000, 0x0000, 0x0000, 0x0000, 0x0000, 0x0000, 0x0000, 0x0000, 0x0000, 0x0000, 0x0000, 0x0000,
0x0000, 0x0000, 0x0000, 0x0000, 0x0000, 0x0000, 0x0000, 0x0000, 0x0000, 0x0000, 0x0000, 0x0000, 0x0000, 0x0000, 0x7CDE, 0xFCDE,
0xECDE, 0xFCDE, 0xFDEE, 0xFDEF, 0xFEEF, 0xFFFF, 0xFFFF, 0xFFFF, 0xEFFF, 0xFFFF, 0xBFFF, 0x1FFF, 0x0000, 0x0000, 0x0000, 0x0000,
0x0000, 0x0000, 0x0000, 0x0000, 0x0000, 0x0000, 0x0000, 0x0000, 0x0000, 0x0000, 0x0000, 0x0000, 0x0000, 0x0000, 0x0000, 0x0000,
0x0000, 0x0000, 0x0CDE, 0x4CDE, 0x9CDE, 0xDCDE, 0xECDE, 0xFCDE, 0xFCDE, 0xFCDE, 0xFCDE, 0xFCDE, 0xFCDE, 0xFCDE, 0xFCDE, 0xFCDE,
0xFCDE, 0xECDE, 0xCCDE, 0xACDE, 0x7CDE, 0x4CDE, 0x1CDE, 0x0000, 0x0000, 0x0000, 0x0000, 0x0000, 0x0000, 0x0000, 0x0000, 0x0000,
0x0000, 0x0000, 0x0000, 0x0000, 0x0000, 0x0000, 0x0000, 0x0000, 0x0000, 0x0000, 0x0000, 0x0000, 0x0000, 0x0000, 0x0000, 0x0000,
0x0000, 0x0000, 0x0000, 0x0000, 0x5EFF, 0xFEFF, 0xEEFF, 0xFEFF, 0xFEEF, 0xFEEF, 0xFEEF, 0xFEEF, 0xFEEF, 0xFEEF, 0xFEFF, 0xEEFF,
0xEEFF, 0xCEFF, 0x0EFF, 0x0000, 0x0000, 0x0000, 0x0000, 0x0000, 0x0000, 0x0000, 0x0000, 0x0000, 0x0000, 0x0000, 0x0000, 0x0000,
0x0000, 0x0000, 0x0000, 0x0000, 0x0000, 0x0000, 0x0000, 0x0000, 0x0000, 0x0000, 0x0000, 0x0000, 0x0000, 0x3CDE, 0xECDE, 0xECDE,
0xECDE, 0xFDDE, 0xFDEF, 0xFEEF, 0xFEFF, 0xFFFF, 0xFFFF, 0xEFFF, 0xFFFF, 0xBFFF, 0x0FFF, 0x0000, 0x0000, 0x0000, 0x0000, 0x0000,
0x0000, 0x0000, 0x0000, 0x0000, 0x0000, 0x0000, 0x0000, 0x0000, 0x0000, 0x0000, 0x0000, 0x0000, 0x0000, 0x0000, 0x0000, 0x0000,
0x2CDE, 0x7CDE, 0xDCDE, 0xFCDE, 0xFCDE, 0xFCDE, 0xFCDE, 0xECDE, 0xECDE, 0xECDE, 0xECDE, 0xECDE, 0xECDE, 0xECDE, 0xECDE, 0xECDE,
0xFCDE, 0xFCDE, 0xFCDE, 0xFCDE, 0xFCDE, 0xFCDE, 0xECDE, 0xCCDE, 0xACDE, 0x7CDE, 0x3CDE, 0x0CDE, 0x0000, 0x0000, 0x0000, 0x0000,
0x0000, 0x0000, 0x0000, 0x0000, 0x0000, 0x0000, 0x0000, 0x0000, 0x0000, 0x0000, 0x0000, 0x0000, 0x0000, 0x0000, 0x0000, 0x0000,
0x0000, 0x0000, 0x0000, 0x0000, 0x0000, 0x7EFF, 0xFEFF, 0xEEEF, 0xFEEF, 0xFEEF, 0xFEEF, 0xFEEF, 0xFEEF, 0xFEEF, 0xFEFF, 0xFEFF,
0xEEFF, 0xFEFF, 0x7EFF, 0x0000, 0x0000, 0x0000, 0x0000, 0x0000, 0x0000, 0x0000, 0x0000, 0x0000, 0x0000, 0x0000, 0x0000, 0x0000,
0x0000, 0x0000, 0x0000, 0x0000, 0x0000, 0x0000, 0x0000, 0x0000, 0x0000, 0x0000, 0x0000, 0x0000, 0x1CDE, 0xDCDE, 0xECDE, 0xECDE,
0xFDDE, 0xFDEF, 0xFEEF, 0xFEFF, 0xFFFF, 0xFFFF, 0xEFFF, 0xFFFF, 0xAFFF, 0x0000, 0x0000, 0x0000, 0x0000, 0x0000, 0x0000, 0x0000,
0x0000, 0x0000, 0x0000, 0x0000, 0x0000, 0x0000, 0x0000, 0x0000, 0x0000, 0x0000, 0x0000, 0x0000, 0x0000, 0x0000, 0x1CDE, 0x8CDE,
0xECDE, 0xFCDE, 0xFCDE, 0xECDE, 0xECDE, 0xECDE, 0xECDE, 0xFCDE, 0xFDDE, 0xFDDE, 0xFDDE, 0xFDDE, 0xFDEE, 0xFDEE, 0xFDDE, 0xFDDE,
0xFDDE, 0xEDDE, 0xEDDE, 0xECDE, 0xECDE, 0xECDE, 0xFCDE, 0xFCDE, 0xFCDE, 0xFCDE, 0xFCDE, 0xDCDE, 0x9CDE, 0x4CDE, 0x0CDE, 0x0000,
0x0000, 0x0000, 0x0000, 0x0000, 0x0000, 0x0000, 0x0000, 0x0000, 0x0000, 0x0000, 0x0000, 0x0000, 0x0000, 0x0000, 0x0000, 0x0000,
0x0000, 0x0000, 0x0000, 0x0000, 0x0000, 0x0000, 0xBEFF, 0xFEEF, 0xEEEF, 0xFEEF, 0xFEEF, 0xFEEF, 0xFEEF, 0xFEEF, 0xFEFF, 0xFEFF,
0xEEFF, 0xEEFF, 0xEEFF, 0x2EFF, 0x0000, 0x0000, 0x0000, 0x0000, 0x0000, 0x0000, 0x0000, 0x0000, 0x0000, 0x0000, 0x0000, 0x0000,
0x0000, 0x0000, 0x0000, 0x0000, 0x0000, 0x0000, 0x0000, 0x0000, 0x0000, 0x0000, 0x0000, 0x0000, 0x9CDE, 0xFCDE, 0xECDE, 0xFCDE,
0xFDEE, 0xFDEF, 0xFEFF, 0xFFFF, 0xFFFF, 0xEFFF, 0xFFFF, 0xBFFF, 0x0FFF, 0x0000, 0x0000, 0x0000, 0x0000, 0x0000, 0x0000, 0x0000,
0x0000, 0x0000, 0x0000, 0x0000, 0x0000, 0x0000, 0x0000, 0x0000, 0x0000, 0x0000, 0x0000, 0x0000, 0x0CDE, 0x6CDE, 0xDCDE, 0xFCDE,
0xFCDE, 0xECDE, 0xECDE, 0xFCDE, 0xFDDE, 0xFDEE, 0xFDEE, 0xFDEF, 0xFDEF, 0xFDEF, 0xFDEF, 0xFDEF, 0xFDEF, 0xFDEF, 0xFDEF, 0xFDEF,
0xFDEF, 0xFDEF, 0xFDEF, 0xFDEE, 0xFDEE, 0xFDEE, 0xEDEE, 0xEDDE, 0xEDDE, 0xECDE, 0xECDE, 0xFCDE, 0xFCDE, 0xFCDE, 0xDCDE, 0x8CDE,
0x3CDE, 0x0000, 0x0000, 0x0000, 0x0000, 0x0000, 0x0000, 0x0000, 0x0000, 0x0000, 0x0000, 0x0000, 0x0000, 0x0000, 0x0000, 0x0000,
0x0000, 0x0000, 0x0000, 0x0000, 0x0000, 0x0000, 0x1EEF, 0xEEEF, 0xEEEF, 0xEEEF, 0xFEEF, 0xFEEF, 0xFEEF, 0xFEEF, 0xFEFF, 0xFEFF,
0xFEFF, 0xEEFF, 0xFEFF, 0xBEFF, 0x0000, 0x0000, 0x0000, 0x0000, 0x0000, 0x0000, 0x0000, 0x0000, 0x0000, 0x0000, 0x0000, 0x0000,
0x0000, 0x0000, 0x0000, 0x0000, 0x0000, 0x0000, 0x0000, 0x0000, 0x0000, 0x0000, 0x0000, 0x4CDE, 0xFCDE, 0xECDE, 0xFCDE, 0xFDEE,
0xFDEF, 0xFEFF, 0xFFFF, 0xFFFF, 0xEFFF, 0xFFFF, 0xDFFF, 0x1FFF, 0x0000, 0x0000, 0x0000, 0x0000, 0x0000, 0x0000, 0x0000, 0x0000,
0x0000, 0x0000, 0x0000, 0x0000, 0x0000, 0x0000, 0x0000, 0x0000, 0x0000, 0x0000, 0x0000, 0x4CDE, 0xCCDE, 0xFCDE, 0xFCDE, 0xECDE,
0xECDE, 0xFCDE, 0xFDDE, 0xFDEE, 0xFDEF, 0xFDEF, 0xFDEF, 0xFEEF, 0xFEEF, 0xFEEF, 0xFEEF, 0xFEEF, 0xFEEF, 0xFEEF, 0xFEEF, 0xFEEF,
0xFEEF, 0xFEEF, 0xFEEF, 0xFDEF, 0xFDEF, 0xFDEF, 0xFDEF, 0xFDEF, 0xFDEF, 0xFDEE, 0xFDEE, 0xEDDE, 0xEDDE, 0xEDDE, 0xFCDE, 0xFCDE,
0xFCDE, 0xBCDE, 0x3DDE, 0x0000, 0x0000, 0x0000, 0x0000, 0x0000, 0x0000, 0x0000, 0x0000, 0x0000, 0x0000, 0x0000, 0x0000, 0x0000,
0x0000, 0x0000, 0x0000, 0x0000, 0x0000, 0x0000, 0x0000, 0x5EEF, 0xFEEF, 0xEEEF, 0xFEEF, 0xFEEF, 0xFEEF, 0xFEEF, 0xFEEF, 0xFEFF,
0xFEFF, 0xFEFF, 0xEEFF, 0xFEFF, 0x5EFF, 0x0000, 0x0000, 0x0000, 0x0000, 0x0000, 0x0000, 0x0000, 0x0000, 0x0000, 0x0000, 0x0000,
0x0000, 0x0000, 0x0000, 0x0000, 0x0000, 0x0000, 0x0000, 0x0000, 0x0000, 0x0000, 0x0CDE, 0xDCDE, 0xECDE, 0xECDE, 0xFDDE, 0xFDEF,
0xFEEF, 0xFFFF, 0xFFFF, 0xEFFF, 0xEFFF, 0xEFFF, 0x2FFF, 0x0000, 0x0000, 0x0000, 0x0000, 0x0000, 0x0000, 0x0000, 0x0000, 0x0000,
0x0000, 0x0000, 0x0000, 0x0000, 0x0000, 0x0000, 0x0000, 0x0000, 0x0000, 0x1CDE, 0x9CDE, 0xFCDE, 0xFCDE, 0xECDE, 0xECDE, 0xFCDE,
0xFDDE, 0xFDEF, 0xFDEF, 0xFDEF, 0xFEEF, 0xFEFF, 0xFEFF, 0xFEFF, 0xFEFF, 0xFEFF, 0xFEFF, 0xFEFF, 0xFEFF, 0xFFFF, 0xFEFF, 0xFEFF,
0xFEFF, 0xFEFF, 0xFEFF, 0xFEFF, 0xFEEF, 0xFEEF, 0xFEEF, 0xFDEF, 0xFDEF, 0xFDEF, 0xFDEF, 0xFDEF, 0xFDEF, 0xFDEE, 0xEDEE, 0xEDDE,
0xEDDE, 0xFDDE, 0xFDDE, 0x8DDE, 0x0DEE, 0x0000, 0x0000, 0x0000, 0x0000, 0x0000, 0x0000, 0x0000, 0x0000, 0x0000, 0x0000, 0x0000,
0x0000, 0x0000, 0x0000, 0x0000, 0x0000, 0x0000, 0x0000, 0x0000, 0x9EEF, 0xFEEF, 0xEEEF, 0xFEEF, 0xFEEF, 0xFEEF, 0xFEEF, 0xFEFF,
0xFEFF, 0xFEFF, 0xEEFF, 0xEEFF, 0xDEFF, 0x0EFF, 0x0000, 0x0000, 0x0000, 0x0000, 0x0000, 0x0000, 0x0000, 0x0000, 0x0000, 0x0000,
0x0000, 0x0000, 0x0000, 0x0000, 0x0000, 0x0000, 0x0000, 0x0000, 0x0000, 0x0000, 0x8CDE, 0xFCDE, 0xECDE, 0xFCDE, 0xFDEF, 0xFEEF,
0xFEFF, 0xFFFF, 0xFFFF, 0xEFFF, 0xFFFF, 0x5FFF, 0x0000, 0x0000, 0x0000, 0x0000, 0x0000, 0x0000, 0x0000, 0x0000, 0x0000, 0x0000,
0x0000, 0x0000, 0x0000, 0x0000, 0x0000, 0x0000, 0x0000, 0x0000, 0x5CDE, 0xDCDE, 0xFCDE, 0xECDE, 0xECDE, 0xFCDE, 0xFDDE, 0xFDEF,
0xFDEF, 0xFEEF, 0xFEFF, 0xFEFF, 0xFEFF, 0xFFFF, 0xFFFF, 0xFFFF, 0xFFFF, 0xFFFF, 0xFFFF, 0xFFFF, 0xFFFF, 0xFFFF, 0xFFFF, 0xFFFF,
0xFFFF, 0xFFFF, 0xFFFF, 0xFFFF, 0xFEFF, 0xFEFF, 0xFEFF, 0xFEFF, 0xFEFF, 0xFEEF, 0xFEEF, 0xFDEF, 0xFDEF, 0xFDEF, 0xFDEF, 0xFDEF,
0xFDEE, 0xEDEE, 0xEDEE, 0xFDEE, 0xCDEE, 0x3DEE, 0x0000, 0x0000, 0x0000, 0x0000, 0x0000, 0x0000, 0x0000, 0x0000, 0x0000, 0x0000,
0x0000, 0x0000, 0x0000, 0x0000, 0x0000, 0x0000, 0x0000, 0x0000, 0x0EEF, 0xDEEF, 0xEEEF, 0xEEEF, 0xFEEF, 0xFEEF, 0xFEEF, 0xFEEF,
0xFEFF, 0xFEFF, 0xFEFF, 0xEEFF, 0xFEFF, 0x7EFF, 0x0000, 0x0000, 0x0000, 0x0000, 0x0000, 0x0000, 0x0000, 0x0000, 0x0000, 0x0000,
0x0000, 0x0000, 0x0000, 0x0000, 0x0000, 0x0000, 0x0000, 0x0000, 0x0000, 0x2CDE, 0xECDE, 0xECDE, 0xECDE, 0xFDEE, 0xFDEF, 0xFEFF,
0xFFFF, 0xFFFF, 0xEFFF, 0xFFFF, 0x8FFF, 0x0000, 0x0000, 0x0000, 0x0000, 0x0000, 0x0000, 0x0000, 0x0000, 0x0000, 0x0000, 0x0000,
0x0000, 0x0000, 0x0000, 0x0000, 0x0000, 0x0000, 0x0CDE, 0x9CDE, 0xFCDE, 0xFCDE, 0xECDE, 0xFCDE, 0xFDDE, 0xFDEE, 0xFDEF, 0xFEEF,
0xFEFF, 0xFEFF, 0xFFFF, 0xFFFF, 0xFFFF, 0xFFFF, 0xFFFF, 0xEFFF, 0xEFFF, 0xEFFF, 0xEFFF, 0xEFFF, 0xEFFF, 0xEFFF, 0xEFFF, 0xEFFF,
0xEFFF, 0xEFFF, 0xEFFF, 0xEFFF, 0xFFFF, 0xFFFF, 0xFFFF, 0xFFFF, 0xFEFF, 0xFEFF, 0xFEFF, 0xFEEF, 0xFEEF, 0xFEEF, 0xFDEF, 0xFDEF,
0xFDEF, 0xFDEF, 0xFDEF, 0xEDEF, 0xFDEE, 0xEDEE, 0x6DEE, 0x0000, 0x0000, 0x0000, 0x0000, 0x0000, 0x0000, 0x0000, 0x0000, 0x0000,
0x0000, 0x0000, 0x0000, 0x0000, 0x0000, 0x0000, 0x0000, 0x0000, 0x0000, 0x3EEF, 0xFEEF, 0xEEEF, 0xFEEF, 0xFEEF, 0xFEEF, 0xFEEF,
0xFEEF, 0xFEFF, 0xFEFF, 0xEEFF, 0xEEFF, 0xEEFF, 0x1EFF, 0x0000, 0x0000, 0x0000, 0x0000, 0x0000, 0x0000, 0x0000, 0x0000, 0x0000,
0x0000, 0x0000, 0x0000, 0x0000, 0x0000, 0x0000, 0x0000, 0x0000, 0x0000, 0x9CDE, 0xFCDE, 0xECDE, 0xFDDE, 0xFDEF, 0xFEEF, 0xFFFF,
0xFFFF, 0xEFFF, 0xFFFF, 0xBFFF, 0x0000, 0x0000, 0x0000, 0x0000, 0x0000, 0x0000, 0x0000, 0x0000, 0x0000, 0x0000, 0x0000, 0x0000,
0x0000, 0x0000, 0x0000, 0x0000, 0x0000, 0x2CDE, 0xCCDE, 0xFCDE, 0xECDE, 0xECDE, 0xFCDE, 0xFDEE, 0xFDEF, 0xFDEF, 0xFEFF, 0xFEFF,
0xFFFF, 0xFFFF, 0xFFFF, 0xEFFF, 0xEFFF, 0xEFFF, 0xEFFF, 0xFFFF, 0xFFFF, 0xFFFF, 0xFFFF, 0xFFFF, 0xFFFF, 0xFFFF, 0xFFFF, 0xFFFF,
0xFFFF, 0xFFFF, 0xFFFF, 0xFFFF, 0xFFFF, 0xEFFF, 0xEFFF, 0xEFFF, 0xFFFF, 0xFFFF, 0xFEFF, 0xFEFF, 0xFEFF, 0xFEFF, 0xFEEF, 0xFEEF,
0xFEEF, 0xFDEF, 0xFDEF, 0xFDEF, 0xEDEF, 0xEDEF, 0xFDEF, 0x9DEF, 0x0DEF, 0x0000, 0x0000, 0x0000, 0x0000, 0x0000, 0x0000, 0x0000,
0x0000, 0x0000, 0x0000, 0x0000, 0x0000, 0x0000, 0x0000, 0x0000, 0x0000, 0x0000, 0x8EEF, 0xFEEF, 0xEEEF, 0xFEEF, 0xFEEF, 0xFEEF,
0xFEEF, 0xFEEF, 0xFEFF, 0xFEFF, 0xEEFF, 0xFEFF, 0x9EFF, 0x0000, 0x0000, 0x0000, 0x0000, 0x0000, 0x0000, 0x0000, 0x0000, 0x0000,
0x0000, 0x0000, 0x0000, 0x0000, 0x0000, 0x0000, 0x0000, 0x0000, 0x2CDE, 0xECDE, 0xECDE, 0xECDE, 0xFDEE, 0xFDEF, 0xFEFF, 0xFFFF,
0xEFFF, 0xEFFF, 0xEFFF, 0x2FFF, 0x0000, 0x0000, 0x0000, 0x0000, 0x0000, 0x0000, 0x0000, 0x0000, 0x0000, 0x0000, 0x0000, 0x0000,
0x0000, 0x0000, 0x0000, 0x0000, 0x4CDE, 0xECDE, 0xFCDE, 0xECDE, 0xFCDE, 0xFDDE, 0xFDEE, 0xFDEF, 0xFEEF, 0xFEFF, 0xFFFF, 0xFFFF,
0xFFFF, 0xEFFF, 0xEFFF, 0xFFFF, 0xFFFF, 0xFFFF, 0xFFFF, 0xEFFF, 0xCFFF, 0x9FFF, 0x8FFF, 0x7FFF, 0x5FFF, 0x4FFF, 0x4FFF, 0x4FFF,
0x5FFF, 0x7FFF, 0xAFFF, 0xCFFF, 0xFFFF, 0xFFFF, 0xFFFF, 0xFFFF, 0xEFFF, 0xEFFF, 0xFFFF, 0xFFFF, 0xFEFF, 0xFEFF, 0xFEFF, 0xFEEF,
0xFEEF, 0xFEEF, 0xFEEF, 0xFDEF, 0xFDEF, 0xEDEF, 0xEDEF, 0xFDEF, 0xBDEF, 0x1DEF, 0x0000, 0x0000, 0x0000, 0x0000, 0x0000, 0x0000,
0x0000, 0x0000, 0x0000, 0x0000, 0x0000, 0x0000, 0x0000, 0x0000, 0x0000, 0x0000, 0x0EEF, 0xCEEF, 0xEEEF, 0xEEEF, 0xFEEF, 0xFEEF,
0xFEEF, 0xFEEF, 0xFEFF, 0xFEFF, 0xEEFF, 0xEEFF, 0xEEFF, 0x2FFF, 0x0000, 0x0000, 0x0000, 0x0000, 0x0000, 0x0000, 0x0000, 0x0000,
0x0000, 0x0000, 0x0000, 0x0000, 0x0000, 0x0000, 0x0000, 0x0000, 0x9CDE, 0xFCDE, 0xECDE, 0xFDDE, 0xFDEF, 0xFEFF, 0xFFFF, 0xFFFF,
0xEFFF, 0xFFFF, 0x6FFF, 0x0000, 0x0000, 0x0000, 0x0000, 0x0000, 0x0000, 0x0000, 0x0000, 0x0000, 0x0000, 0x0000, 0x0000, 0x0000,
0x0000, 0x0000, 0x0000, 0x6CDE, 0xFCDE, 0xFCDE, 0xECDE, 0xFCDE, 0xFDDE, 0xFDEF, 0xFEEF, 0xFEFF, 0xFFFF, 0xFFFF, 0xFFFF, 0xEFFF,
0xEFFF, 0xFFFF, 0xFFFF, 0xEFFF, 0xBFFF, 0x8FFF, 0x4FFF, 0x1FFF, 0x0000, 0x0000, 0x0000, 0x0000, 0x0000, 0x0000, 0x0000, 0x0000,
0x0000, 0x0000, 0x0000, 0x0000, 0x2FFF, 0x6FFF, 0xAFFF, 0xEFFF, 0xFFFF, 0xFFFF, 0xEFFF, 0xEFFF, 0xFFFF, 0xFEFF, 0xFEFF, 0xFEFF,
0xFEFF, 0xFEEF, 0xFEEF, 0xFEEF, 0xFDEF, 0xFDEF, 0xFDEF, 0xEDEF, 0xFDEF, 0xCDEF, 0x1DEF, 0x0000, 0x0000, 0x0000, 0x0000, 0x0000,
0x0000, 0x0000, 0x0000, 0x0000, 0x0000, 0x0000, 0x0000, 0x0000, 0x0000, 0x0000, 0x0000, 0x3EEF, 0xFEEF, 0xEEEF, 0xFEEF, 0xFEEF,
0xFEEF, 0xFEEF, 0xFEFF, 0xFEFF, 0xFEFF, 0xEEFF, 0xFFFF, 0x9FFF, 0x0000, 0x0000, 0x0000, 0x0000, 0x0000, 0x0000, 0x0000, 0x0000,
0x0000, 0x0000, 0x0000, 0x0000, 0x0000, 0x0000, 0x0000, 0x1CDE, 0xECDE, 0xECDE, 0xECDE, 0xFDEE, 0xFDEF, 0xFEFF, 0xFFFF, 0xEFFF,
0xEFFF, 0xCFFF, 0x0000, 0x0000, 0x0000, 0x0000, 0x0000, 0x0000, 0x0000, 0x0000, 0x0000, 0x0000, 0x0000, 0x0000, 0x0000, 0x0000,
0x0000, 0x0000, 0x7CDE, 0xFCDE, 0xECDE, 0xECDE, 0xFCDE, 0xFDEE, 0xFDEF, 0xFEEF, 0xFEFF, 0xFFFF, 0xFFFF, 0xFFFF, 0xEFFF, 0xFFFF,
0xFFFF, 0xDFFF, 0x8FFF, 0x2FFF, 0x0000, 0x0000, 0x0000, 0x0000, 0x0000, 0x0000, 0x0000, 0x0000, 0x0000, 0x0000, 0x0000, 0x0000,
0x0000, 0x0000, 0x0000, 0x0000, 0x0000, 0x0000, 0x0000, 0x1FFF, 0x5FFF, 0xBFFF, 0xFFFF, 0xFFFF, 0xEFFF, 0xEFFF, 0xFFFF, 0xFEFF,
0xFEFF, 0xFEFF, 0xFEEF, 0xFEEF, 0xFEEF, 0xFEEF, 0xFDEF, 0xFDEF, 0xEDEF, 0xFDEF, 0xDDEF, 0x2DEF, 0x0000, 0x0000, 0x0000, 0x0000,
0x0000, 0x0000, 0x0000, 0x0000, 0x0000, 0x0000, 0x0000, 0x0000, 0x0000, 0x0000, 0x0000, 0x0000, 0x9EEF, 0xFEEF, 0xEEEF, 0xFEEF,
0xFEEF, 0xFEEF, 0xFEFF, 0xFEFF, 0xFEFF, 0xEEFF, 0xEEFF, 0xEFFF, 0x2FFF, 0x0000, 0x0000, 0x0000, 0x0000, 0x0000, 0x0000, 0x0000,
0x0000, 0x0000, 0x0000, 0x0000, 0x0000, 0x0000, 0x0000, 0x8CDE, 0xFCDE, 0xECDE, 0xFDDE, 0xFDEF, 0xFEFF, 0xFFFF, 0xFFFF, 0xEFFF,
0xFFFF, 0x4FFF, 0x0000, 0x0000, 0x0000, 0x0000, 0x0000, 0x0000, 0x0000, 0x0000, 0x0000, 0x0000, 0x0000, 0x0000, 0x0000, 0x0000,
0x0000, 0x7CDE, 0xFCDE, 0xECDE, 0xECDE, 0xFCDE, 0xFDEE, 0xFDEF, 0xFEFF, 0xFFFF, 0xFFFF, 0xFFFF, 0xEFFF, 0xEFFF, 0xFFFF, 0xEFFF,
0x7FFF, 0x1FFF, 0x0000, 0x0000, 0x0000, 0x0000, 0x0000, 0x0000, 0x0000, 0x0000, 0x0000, 0x0000, 0x0000, 0x0000, 0x0000, 0x0000,
0x0000, 0x0000, 0x0000, 0x0000, 0x0000, 0x0000, 0x0000, 0x0000, 0x0000, 0x0000, 0x5FFF, 0xCFFF, 0xFFFF, 0xFFFF, 0xEFFF, 0xFFFF,
0xFEFF, 0xFEFF, 0xFEFF, 0xFEFF, 0xFEEF, 0xFEEF, 0xFEEF, 0xFDEF, 0xFDEF, 0xEDEF, 0xFDEF, 0xDDEF, 0x3DEF, 0x0000, 0x0000, 0x0000,
0x0000, 0x0000, 0x0000, 0x0000, 0x0000, 0x0000, 0x0000, 0x0000, 0x0000, 0x0000, 0x0000, 0x0000, 0x1DEF, 0xDDEF, 0xEDEF, 0xEEEF,
0xFEEF, 0xFEEF, 0xFEEF, 0xFEFF, 0xFEFF, 0xFEFF, 0xEEFF, 0xFFFF, 0x8FFF, 0x0000, 0x0000, 0x0000, 0x0000, 0x0000, 0x0000, 0x0000,
0x0000, 0x0000, 0x0000, 0x0000, 0x0000, 0x0000, 0x1CDE, 0xDCDE, 0xECDE, 0xECDE, 0xFDEE, 0xFDEF, 0xFEFF, 0xFFFF, 0xEFFF, 0xFFFF,
0xBFFF, 0x0000, 0x0000, 0x0000, 0x0000, 0x0000, 0x0000, 0x0000, 0x0000, 0x0000, 0x0000, 0x0000, 0x0000, 0x0000, 0x0000, 0x0000,
0x5CDE, 0xFCDE, 0xECDE, 0xECDE, 0xFDDE, 0xFDEF, 0xFEEF, 0xFEFF, 0xFFFF, 0xFFFF, 0xFFFF, 0xEFFF, 0xFFFF, 0xFFFF, 0x9FFF, 0x2FFF,
0x0000, 0x0000, 0x0000, 0x0000, 0x0000, 0x0000, 0x0000, 0x0000, 0x0000, 0x0000, 0x0000, 0x0000, 0x0000, 0x0000, 0x0000, 0x0000,
0x0000, 0x0000, 0x0000, 0x0000, 0x0000, 0x0000, 0x0000, 0x0000, 0x0000, 0x0000, 0x0000, 0x0000, 0x6FFF, 0xEFFF, 0xFFFF, 0xEFFF,
0xEFFF, 0xFEFF, 0xFEFF, 0xFEFF, 0xFEFF, 0xFEEF, 0xFEEF, 0xFEEF, 0xFEEF, 0xFDEF, 0xEDEF, 0xFDEF, 0xEDEF, 0x2DEF, 0x0000, 0x0000,
0x0000, 0x0000, 0x0000, 0x0000, 0x0000, 0x0000, 0x0000, 0x0000, 0x0000, 0x0000, 0x0000, 0x0000, 0x0000, 0x5DEF, 0xFDEF, 0xEDEF,
0xFEEF, 0xFEEF, 0xFEEF, 0xFEEF, 0xFEFF, 0xFEFF, 0xEEFF, 0xEFFF, 0xEFFF, 0x1FFF, 0x0000, 0x0000, 0x0000, 0x0000, 0x0000, 0x0000,
0x0000, 0x0000, 0x0000, 0x0000, 0x0000, 0x0000, 0x6CDE, 0xFCDE, 0xECDE, 0xFDDE, 0xFDEF, 0xFEEF, 0xFFFF, 0xFFFF, 0xEFFF, 0xFFFF,
0x4FFF, 0x0000, 0x0000, 0x0000, 0x0000, 0x0000, 0x0000, 0x0000, 0x0000, 0x0000, 0x0000, 0x0000, 0x0000, 0x0000, 0x0000, 0x2CDE,
0xECDE, 0xECDE, 0xECDE, 0xFDDE, 0xFDEF, 0xFEEF, 0xFEFF, 0xFFFF, 0xFFFF, 0xEFFF, 0xEFFF, 0xFFFF, 0xDFFF, 0x5FFF, 0x0000, 0x0000,
0x0000, 0x0000, 0x0000, 0x0000, 0x0000, 0x0000, 0x0000, 0x0000, 0x0000, 0x0000, 0x0000, 0x0000, 0x0000, 0x0000, 0x0000, 0x0000,
0x0000, 0x0000, 0x0000, 0x0000, 0x0000, 0x0000, 0x0000, 0x0000, 0x0000, 0x0000, 0x0000, 0x0000, 0x0000, 0x2FFF, 0xAFFF, 0xFFFF,
0xEFFF, 0xEFFF, 0xFEFF, 0xFEFF, 0xFEFF, 0xFEFF, 0xFEEF, 0xFEEF, 0xFEEF, 0xFEEF, 0xFEEF, 0xEDEF, 0xFDEF, 0xDEEF, 0x1EEF, 0x0000,
0x0000, 0x0000, 0x0000, 0x0000, 0x0000, 0x0000, 0x0000, 0x0000, 0x0000, 0x0000, 0x0000, 0x0000, 0x0000, 0x0000, 0xBDEF, 0xFDEF,
0xEDEF, 0xFEEF, 0xFEEF, 0xFEEF, 0xFEFF, 0xFEFF, 0xFEFF, 0xEEFF, 0xFFFF, 0x7FFF, 0x0000, 0x0000, 0x0000, 0x0000, 0x0000, 0x0000,
0x0000, 0x0000, 0x0000, 0x0000, 0x0000, 0x0000, 0xCCDE, 0xECDE, 0xECDE, 0xFDEE, 0xFDEF, 0xFEFF, 0xFFFF, 0xEFFF, 0xEFFF, 0xBFFF,
0x0000, 0x0000, 0x0000, 0x0000, 0x0000, 0x0000, 0x0000, 0x0000, 0x0000, 0x0000, 0x0000, 0x0000, 0x0000, 0x0000, 0x0CDE, 0xCCDE,
0xFCDE, 0xECDE, 0xFCDE, 0xFDEF, 0xFEEF, 0xFEFF, 0xFFFF, 0xFFFF, 0xEFFF, 0xFFFF, 0xFFFF, 0xAFFF, 0x1FFF, 0x0000, 0x0000, 0x0000,
0x0000, 0x0000, 0x0000, 0x0000, 0x0000, 0x0000, 0x0000, 0x0000, 0x0000, 0x0000, 0x0000, 0x0000, 0x0000, 0x0000, 0x0000, 0x0000,
0x0000, 0x0000, 0x0000, 0x0000, 0x0000, 0x0000, 0x0000, 0x0000, 0x0000, 0x0000, 0x0000, 0x0000, 0x0000, 0x0000, 0x0000, 0x6FFF,
0xEFFF, 0xFFFF, 0xEEFF, 0xFEFF, 0xFEFF, 0xFEFF, 0xFEFF, 0xFEEF, 0xFEEF, 0xFEEF, 0xFEEF, 0xFEEF, 0xEEEF, 0xFEEF, 0xBEEF, 0x0000,
0x0000, 0x0000, 0x0000, 0x0000, 0x0000, 0x0000, 0x0000, 0x0000, 0x0000, 0x0000, 0x0000, 0x0000, 0x0000, 0x0000, 0x3DEF, 0xFDEF,
0xEDEF, 0xFDEF, 0xFEEF, 0xFEEF, 0xFEEF, 0xFEFF, 0xFEFF, 0xEEFF, 0xEFFF, 0xDFFF, 0x1FFF, 0x0000, 0x0000, 0x0000, 0x0000, 0x0000,
0x0000, 0x0000, 0x0000, 0x0000, 0x0000, 0x5CDE, 0xFCDE, 0xECDE, 0xFCDE, 0xFDEF, 0xFEEF, 0xFFFF, 0xFFFF, 0xEFFF, 0xFFFF, 0x5FFF,
0x0000, 0x0000, 0x0000, 0x0000, 0x0000, 0x0000, 0x0000, 0x0000, 0x0000, 0x0000, 0x0000, 0x0000, 0x0000, 0x0000, 0x8CDE, 0xFCDE,
0xECDE, 0xFCDE, 0xFDEE, 0xFDEF, 0xFEFF, 0xFFFF, 0xFFFF, 0xEFFF, 0xFFFF, 0xEFFF, 0x5FFF, 0x0000, 0x0000, 0x0000, 0x0000, 0x0000,
0x0000, 0x0000, 0x0000, 0x0000, 0x0000, 0x0000, 0x0000, 0x0000, 0x0000, 0x0000, 0x0000, 0x0000, 0x0000, 0x0000, 0x0000, 0x0000,
0x0000, 0x0000, 0x0000, 0x0000, 0x0000, 0x0000, 0x0000, 0x0000, 0x0000, 0x0000, 0x0000, 0x0000, 0x0000, 0x0000, 0x0000, 0x0000,
0x3FFF, 0xDFFF, 0xFFFF, 0xEEFF, 0xFEFF, 0xFEFF, 0xFEFF, 0xFEEF, 0xFEEF, 0xFEEF, 0xFEEF, 0xFEEF, 0xFEEF, 0xEEEF, 0xFEEF, 0x7EFF,
0x0000, 0x0000, 0x0000, 0x0000, 0x0000, 0x0000, 0x0000, 0x0000, 0x0000, 0x0000, 0x0000, 0x0000, 0x0000, 0x0000, 0x0000, 0xADEF,
0xFDEF, 0xEDEF, 0xFDEF, 0xFEEF, 0xFEEF, 0xFEFF, 0xFEFF, 0xFEFF, 0xEEFF, 0xFFFF, 0x6FFF, 0x0000, 0x0000, 0x0000, 0x0000, 0x0000,
0x0000, 0x0000, 0x0000, 0x0000, 0x0000, 0xBCDE, 0xECDE, 0xECDE, 0xFDEE, 0xFDEF, 0xFEFF, 0xFFFF, 0xEFFF, 0xEFFF, 0xDFFF, 0x0FFF,
0x0000, 0x0000, 0x0000, 0x0000, 0x0000, 0x0000, 0x0000, 0x0000, 0x0000, 0x0000, 0x0000, 0x0000, 0x0000, 0x4CDE, 0xFCDE, 0xECDE,
0xFCDE, 0xFDEE, 0xFDEF, 0xFEFF, 0xFFFF, 0xFFFF, 0xEFFF, 0xFFFF, 0xCFFF, 0x2FFF, 0x0000, 0x0000, 0x0000, 0x0000, 0x0000, 0x0000,
0x0000, 0x0000, 0x0000, 0x0000, 0x0000, 0x0000, 0x0000, 0x0000, 0x0000, 0x0000, 0x0000, 0x0000, 0x0000, 0x0000, 0x0000, 0x0000,
0x0000, 0x0000, 0x0000, 0x0000, 0x0000, 0x0000, 0x0000, 0x0000, 0x0000, 0x0000, 0x0000, 0x0000, 0x0000, 0x0000, 0x0000, 0x0000,
0x0000, 0x2FFF, 0xCFFF, 0xFFFF, 0xEEFF, 0xFEFF, 0xFEFF, 0xFEEF, 0xFEEF, 0xFEEF, 0xFEEF, 0xFEEF, 0xFEEF, 0xEEFF, 0xEEFF, 0xEEFF,
0x2EFF, 0x0000, 0x0000, 0x0000, 0x0000, 0x0000, 0x0000, 0x0000, 0x0000, 0x0000, 0x0000, 0x0000, 0x0000, 0x0000, 0x0000, 0x3DEF,
0xEDEF, 0xEDEF, 0xFDEF, 0xFEEF, 0xFEEF, 0xFEEF, 0xFEFF, 0xFEFF, 0xEEFF, 0xEFFF, 0xCFFF, 0x0000, 0x0000, 0x0000, 0x0000, 0x0000,
0x0000, 0x0000, 0x0000, 0x0000, 0x2CDE, 0xECDE, 0xECDE, 0xFCDE, 0xFDEF, 0xFEEF, 0xFFFF, 0xFFFF, 0xEFFF, 0xFFFF, 0x7FFF, 0x0000,
0x0000, 0x0000, 0x0000, 0x0000, 0x0000, 0x0000, 0x0000, 0x0000, 0x0000, 0x0000, 0x0000, 0x0000, 0x1CDE, 0xDCDE, 0xECDE, 0xECDE,
0xFDDE, 0xFDEF, 0xFEFF, 0xFFFF, 0xFFFF, 0xEFFF, 0xFFFF, 0xBFFF, 0x1FFF, 0x0000, 0x0000, 0x0000, 0x0000, 0x0000, 0x0000, 0x0000,
0x0000, 0x0000, 0x0000, 0x0000, 0x0000, 0x0000, 0x0000, 0x0000, 0x0000, 0x0000, 0x0000, 0x0000, 0x0000, 0x0000, 0x0000, 0x0000,
0x0000, 0x0000, 0x0000, 0x0000, 0x0000, 0x0000, 0x0000, 0x0000, 0x0000, 0x0000, 0x0000, 0x0000, 0x0000, 0x0000, 0x0000, 0x0000,
0x0000, 0x0000, 0x1FFF, 0xBEFF, 0xFEFF, 0xEEFF, 0xFEFF, 0xFEFF, 0xFEFF, 0xFEEF, 0xFEEF, 0xFEEF, 0xFEEF, 0xFEFF, 0xEEFF, 0xFEFF,
0xBEFF, 0x0000, 0x0000, 0x0000, 0x0000, 0x0000, 0x0000, 0x0000, 0x0000, 0x0000, 0x0000, 0x0000, 0x0000, 0x0000, 0x0000, 0x0000,
0xADEF, 0xFDEF, 0xEDEF, 0xFDEF, 0xFEEF, 0xFEEF, 0xFEFF, 0xFEFF, 0xFEFF, 0xEFFF, 0xFFFF, 0x5FFF, 0x0000, 0x0000, 0x0000, 0x0000,
0x0000, 0x0000, 0x0000, 0x0000, 0x7CDE, 0xFCDE, 0xECDE, 0xFDDE, 0xFDEF, 0xFEFF, 0xFFFF, 0xEFFF, 0xEFFF, 0xEFFF, 0x1FFF, 0x0000,
0x0000, 0x0000, 0x0000, 0x0000, 0x0000, 0x0000, 0x0000, 0x0000, 0x0000, 0x0000, 0x0000, 0x0000, 0x8CDE, 0xFCDE, 0xECDE, 0xFCDE,
0xFDEF, 0xFEEF, 0xFFFF, 0xFFFF, 0xEFFF, 0xFFFF, 0xCFFF, 0x0FFF, 0x0000, 0x0000, 0x0000, 0x0000, 0x0000, 0x0000, 0x0000, 0x0000,
0x0000, 0x0000, 0x0000, 0x0000, 0x0000, 0x0000, 0x0000, 0x0000, 0x0000, 0x0000, 0x0000, 0x0000, 0x0000, 0x0000, 0x0000, 0x0000,
0x0000, 0x0000, 0x0000, 0x0000, 0x0000, 0x0000, 0x0000, 0x0000, 0x0000, 0x0000, 0x0000, 0x0000, 0x0000, 0x0000, 0x0000, 0x0000,
0x0000, 0x0000, 0x0000, 0x0EFF, 0xBEFF, 0xFEFF, 0xEEFF, 0xFEFF, 0xFEEF, 0xFEEF, 0xFEEF, 0xFEEF, 0xFEFF, 0xFEFF, 0xFEFF, 0xEEFF,
0xFEFF, 0x5EFF, 0x0000, 0x0000, 0x0000, 0x0000, 0x0000, 0x0000, 0x0000, 0x0000, 0x0000, 0x0000, 0x0000, 0x0000, 0x0000, 0x0000,
0x2DEF, 0xEDEF, 0xEDEF, 0xFDEF, 0xFDEF, 0xFEEF, 0xFEEF, 0xFEFF, 0xFEFF, 0xEFFF, 0xEFFF, 0xBFFF, 0x0000, 0x0000, 0x0000, 0x0000,
0x0000, 0x0000, 0x0000, 0x0000, 0xBCDE, 0xFCDE, 0xECDE, 0xFDEE, 0xFEEF, 0xFEFF, 0xFFFF, 0xEFFF, 0xFFFF, 0x9FFF, 0x0000, 0x0000,
0x0000, 0x0000, 0x0000, 0x0000, 0x0000, 0x0000, 0x0000, 0x0000, 0x0000, 0x0000, 0x0000, 0x2CDE, 0xECDE, 0xECDE, 0xECDE, 0xFDEE,
0xFDEF, 0xFEFF, 0xFFFF, 0xEFFF, 0xEFFF, 0xEFFF, 0x2FFF, 0x0000, 0x0000, 0x0000, 0x0000, 0x0000, 0x0000, 0x0000, 0x0000, 0x0000,
0x0000, 0x0000, 0x0000, 0x0000, 0x0000, 0x0000, 0x0000, 0x0000, 0x0000, 0x0000, 0x0000, 0x0000, 0x0000, 0x0000, 0x0000, 0x0000,
0x0000, 0x0000, 0x0000, 0x0000, 0x0000, 0x0000, 0x0000, 0x0000, 0x0000, 0x0000, 0x0000, 0x0000, 0x0000, 0x0000, 0x0000, 0x0000,
0x0000, 0x0000, 0x0000, 0x0000, 0x1EFF, 0xDEFF, 0xFEFF, 0xEEFF, 0xFEEF, 0xFEEF, 0xFEEF, 0xFEEF, 0xFEFF, 0xFEFF, 0xFEFF, 0xEEFF,
0xEEFF, 0xDEFF, 0x0EFF, 0x0000, 0x0000, 0x0000, 0x0000, 0x0000, 0x0000, 0x0000, 0x0000, 0x0000, 0x0000, 0x0000, 0x0000, 0x0000,
0x0000, 0xBDEE, 0xFDEF, 0xEDEF, 0xFDEF, 0xFEEF, 0xFEEF, 0xFEFF, 0xFEFF, 0xFEFF, 0xEFFF, 0xEFFF, 0x2FFF, 0x0000, 0x0000, 0x0000,
0x0000, 0x0000, 0x0000, 0x2CDE, 0xECDE, 0xECDE, 0xEDDE, 0xFDEF, 0xFEEF, 0xFFFF, 0xFFFF, 0xEFFF, 0xEFFF, 0x2FFF, 0x0000, 0x0000,
0x0000, 0x0000, 0x0000, 0x0000, 0x0000, 0x0000, 0x0000, 0x0000, 0x0000, 0x0000, 0x0000, 0xBCDE, 0xFCDE, 0xECDE, 0xFDDE, 0xFDEF,
0xFEFF, 0xFFFF, 0xFFFF, 0xEFFF, 0xFFFF, 0x8FFF, 0x0000, 0x0000, 0x0000, 0x0000, 0x0000, 0x0000, 0x0000, 0x0000, 0x0000, 0x0000,
0x0000, 0x0000, 0x0000, 0x0000, 0x0000, 0x0000, 0x0000, 0x0000, 0x0000, 0x0000, 0x0000, 0x0000, 0x0000, 0x0000, 0x0000, 0x0000,
0x0000, 0x0000, 0x0000, 0x0000, 0x0000, 0x0000, 0x0000, 0x0000, 0x0000, 0x0000, 0x0000, 0x0000, 0x0000, 0x0000, 0x0000, 0x0000,
0x0000, 0x0000, 0x0000, 0x0000, 0x0000, 0x2EFF, 0xEEFF, 0xEEFF, 0xEEEF, 0xFEEF, 0xFEEF, 0xFEEF, 0xFEEF, 0xFEFF, 0xFEFF, 0xFEFF,
0xEEFF, 0xFEFF, 0x7FFF, 0x0000, 0x0000, 0x0000, 0x0000, 0x0000, 0x0000, 0x0000, 0x0000, 0x0000, 0x0000, 0x0000, 0x0000, 0x0000,
0x0000, 0x5DEE, 0xFDEE, 0xEDEF, 0xFDEF, 0xFDEF, 0xFEEF, 0xFEFF, 0xFEFF, 0xFEFF, 0xEFFF, 0xFFFF, 0x8FFF, 0x0000, 0x0000, 0x0000,
0x0000, 0x0000, 0x0000, 0x6CDE, 0xFCDE, 0xECDE, 0xFDEE, 0xFDEF, 0xFEFF, 0xFFFF, 0xEFFF, 0xFFFF, 0xAFFF, 0x0000, 0x0000, 0x0000,
0x0000, 0x0000, 0x0000, 0x0000, 0x0000, 0x0000, 0x0000, 0x0000, 0x0000, 0x0000, 0x5CDE, 0xFCDE, 0xECDE, 0xFCDE, 0xFDEE, 0xFEEF,
0xFEFF, 0xFFFF, 0xEFFF, 0xEFFF, 0xDFFF, 0x0FFF, 0x0000, 0x0000, 0x0000, 0x0000, 0x0000, 0x0000, 0x0000, 0x0000, 0x0000, 0x0000,
0x0000, 0x0000, 0x0000, 0x0000, 0x0000, 0x2CDE, 0x5CDE, 0x7CDE, 0x8CDE, 0x9CDE, 0x9CDE, 0x8CDE, 0x6CDE, 0x5CDE, 0x3CDE, 0x1CDE,
0x0000, 0x0000, 0x0000, 0x0000, 0x0000, 0x0000, 0x0000, 0x0000, 0x0000, 0x0000, 0x0000, 0x0000, 0x0000, 0x0000, 0x0000, 0x0000,
0x0000, 0x0000, 0x0000, 0x0000, 0x0000, 0x0000, 0x6EFF, 0xFEEF, 0xEEEF, 0xFEEF, 0xFEEF, 0xFEEF, 0xFEEF, 0xFEEF, 0xFEFF, 0xFEFF,
0xEEFF, 0xEEFF, 0xDFFF, 0x0FFF, 0x0000, 0x0000, 0x0000, 0x0000, 0x0000, 0x0000, 0x0000, 0x0000, 0x0000, 0x0000, 0x0000, 0x0000,
0x0000, 0x1DEE, 0xEDEE, 0xFDEE, 0xEDEF, 0xFDEF, 0xFEEF, 0xFEEF, 0xFEFF, 0xFEFF, 0xEFFF, 0xFFFF, 0xDFFF, 0x0000, 0x0000, 0x0000,
0x0000, 0x0000, 0x0000, 0xBCDE, 0xFCDE, 0xECDE, 0xFDEE, 0xFEEF, 0xFEFF, 0xFFFF, 0xEFFF, 0xFFFF, 0x4FFF, 0x0000, 0x0000, 0x0000,
0x0000, 0x0000, 0x0000, 0x0000, 0x0000, 0x0000, 0x0000, 0x0000, 0x0000, 0x0CDE, 0xDCDE, 0xECDE, 0xECDE, 0xFDDE, 0xFDEF, 0xFEFF,
0xFFFF, 0xFFFF, 0xEFFF, 0xFFFF, 0x5FFF, 0x0000, 0x0000, 0x0000, 0x0000, 0x0000, 0x0000, 0x0000, 0x0000, 0x0000, 0x0000, 0x0000,
0x0000, 0x0000, 0x1CDE, 0x7CDE, 0xCCDE, 0xFCDE, 0xFCDE, 0xFCDE, 0xFCDE, 0xFCDE, 0xFCDE, 0xFCDE, 0xFCDE, 0xFCDE, 0xFCDE, 0xECDE,
0xCCDE, 0x9CDE, 0x5CDE, 0x1CDE, 0x0000, 0x0000, 0x0000, 0x0000, 0x0000, 0x0000, 0x0000, 0x0000, 0x0000, 0x0000, 0x0000, 0x0000,
0x0000, 0x0000, 0x0000, 0x0000, 0x0000, 0x0000, 0x0000, 0xAEEF, 0xFEEF, 0xEEEF, 0xFEEF, 0xFEEF, 0xFEEF, 0xFEEF, 0xFEFF, 0xFEFF,
0xFEFF, 0xEFFF, 0xFFFF, 0x5FFF, 0x0000, 0x0000, 0x0000, 0x0000, 0x0000, 0x0000, 0x0000, 0x0000, 0x0000, 0x0000, 0x0000, 0x0000,
0x0000, 0x0000, 0xBDEE, 0xFDEE, 0xEDEF, 0xFDEF, 0xFEEF, 0xFEEF, 0xFEFF, 0xFEFF, 0xFFFF, 0xEFFF, 0xFFFF, 0x3FFF, 0x0000, 0x0000,
0x0000, 0x0000, 0x1CDE, 0xECDE, 0xFCDE, 0xEDDE, 0xFDEF, 0xFEEF, 0xFFFF, 0xEFFF, 0xFFFF, 0xDFFF, 0x0FFF, 0x0000, 0x0000, 0x0000,
0x0000, 0x0000, 0x0000, 0x0000, 0x0000, 0x0000, 0x0000, 0x0000, 0x0000, 0x5CDE, 0xFCDE, 0xECDE, 0xFCDE, 0xFDEF, 0xFEEF, 0xFFFF,
0xFFFF, 0xEFFF, 0xFFFF, 0xAFFF, 0x0000, 0x0000, 0x0000, 0x0000, 0x0000, 0x0000, 0x0000, 0x0000, 0x0000, 0x0000, 0x0000, 0x0000,
0x0000, 0x5CDE, 0xDCDE, 0xFCDE, 0xFCDE, 0xFCDE, 0xECDE, 0xECDE, 0xECDE, 0xECDE, 0xECDE, 0xECDE, 0xECDE, 0xECDE, 0xECDE, 0xFCDE,
0xFCDE, 0xFCDE, 0xFCDE, 0xECDE, 0x9CDE, 0x3CDE, 0x0000, 0x0000, 0x0000, 0x0000, 0x0000, 0x0000, 0x0000, 0x0000, 0x0000, 0x0000,
0x0000, 0x0000, 0x0000, 0x0000, 0x0000, 0x0000, 0x0000, 0x1EEF, 0xDEEF, 0xEEEF, 0xEEEF, 0xFEEF, 0xFEEF, 0xFEEF, 0xFEFF, 0xFEFF,
0xFEFF, 0xEEFF, 0xEFFF, 0xBFFF, 0x0000, 0x0000, 0x0000, 0x0000, 0x0000, 0x0000, 0x0000, 0x0000, 0x0000, 0x0000, 0x0000, 0x0000,
0x0000, 0x0000, 0x7DEE, 0xFDEE, 0xEDEF, 0xFDEF, 0xFDEF, 0xFEEF, 0xFEFF, 0xFEFF, 0xFFFF, 0xEFFF, 0xFFFF, 0x7FFF, 0x0000, 0x0000,
0x0000, 0x0000, 0x6CDE, 0xFCDE, 0xECDE, 0xFDDE, 0xFDEF, 0xFEFF, 0xFFFF, 0xEFFF, 0xFFFF, 0x8FFF, 0x0000, 0x0000, 0x0000, 0x0000,
0x0000, 0x0000, 0x0000, 0x0000, 0x0000, 0x0000, 0x0000, 0x0000, 0x0000, 0xBCDE, 0xECDE, 0xECDE, 0xFDEE, 0xFDEF, 0xFEFF, 0xFFFF,
0xEFFF, 0xEFFF, 0xEFFF, 0x1FFF, 0x0000, 0x0000, 0x0000, 0x0000, 0x0000, 0x0000, 0x0000, 0x0000, 0x0000, 0x0000, 0x0000, 0x0000,
0x8CDE, 0xFCDE, 0xFCDE, 0xECDE, 0xECDE, 0xFCDE, 0xFCDE, 0xFDDE, 0xFDEE, 0xFDEE, 0xFDEE, 0xFDEE, 0xFDEE, 0xFDEE, 0xFDEE, 0xEDDE,
0xEDDE, 0xEDDE, 0xECDE, 0xFCDE, 0xFCDE, 0xFCDE, 0xBCDE, 0x4CDE, 0x0000, 0x0000, 0x0000, 0x0000, 0x0000, 0x0000, 0x0000, 0x0000,
0x0000, 0x0000, 0x0000, 0x0000, 0x0000, 0x0000, 0x0000, 0x0000, 0x4EEF, 0xFDEF, 0xEDEF, 0xFEEF, 0xFEEF, 0xFEEF, 0xFEEF, 0xFEFF,
0xFEFF, 0xFEFF, 0xEFFF, 0xEFFF, 0x2FFF, 0x0000, 0x0000, 0x0000, 0x0000, 0x0000, 0x0000, 0x0000, 0x0000, 0x0000, 0x0000, 0x0000,
0x0000, 0x0000, 0x3DEE, 0xFDEE, 0xEDEE, 0xFDEF, 0xFDEF, 0xFEEF, 0xFEEF, 0xFEFF, 0xFEFF, 0xEFFF, 0xFFFF, 0xAFFF, 0x0000, 0x0000,
0x0000, 0x0000, 0xACDE, 0xFCDE, 0xECDE, 0xFDEE, 0xFDEF, 0xFEFF, 0xFFFF, 0xEFFF, 0xFFFF, 0x4FFF, 0x0000, 0x0000, 0x0000, 0x0000,
0x0000, 0x0000, 0x0000, 0x0000, 0x0000, 0x0000, 0x0000, 0x0000, 0x2CDE, 0xECDE, 0xECDE, 0xFCDE, 0xFDEF, 0xFEEF, 0xFFFF, 0xFFFF,
0xEFFF, 0xFFFF, 0x7FFF, 0x0000, 0x0000, 0x0000, 0x0000, 0x0000, 0x0000, 0x0000, 0x0000, 0x0000, 0x0000, 0x0000, 0x0000, 0xACDE,
0xFCDE, 0xECDE, 0xECDE, 0xFCDE, 0xFDDE, 0xFDEE, 0xFDEF, 0xFDEF, 0xFDEF, 0xFDEF, 0xFDEF, 0xFDEF, 0xFDEF, 0xFDEF, 0xFDEF, 0xFDEF,
0xFDEF, 0xFDEF, 0xFDEE, 0xEDEE, 0xEDEE, 0xEDDE, 0xFDDE, 0xFDDE, 0xADDE, 0x2DEE, 0x0000, 0x0000, 0x0000, 0x0000, 0x0000, 0x0000,
0x0000, 0x0000, 0x0000, 0x0000, 0x0000, 0x0000, 0x0000, 0x0000, 0x0000, 0xADEF, 0xFDEF, 0xEDEF, 0xFEEF, 0xFEEF, 0xFEEF, 0xFEFF,
0xFEFF, 0xFEFF, 0xEFFF, 0xFFFF, 0x8FFF, 0x0000, 0x0000, 0x0000, 0x0000, 0x0000, 0x0000, 0x0000, 0x0000, 0x0000, 0x0000, 0x0000,
0x0000, 0x0000, 0x0DEE, 0xDDEE, 0xFDEE, 0xEDEF, 0xFDEF, 0xFEEF, 0xFEEF, 0xFEFF, 0xFEFF, 0xEFFF, 0xFFFF, 0xCFFF, 0x0000, 0x0000,
0x0000, 0x1CDE, 0xECDE, 0xFCDE, 0xECDE, 0xFDEF, 0xFEEF, 0xFEFF, 0xEFFF, 0xFFFF, 0xEFFF, 0x2FFF, 0x0000, 0x0000, 0x0000, 0x0000,
0x0000, 0x0000, 0x0000, 0x0000, 0x0000, 0x0000, 0x0000, 0x0000, 0x9CDE, 0xFCDE, 0xECDE, 0xFDDE, 0xFDEF, 0xFEFF, 0xFFFF, 0xEFFF,
0xEFFF, 0xDFFF, 0x0FFF, 0x0000, 0x0000, 0x0000, 0x0000, 0x0000, 0x0000, 0x0000, 0x0000, 0x0000, 0x0000, 0x0000, 0xACDE, 0xFCDE,
0xECDE, 0xFCDE, 0xFCDE, 0xFDEE, 0xFDEF, 0xFDEF, 0xFEEF, 0xFEFF, 0xFEFF, 0xFEFF, 0xFEFF, 0xFEFF, 0xFEFF, 0xFEEF, 0xFEEF, 0xFEEF,
0xFDEF, 0xFDEF, 0xFDEF, 0xFDEF, 0xFDEF, 0xFDEE, 0xEDEE, 0xEDEE, 0xFDEE, 0xEDEE, 0x6DEE, 0x0000, 0x0000, 0x0000, 0x0000, 0x0000,
0x0000, 0x0000, 0x0000, 0x0000, 0x0000, 0x0000, 0x0000, 0x0000, 0x0000, 0x2DEF, 0xEDEF, 0xEDEF, 0xEDEF, 0xFEEF, 0xFEEF, 0xFEEF,
0xFEFF, 0xFEFF, 0xEFFF, 0xFFFF, 0xDFFF, 0x0FFF, 0x0000, 0x0000, 0x0000, 0x0000, 0x0000, 0x0000, 0x0000, 0x0000, 0x0000, 0x0000,
0x0000, 0x0000, 0x0000, 0xADEE, 0xFDEE, 0xEDEF, 0xFDEF, 0xFEEF, 0xFEEF, 0xFEFF, 0xFEFF, 0xEFFF, 0xFFFF, 0xEFFF, 0x1FFF, 0x0000,
0x0000, 0x4CDE, 0xFCDE, 0xECDE, 0xFDDE, 0xFDEF, 0xFEFF, 0xFFFF, 0xEFFF, 0xFFFF, 0xDFFF, 0x0000, 0x0000, 0x0000, 0x0000, 0x0000,
0x0000, 0x0000, 0x0000, 0x0000, 0x0000, 0x0000, 0x0000, 0x1CDE, 0xECDE, 0xFCDE, 0xECDE, 0xFDEE, 0xFEEF, 0xFFFF, 0xFFFF, 0xEFFF,
0xFFFF, 0x6FFF, 0x0000, 0x0000, 0x0000, 0x0000, 0x0000, 0x0000, 0x0000, 0x0000, 0x0000, 0x0000, 0x0000, 0x9CDE, 0xFCDE, 0xECDE,
0xFCDE, 0xFDDE, 0xFDEF, 0xFDEF, 0xFEEF, 0xFEFF, 0xFFFF, 0xFFFF, 0xFFFF, 0xFFFF, 0xFFFF, 0xFFFF, 0xFFFF, 0xFFFF, 0xFEFF, 0xFEFF,
0xFEFF, 0xFEEF, 0xFEEF, 0xFEEF, 0xFDEF, 0xFDEF, 0xFDEF, 0xFDEF, 0xEDEF, 0xFDEE, 0xFDEF, 0x9DEF, 0x0000, 0x0000, 0x0000, 0x0000,
0x0000, 0x0000, 0x0000, 0x0000, 0x0000, 0x0000, 0x0000, 0x0000, 0x0000, 0x0000, 0x9DEF, 0xFDEF, 0xEDEF, 0xFDEF, 0xFEEF, 0xFEEF,
0xFEFF, 0xFEFF, 0xFEFF, 0xEFFF, 0xFFFF, 0x4FFF, 0x0000, 0x0000, 0x0000, 0x0000, 0x0000, 0x0000, 0x0000, 0x0000, 0x0000, 0x0000,
0x0000, 0x0000, 0x0000, 0x6DEE, 0xFDEE, 0xEDEF, 0xFDEF, 0xFDEF, 0xFEEF, 0xFEFF, 0xFEFF, 0xFFFF, 0xEFFF, 0xFFFF, 0x3FFF, 0x0000,
0x0000, 0x6CDE, 0xFCDE, 0xECDE, 0xFDEE, 0xFDEF, 0xFEFF, 0xFFFF, 0xEFFF, 0xFFFF, 0xAFFF, 0x0000, 0x0000, 0x0000, 0x0000, 0x0000,
0x0000, 0x0000, 0x0000, 0x0000, 0x0000, 0x0000, 0x0000, 0x5CDE, 0xFCDE, 0xECDE, 0xFDDE, 0xFDEF, 0xFEFF, 0xFFFF, 0xEFFF, 0xFFFF,
0xDFFF, 0x0FFF, 0x0000, 0x0000, 0x0000, 0x0000, 0x0000, 0x0000, 0x0000, 0x0000, 0x0000, 0x0000, 0x8CDE, 0xFCDE, 0xECDE, 0xFCDE,
0xFDDE, 0xFDEF, 0xFEEF, 0xFEFF, 0xFFFF, 0xFFFF, 0xFFFF, 0xEFFF, 0xEFFF, 0xEFFF, 0xEFFF, 0xEFFF, 0xEFFF, 0xEFFF, 0xFFFF, 0xFFFF,
0xFFFF, 0xFEFF, 0xFEFF, 0xFEFF, 0xFEEF, 0xFEEF, 0xFDEF, 0xFDEF, 0xFDEF, 0xEDEF, 0xEDEF, 0xFDEF, 0x9DEF, 0x0000, 0x0000, 0x0000,
0x0000, 0x0000, 0x0000, 0x0000, 0x0000, 0x0000, 0x0000, 0x0000, 0x0000, 0x0000, 0x2DEF, 0xEDEF, 0xEDEF, 0xEDEF, 0xFDEF, 0xFEEF,
0xFEFF, 0xFEFF, 0xFEFF, 0xEFFF, 0xEFFF, 0x9FFF, 0x0000, 0x0000, 0x0000, 0x0000, 0x0000, 0x0000, 0x0000, 0x0000, 0x0000, 0x0000,
0x0000, 0x0000, 0x0000, 0x2DEE, 0xEDEE, 0xEDEE, 0xFDEF, 0xFDEF, 0xFEEF, 0xFEFF, 0xFEFF, 0xFFFF, 0xEFFF, 0xFFFF, 0x5FFF, 0x0000,
0x0000, 0x8CDE, 0xFCDE, 0xECDE, 0xFDEE, 0xFDEF, 0xFEFF, 0xFFFF, 0xEFFF, 0xFFFF, 0x8FFF, 0x0000, 0x0000, 0x0000, 0x0000, 0x0000,
0x0000, 0x0000, 0x0000, 0x0000, 0x0000, 0x0000, 0x0000, 0x8CDE, 0xECDE, 0xECDE, 0xFDEE, 0xFDEF, 0xFEFF, 0xFFFF, 0xEFFF, 0xFFFF,
0x7FFF, 0x0000, 0x0000, 0x0000, 0x0000, 0x0000, 0x0000, 0x0000, 0x0000, 0x0000, 0x0000, 0x3CDE, 0xFCDE, 0xECDE, 0xECDE, 0xFDDE,
0xFDEF, 0xFEEF, 0xFEFF, 0xFFFF, 0xFFFF, 0xEFFF, 0xEFFF, 0xFFFF, 0xFFFF, 0xFFFF, 0xFFFF, 0xFFFF, 0xFFFF, 0xFFFF, 0xEFFF, 0xEFFF,
0xEFFF, 0xFFFF, 0xFFFF, 0xFEFF, 0xFEFF, 0xFEFF, 0xFEEF, 0xFEEF, 0xFDEF, 0xFDEF, 0xFDEF, 0xEDEF, 0xFDEF, 0x8DEF, 0x0000, 0x0000,
0x0000, 0x0000, 0x0000, 0x0000, 0x0000, 0x0000, 0x0000, 0x0000, 0x0000, 0x0000, 0x0000, 0xADEE, 0xFDEF, 0xEDEF, 0xFDEF, 0xFEEF,
0xFEEF, 0xFEFF, 0xFEFF, 0xEFFF, 0xFFFF, 0xCFFF, 0x0000, 0x0000, 0x0000, 0x0000, 0x0000, 0x0000, 0x0000, 0x0000, 0x0000, 0x0000,
0x0000, 0x0000, 0x0000, 0x0000, 0xBDEE, 0xFDEE, 0xEDEF, 0xFDEF, 0xFEEF, 0xFEEF, 0xFEFF, 0xFFFF, 0xEFFF, 0xFFFF, 0x8FFF, 0x0000,
0x0000, 0xBCDE, 0xFCDE, 0xEDDE, 0xFDEF, 0xFEEF, 0xFEFF, 0xFFFF, 0xEFFF, 0xFFFF, 0x5FFF, 0x0000, 0x0000, 0x0000, 0x0000, 0x0000,
0x0000, 0x0000, 0x0000, 0x0000, 0x0000, 0x0000, 0x0000, 0xCCDE, 0xFCDE, 0xECDE, 0xFDEF, 0xFEEF, 0xFFFF, 0xEFFF, 0xEFFF, 0xEFFF,
0x2FFF, 0x0000, 0x0000, 0x0000, 0x0000, 0x0000, 0x0000, 0x0000, 0x0000, 0x0000, 0x0000, 0xBCDE, 0xFCDE, 0xECDE, 0xFCDE, 0xFDEF,
0xFEEF, 0xFEFF, 0xFFFF, 0xFFFF, 0xEFFF, 0xFFFF, 0xFFFF, 0xDFFF, 0x9FFF, 0x7FFF, 0x7FFF, 0x9FFF, 0xCFFF, 0xEFFF, 0xFFFF, 0xFFFF,
0xFFFF, 0xEFFF, 0xEFFF, 0xFFFF, 0xFEFF, 0xFEFF, 0xFEFF, 0xFEEF, 0xFEEF, 0xFEEF, 0xFEEF, 0xFEEF, 0xEDEF, 0xFEEF, 0x6EEF, 0x0000,
0x0000, 0x0000, 0x0000, 0x0000, 0x0000, 0x0000, 0x0000, 0x0000, 0x0000, 0x0000, 0x0000, 0x4DEE, 0xFDEE, 0xEDEF, 0xFDEF, 0xFDEF,
0xFEEF, 0xFEFF, 0xFEFF, 0xEFFF, 0xFFFF, 0xEFFF, 0x1FFF, 0x0000, 0x0000, 0x0000, 0x0000, 0x0000, 0x0000, 0x0000, 0x0000, 0x0000,
0x0000, 0x0000, 0x0000, 0x0000, 0x5DEE, 0xFDEE, 0xEDEF, 0xFDEF, 0xFDEF, 0xFEEF, 0xFEFF, 0xFEFF, 0xEFFF, 0xFFFF, 0xBEFF, 0x0000,
0x1CDE, 0xDCDE, 0xFCDE, 0xEDDE, 0xFDEF, 0xFEEF, 0xFEFF, 0xFFFF, 0xEFFF, 0xFFFF, 0x3FFF, 0x0000, 0x0000, 0x0000, 0x0000, 0x0000,
0x0000, 0x0000, 0x0000, 0x0000, 0x0000, 0x0000, 0x1CDE, 0xECDE, 0xFCDE, 0xEDDE, 0xFDEF, 0xFEFF, 0xFFFF, 0xEFFF, 0xFFFF, 0xBFFF,
0x0000, 0x0000, 0x0000, 0x0000, 0x0000, 0x0000, 0x0000, 0x0000, 0x0000, 0x0000, 0x4CDE, 0xFCDE, 0xECDE, 0xFCDE, 0xFDEE, 0xFDEF,
0xFEFF, 0xFFFF, 0xFFFF, 0xEFFF, 0xFFFF, 0xDFFF, 0x5FFF, 0x0FFF, 0x0000, 0x0000, 0x0000, 0x0000, 0x0000, 0x1FFF, 0x4FFF, 0x8FFF,
0xDFFF, 0xFFFF, 0xFFFF, 0xEFFF, 0xFFFF, 0xFEFF, 0xFEFF, 0xFEFF, 0xFEEF, 0xFEEF, 0xFEEF, 0xFEEF, 0xEEEF, 0xEEEF, 0xEEFF, 0x2EFF,
0x0000, 0x0000, 0x0000, 0x0000, 0x0000, 0x0000, 0x0000, 0x0000, 0x0000, 0x0000, 0x0000, 0x0DEE, 0xEDEE, 0xFDEE, 0xEDEF, 0xFDEF,
0xFEEF, 0xFEFF, 0xFEFF, 0xFFFF, 0xEFFF, 0xFFFF, 0x4FFF, 0x0000, 0x0000, 0x0000, 0x0000, 0x0000, 0x0000, 0x0000, 0x0000, 0x0000,
0x0000, 0x0000, 0x0000, 0x0000, 0x1DEE, 0xEDEE, 0xFDEE, 0xEDEF, 0xFDEF, 0xFEEF, 0xFEFF, 0xFEFF, 0xEFFF, 0xFFFF, 0xDEFF, 0x0DEF,
0x4CDE, 0xFCDE, 0xECDE, 0xFDEE, 0xFDEF, 0xFEEF, 0xFFFF, 0xEFFF, 0xFFFF, 0xEFFF, 0x1FFF, 0x0000, 0x0000, 0x0000, 0x0000, 0x0000,
0x0000, 0x0000, 0x0000, 0x0000, 0x0000, 0x0000, 0x3CDE, 0xFCDE, 0xECDE, 0xFDEE, 0xFDEF, 0xFEFF, 0xFFFF, 0xEFFF, 0xFFFF, 0x6FFF,
0x0000, 0x0000, 0x0000, 0x0000, 0x0000, 0x0000, 0x0000, 0x0000, 0x0000, 0x0000, 0xBCDE, 0xECDE, 0xECDE, 0xFDDE, 0xFDEF, 0xFEFF,
0xFFFF, 0xFFFF, 0xEFFF, 0xFFFF, 0xBFFF, 0x1FFF, 0x0000, 0x0000, 0x0000, 0x0000, 0x0000, 0x0000, 0x0000, 0x0000, 0x0000, 0x0000,
0x0FFF, 0x5FFF, 0xCFFF, 0xFFFF, 0xEFFF, 0xEFFF, 0xFEFF, 0xFEFF, 0xFEFF, 0xFEEF, 0xFEEF, 0xFEEF, 0xFEEF, 0xEEFF, 0xFEFF, 0xBEFF,
0x0000, 0x0000, 0x0000, 0x0000, 0x0000, 0x0000, 0x0000, 0x0000, 0x0000, 0x0000, 0x0000, 0x0000, 0xADEE, 0xFDEE, 0xEDEF, 0xFDEF,
0xFEEF, 0xFEEF, 0xFEFF, 0xFFFF, 0xEFFF, 0xFFFF, 0x8FFF, 0x0000, 0x0000, 0x0000, 0x0000, 0x0000, 0x0000, 0x0000, 0x0000, 0x0000,
0x0000, 0x0000, 0x0000, 0x0000, 0x0000, 0xBDDE, 0xFDEE, 0xEDEF, 0xFDEF, 0xFEEF, 0xFEFF, 0xFEFF, 0xFEFF, 0xFEFF, 0xEEEF, 0x3DEF,
0x7DDE, 0xFCDE, 0xEDDE, 0xFDEE, 0xFDEF, 0xFEFF, 0xFFFF, 0xEFFF, 0xFFFF, 0xDFFF, 0x0FFF, 0x0000, 0x0000, 0x0000, 0x0000, 0x0000,
0x0000, 0x0000, 0x0000, 0x0000, 0x0000, 0x0000, 0x5CDE, 0xFCDE, 0xECDE, 0xFDEE, 0xFDEF, 0xFEFF, 0xFFFF, 0xEFFF, 0xEFFF, 0x2FFF,
0x0000, 0x0000, 0x0000, 0x0000, 0x0000, 0x0000, 0x0000, 0x0000, 0x0000, 0x2CDE, 0xECDE, 0xECDE, 0xFCDE, 0xFDEF, 0xFEEF, 0xFEFF,
0xFFFF, 0xEFFF, 0xFFFF, 0xCFFF, 0x1FFF, 0x0000, 0x0000, 0x0000, 0x0000, 0x0000, 0x0000, 0x0000, 0x0000, 0x0000, 0x0000, 0x0000,
0x0000, 0x0000, 0x0FFF, 0x8FFF, 0xFFFF, 0xFFFF, 0xEEFF, 0xFEFF, 0xFEFF, 0xFEFF, 0xFEEF, 0xFEEF, 0xFEFF, 0xFEFF, 0xEEFF, 0xFEFF,
0x5EFF, 0x0000, 0x0000, 0x0000, 0x0000, 0x0000, 0x0000, 0x0000, 0x0000, 0x0000, 0x0000, 0x0000, 0x6DDE, 0xFDEE, 0xEDEE, 0xFDEF,
0xFDEF, 0xFEEF, 0xFEFF, 0xFEFF, 0xEFFF, 0xFFFF, 0xBFFF, 0x0000, 0x0000, 0x0000, 0x0000, 0x0000, 0x0000, 0x0000, 0x0000, 0x0000,
0x0000, 0x0000, 0x0000, 0x0000, 0x0000, 0x8DDE, 0xFDEE, 0xEDEE, 0xFDEF, 0xFDEF, 0xFEEF, 0xFEFF, 0xFEFF, 0xEEFF, 0xFEEF, 0x6DEF,
0xADEE, 0xFDDE, 0xEDEE, 0xFDEF, 0xFDEF, 0xFEFF, 0xFFFF, 0xEFFF, 0xFFFF, 0xCFFF, 0x0000, 0x0000, 0x0000, 0x0000, 0x0000, 0x0000,
0x0000, 0x0000, 0x0000, 0x0000, 0x0000, 0x0000, 0x7CDE, 0xFCDE, 0xECDE, 0xFDEE, 0xFEEF, 0xFFFF, 0xEFFF, 0xFFFF, 0xDFFF, 0x0000,
0x0000, 0x0000, 0x0000, 0x0000, 0x0000, 0x0000, 0x0000, 0x0000, 0x0000, 0x7CDE, 0xFCDE, 0xECDE, 0xFDDE, 0xFDEF, 0xFEFF, 0xFFFF,
0xEFFF, 0xEFFF, 0xEFFF, 0x3FFF, 0x0000, 0x0000, 0x0000, 0x0000, 0x0000, 0x0000, 0x0000, 0x0000, 0x0000, 0x0000, 0x0000, 0x0000,
0x0000, 0x0000, 0x0000, 0x0000, 0x4FFF, 0xDFFF, 0xFFFF, 0xEEFF, 0xFEFF, 0xFEEF, 0xFEEF, 0xFEEF, 0xFEFF, 0xFEFF, 0xEEFF, 0xEEFF,
0xCFFF, 0x0000, 0x0000, 0x0000, 0x0000, 0x0000, 0x0000, 0x0000, 0x0000, 0x0000, 0x0000, 0x0000, 0x3DDE, 0xFDEE, 0xEDEE, 0xFDEF,
0xFDEF, 0xFEEF, 0xFEFF, 0xFEFF, 0xEFFF, 0xFFFF, 0xEFFF, 0x1FFF, 0x0000, 0x0000, 0x0000, 0x0000, 0x0000, 0x0000, 0x0000, 0x0000,
0x0000, 0x0000, 0x0000, 0x0000, 0x0000, 0x5DDE, 0xFDDE, 0xEDEE, 0xFDEF, 0xFDEF, 0xFEEF, 0xFEFF, 0xFEFF, 0xEEFF, 0xFDEF, 0x9DEF,
0xBDEE, 0xFDEE, 0xEDEF, 0xFDEF, 0xFEEF, 0xFEFF, 0xFFFF, 0xEFFF, 0xFFFF, 0xBFFF, 0x0000, 0x0000, 0x0000, 0x0000, 0x0000, 0x0000,
0x0000, 0x0000, 0x0000, 0x0000, 0x0000, 0x0000, 0x9CDE, 0xFCDE, 0xECDE, 0xFDEF, 0xFEEF, 0xFFFF, 0xEFFF, 0xFFFF, 0xAFFF, 0x0000,
0x0000, 0x0000, 0x0000, 0x0000, 0x0000, 0x0000, 0x0000, 0x0000, 0x0000, 0xACDE, 0xFCDE, 0xECDE, 0xFDEE, 0xFEEF, 0xFEFF, 0xFFFF,
0xEFFF, 0xFFFF, 0x8FFF, 0x0000, 0x0000, 0x0000, 0x0000, 0x0000, 0x0000, 0x0000, 0x0000, 0x0000, 0x0000, 0x0000, 0x0000, 0x0000,
0x0000, 0x0000, 0x0000, 0x0000, 0x0000, 0x2FFF, 0xDEFF, 0xFEFF, 0xEEFF, 0xFEEF, 0xFEEF, 0xFEEF, 0xFEFF, 0xFEFF, 0xFEFF, 0xEFFF,
0xFFFF, 0x3FFF, 0x0000, 0x0000, 0x0000, 0x0000, 0x0000, 0x0000, 0x0000, 0x0000, 0x0000, 0x0000, 0x0DEE, 0xDDDE, 0xFDEE, 0xEDEF,
0xFDEF, 0xFEEF, 0xFEFF, 0xFEFF, 0xFFFF, 0xEFFF, 0xFFFF, 0x3FFF, 0x0000, 0x0000, 0x0000, 0x0000, 0x0000, 0x0000, 0x0000, 0x0000,
0x0000, 0x0000, 0x0000, 0x0000, 0x0000, 0x2DDE, 0xEDDE, 0xFDEE, 0xFDEF, 0xFDEF, 0xFEEF, 0xFEEF, 0xFEFF, 0xEEEF, 0xFDEF, 0xCDEF,
0xCDEF, 0xFDEF, 0xEDEF, 0xFDEF, 0xFEEF, 0xFEFF, 0xFFFF, 0xEFFF, 0xFFFF, 0xBFFF, 0x0000, 0x0000, 0x0000, 0x0000, 0x0000, 0x0000,
0x0000, 0x0000, 0x0000, 0x0000, 0x0000, 0x0000, 0xACDE, 0xFCDE, 0xEDDE, 0xFDEF, 0xFEFF, 0xFFFF, 0xEFFF, 0xFFFF, 0x8FFF, 0x0000,
0x0000, 0x0000, 0x0000, 0x0000, 0x0000, 0x0000, 0x0000, 0x0000, 0x0000, 0xDCDE, 0xFCDE, 0xEDDE, 0xFDEF, 0xFEEF, 0xFFFF, 0xEFFF,
0xFFFF, 0xDFFF, 0x0FFF, 0x0000, 0x0000, 0x0000, 0x0000, 0x0000, 0x0000, 0x0000, 0x0000, 0x0000, 0x0000, 0x0000, 0x0000, 0x0000,
0x0000, 0x0000, 0x0000, 0x0000, 0x0000, 0x0000, 0x2EFF, 0xDEFF, 0xEEEF, 0xEEEF, 0xFEEF, 0xFEEF, 0xFEEF, 0xFEFF, 0xFEFF, 0xEFFF,
0xEFFF, 0x9FFF, 0x0000, 0x0000, 0x0000, 0x0000, 0x0000, 0x0000, 0x0000, 0x0000, 0x0000, 0x0000, 0x0000, 0xADDE, 0xFDEE, 0xEDEF,
0xFDEF, 0xFEEF, 0xFEFF, 0xFEFF, 0xFFFF, 0xEFFF, 0xFFFF, 0x5FFF, 0x0000, 0x0000, 0x0000, 0x0000, 0x0000, 0x0000, 0x0000, 0x0000,
0x0000, 0x0000, 0x0000, 0x0000, 0x0000, 0x0DDE, 0xDDDE, 0xFDEE, 0xEDEF, 0xFDEF, 0xFEEF, 0xFEEF, 0xFEFF, 0xFEEF, 0xFEEF, 0xEDEF,
0xDDEF, 0xFDEF, 0xEDEF, 0xFEEF, 0xFEEF, 0xFEFF, 0xFFFF, 0xEFFF, 0xFFFF, 0xBFFF, 0x0000, 0x0000, 0x0000, 0x0000, 0x0000, 0x0000,
0x0000, 0x0000, 0x0000, 0x0000, 0x0000, 0x0000, 0xCCDE, 0xFCDE, 0xEDDE, 0xFDEF, 0xFEFF, 0xFFFF, 0xEFFF, 0xFFFF, 0x6FFF, 0x0000,
0x0000, 0x0000, 0x0000, 0x0000, 0x0000, 0x0000, 0x0000, 0x0000, 0x2CDE, 0xECDE, 0xECDE, 0xFDDE, 0xFDEF, 0xFEFF, 0xFFFF, 0xEFFF,
0xFFFF, 0x7FFF, 0x0000, 0x0000, 0x0000, 0x0000, 0x0000, 0x0000, 0x0000, 0x0000, 0x0000, 0x0000, 0x0000, 0x0000, 0x0000, 0x0000,
0x0000, 0x0000, 0x0000, 0x0000, 0x0000, 0x0000, 0x0000, 0x4EEF, 0xFEEF, 0xEDEF, 0xFDEF, 0xFEEF, 0xFEEF, 0xFEFF, 0xFEFF, 0xEFFF,
0xFFFF, 0xDFFF, 0x0FFF, 0x0000, 0x0000, 0x0000, 0x0000, 0x0000, 0x0000, 0x0000, 0x0000, 0x0000, 0x0000, 0x6DDE, 0xFDDE, 0xEDEE,
0xFDEF, 0xFDEF, 0xFEEF, 0xFEFF, 0xFFFF, 0xEFFF, 0xFFFF, 0x7FFF, 0x0000, 0x0000, 0x0000, 0x0000, 0x0000, 0x0000, 0x0000, 0x0000,
0x0000, 0x0000, 0x0000, 0x0000, 0x0000, 0x0000, 0xADEE, 0xFDEE, 0xEDEF, 0xFDEF, 0xFEEF, 0xFEFF, 0xFEFF, 0xFEFF, 0xFEFF, 0xFEFF,
0xDDEF, 0xFDEF, 0xEDEF, 0xFEEF, 0xFEEF, 0xFEFF, 0xFFFF, 0xEFFF, 0xFFFF, 0xBFFF, 0x0000, 0x0000, 0x0000, 0x0000, 0x0000, 0x0000,
0x0000, 0x0000, 0x0000, 0x0000, 0x0000, 0x0000, 0xCCDE, 0xFCDE, 0xEDDE, 0xFDEF, 0xFEFF, 0xFFFF, 0xEFFF, 0xFFFF, 0x5FFF, 0x0000,
0x0000, 0x0000, 0x0000, 0x0000, 0x0000, 0x0000, 0x0000, 0x0000, 0x5CDE, 0xFCDE, 0xECDE, 0xFDEE, 0xFDEF, 0xFEFF, 0xFFFF, 0xEFFF,
0xFFFF, 0x3FFF, 0x0000, 0x0000, 0x0000, 0x0000, 0x0000, 0x0000, 0x0000, 0x0000, 0x0000, 0x0000, 0x0000, 0x0000, 0x0000, 0x0000,
0x0000, 0x0000, 0x0000, 0x0000, 0x0000, 0x0000, 0x0000, 0x0000, 0xADEF, 0xFDEF, 0xEDEF, 0xFDEF, 0xFEEF, 0xFEFF, 0xFEFF, 0xFEFF,
0xEFFF, 0xFFFF, 0x4FFF, 0x0000, 0x0000, 0x0000, 0x0000, 0x0000, 0x0000, 0x0000, 0x0000, 0x0000, 0x0000, 0x3DDE, 0xFDDE, 0xEDEE,
0xFDEF, 0xFDEF, 0xFEEF, 0xFEFF, 0xFFFF, 0xEFFF, 0xFFFF, 0xAFFF, 0x0000, 0x0000, 0x0000, 0x0000, 0x0000, 0x0000, 0x0000, 0x0000,
0x0000, 0x0000, 0x0000, 0x0000, 0x0000, 0x0000, 0x7DEE, 0xFDEF, 0xEDEF, 0xFEEF, 0xFEFF, 0xFEFF, 0xFEFF, 0xFFFF, 0xFFFF, 0xEFFF,
0xDEEF, 0xFEEF, 0xEEEF, 0xFEEF, 0xFEEF, 0xFEFF, 0xFFFF, 0xEFFF, 0xFFFF, 0xBFFF, 0x0000, 0x0000, 0x0000, 0x0000, 0x0000, 0x0000,
0x0000, 0x0000, 0x0000, 0x0000, 0x0000, 0x0CDE, 0xDCDE, 0xFCDE, 0xEDEE, 0xFDEF, 0xFEFF, 0xFFFF, 0xEFFF, 0xFFFF, 0x4FFF, 0x0000,
0x0000, 0x0000, 0x0000, 0x0000, 0x0000, 0x0000, 0x0000, 0x0000, 0x7CDE, 0xFCDE, 0xECDE, 0xFDEE, 0xFDEF, 0xFEFF, 0xEFFF, 0xFFFF,
0xEFFF, 0x1FFF, 0x0000, 0x0000, 0x0000, 0x0000, 0x0000, 0x0000, 0x0000, 0x0000, 0x0000, 0x0000, 0x0000, 0x0000, 0x0000, 0x0000,
0x0000, 0x0000, 0x0000, 0x0000, 0x0000, 0x0000, 0x0000, 0x0000, 0x3DEF, 0xFDEF, 0xEDEF, 0xFDEF, 0xFEEF, 0xFEEF, 0xFEFF, 0xFEFF,
0xEFFF, 0xEFFF, 0x9FFF, 0x0000, 0x0000, 0x0000, 0x0000, 0x0000, 0x0000, 0x0000, 0x0000, 0x0000, 0x0000, 0x0DDE, 0xDDDE, 0xFDEE,
0xEDEF, 0xFDEF, 0xFEEF, 0xFEFF, 0xFEFF, 0xEFFF, 0xFFFF, 0xCFFF, 0x0000, 0x0000, 0x0000, 0x0000, 0x0000, 0x0000, 0x0000, 0x0000,
0x0000, 0x0000, 0x0000, 0x0000, 0x0000, 0x0000, 0x2DEF, 0xEDEF, 0xEDEF, 0xFEFF, 0xFEFF, 0xFFFF, 0xFFFF, 0xEFFF, 0xFFFF, 0xDFFF,
0xDEEF, 0xFEEF, 0xEEEF, 0xFEEF, 0xFEEF, 0xFEFF, 0xFFFF, 0xEFFF, 0xFFFF, 0xBFFF, 0x0000, 0x0000, 0x0000, 0x0000, 0x0000, 0x0000,
0x0000, 0x0000, 0x0000, 0x0000, 0x0000, 0x1CDE, 0xECDE, 0xFCDE, 0xEDEE, 0xFDEF, 0xFEFF, 0xFFFF, 0xEFFF, 0xFFFF, 0x4FFF, 0x0000,
0x0000, 0x0000, 0x0000, 0x0000, 0x0000, 0x0000, 0x0000, 0x0000, 0x7CDE, 0xFCDE, 0xEDDE, 0xFDEE, 0xFDEF, 0xFEFF, 0xEFFF, 0xFFFF,
0xDFFF, 0x0FFF, 0x0000, 0x0000, 0x0000, 0x0000, 0x0000, 0x0000, 0x0000, 0x0000, 0x0000, 0x0000, 0x0000, 0x0000, 0x0000, 0x0000,
0x0000, 0x0000, 0x0000, 0x0000, 0x0000, 0x0000, 0x0000, 0x0000, 0x0000, 0xCDEE, 0xFDEF, 0xEDEF, 0xFDEF, 0xFEEF, 0xFEFF, 0xFEFF,
0xEFFF, 0xFFFF, 0xCFFF, 0x0000, 0x0000, 0x0000, 0x0000, 0x0000, 0x0000, 0x0000, 0x0000, 0x0000, 0x0000, 0x0000, 0xADDE, 0xFDEE,
0xEDEE, 0xFDEF, 0xFEEF, 0xFEFF, 0xFEFF, 0xEFFF, 0xFFFF, 0xEFFF, 0x1FFF, 0x0000, 0x0000, 0x0000, 0x0000, 0x0000, 0x0000, 0x0000,
0x0000, 0x0000, 0x0000, 0x0000, 0x0000, 0x0000, 0x0000, 0xAEEF, 0xFEFF, 0xEEFF, 0xFFFF, 0xFFFF, 0xFFFF, 0xEFFF, 0xEFFF, 0xBFFF,
0xDEEF, 0xFEEF, 0xEEEF, 0xFEEF, 0xFEFF, 0xFEFF, 0xFFFF, 0xEFFF, 0xFFFF, 0xBFFF, 0x0000, 0x0000, 0x0000, 0x0000, 0x0000, 0x0000,
0x0000, 0x0000, 0x0000, 0x0000, 0x0000, 0x1CDE, 0xECDE, 0xFCDE, 0xEDEE, 0xFDEF, 0xFEFF, 0xFFFF, 0xEFFF, 0xFFFF, 0x4FFF, 0x0000,
0x0000, 0x0000, 0x0000, 0x0000, 0x0000, 0x0000, 0x0000, 0x0000, 0x7CDE, 0xFCDE, 0xEDDE, 0xFDEF, 0xFEEF, 0xFEFF, 0xEFFF, 0xFFFF,
0xEFFF, 0x1FFF, 0x0000, 0x0000, 0x0000, 0x0000, 0x0000, 0x0000, 0x0000, 0x0000, 0x0000, 0x0000, 0x0000, 0x0000, 0x0000, 0x0000,
0x0000, 0x0000, 0x0000, 0x0000, 0x0000, 0x0000, 0x0000, 0x0000, 0x0000, 0x7DEE, 0xFDEE, 0xEDEF, 0xFDEF, 0xFEEF, 0xFEFF, 0xFEFF,
0xFFFF, 0xEFFF, 0xEFFF, 0x2FFF, 0x0000, 0x0000, 0x0000, 0x0000, 0x0000, 0x0000, 0x0000, 0x0000, 0x0000, 0x0000, 0x7DDE, 0xFDDE,
0xEDEE, 0xFDEF, 0xFEEF, 0xFEFF, 0xFEFF, 0xFFFF, 0xEFFF, 0xFFFF, 0x3FFF, 0x0000, 0x0000, 0x0000, 0x0000, 0x0000, 0x0000, 0x0000,
0x0000, 0x0000, 0x0000, 0x0000, 0x0000, 0x0000, 0x0000, 0x2EFF, 0xDEFF, 0xFFFF, 0xEFFF, 0xEFFF, 0xEFFF, 0xEFFF, 0xFFFF, 0x6FFF,
0xEEFF, 0xFEEF, 0xFEEF, 0xFEEF, 0xFEFF, 0xFEFF, 0xFFFF, 0xEFFF, 0xFFFF, 0xAFFF, 0x0000, 0x0000, 0x0000, 0x0000, 0x0000, 0x0000,
0x0000, 0x0000, 0x0000, 0x0000, 0x0000, 0x1CDE, 0xECDE, 0xFCDE, 0xEDEE, 0xFDEF, 0xFEFF, 0xFFFF, 0xEFFF, 0xFFFF, 0x4FFF, 0x0000,
0x0000, 0x0000, 0x0000, 0x0000, 0x0000, 0x0000, 0x0000, 0x0000, 0x6CDE, 0xFCDE, 0xEDDE, 0xFDEF, 0xFEEF, 0xFEFF, 0xFFFF, 0xEFFF,
0xFFFF, 0x4FFF, 0x0000, 0x0000, 0x0000, 0x0000, 0x0000, 0x0000, 0x0000, 0x0000, 0x0000, 0x0000, 0x0000, 0x0000, 0x0000, 0x0000,
0x0000, 0x0000, 0x0000, 0x0000, 0x0000, 0x0000, 0x0000, 0x0000, 0x0000, 0x2DEE, 0xEDEE, 0xEDEE, 0xFDEF, 0xFDEF, 0xFEEF, 0xFEFF,
0xFFFF, 0xEFFF, 0xFFFF, 0x5FFF, 0x0000, 0x0000, 0x0000, 0x0000, 0x0000, 0x0000, 0x0000, 0x0000, 0x0000, 0x0000, 0x4DDE, 0xFDDE,
0xEDEE, 0xFDEF, 0xFDEF, 0xFEEF, 0xFEFF, 0xFFFF, 0xEFFF, 0xFFFF, 0x6FFF, 0x0000, 0x0000, 0x0000, 0x0000, 0x0000, 0x0000, 0x0000,
0x0000, 0x0000, 0x0000, 0x0000, 0x0000, 0x0000, 0x0000, 0x0000, 0x2FFF, 0xBFFF, 0xFFFF, 0xFFFF, 0xFFFF, 0xFFFF, 0xBFFF, 0x0FFF,
0xEEFF, 0xFEEF, 0xFEEF, 0xFEEF, 0xFEFF, 0xFEFF, 0xFFFF, 0xEFFF, 0xFFFF, 0xAFFF, 0x0000, 0x0000, 0x0000, 0x0000, 0x0000, 0x0000,
0x0000, 0x0000, 0x0000, 0x0000, 0x0000, 0x1CDE, 0xECDE, 0xFCDE, 0xEDEE, 0xFDEF, 0xFEFF, 0xFFFF, 0xEFFF, 0xFFFF, 0x5FFF, 0x0000,
0x0000, 0x0000, 0x0000, 0x0000, 0x0000, 0x0000, 0x0000, 0x0000, 0x4CDE, 0xFCDE, 0xEDEE, 0xFDEF, 0xFDEF, 0xFEFF, 0xFEFF, 0xEFFF,
0xFFFF, 0x8FFF, 0x0000, 0x0000, 0x0000, 0x0000, 0x0000, 0x0000, 0x0000, 0x0000, 0x0000, 0x0000, 0x0000, 0x0000, 0x0000, 0x0000,
0x0000, 0x0000, 0x0000, 0x0000, 0x0000, 0x0000, 0x0000, 0x0000, 0x0000, 0x0000, 0xCDEE, 0xFDEE, 0xEDEF, 0xFDEF, 0xFEEF, 0xFEFF,
0xFFFF, 0xEFFF, 0xFFFF, 0x8FFF, 0x0000, 0x0000, 0x0000, 0x0000, 0x0000, 0x0000, 0x0000, 0x0000, 0x0000, 0x0000, 0x1DDE, 0xEDDE,
0xFDEE, 0xEDEF, 0xFDEF, 0xFEEF, 0xFEFF, 0xFFFF, 0xEFFF, 0xFFFF, 0x8FFF, 0x0000, 0x0000, 0x0000, 0x0000, 0x0000, 0x0000, 0x0000,
0x0000, 0x0000, 0x0000, 0x0000, 0x0000, 0x0000, 0x0000, 0x0000, 0x0000, 0x0000, 0x4FFF, 0x7FFF, 0x8FFF, 0x6FFF, 0x0FFF, 0x0000,
0xDEFF, 0xFEFF, 0xEEEF, 0xFEEF, 0xFEFF, 0xFEFF, 0xFFFF, 0xEFFF, 0xFFFF, 0xAFFF, 0x0000, 0x0000, 0x0000, 0x0000, 0x0000, 0x0000,
0x0000, 0x0000, 0x0000, 0x0000, 0x0000, 0x1CDE, 0xECDE, 0xFCDE, 0xEDEE, 0xFDEF, 0xFEFF, 0xFFFF, 0xEFFF, 0xFFFF, 0x6FFF, 0x0000,
0x0000, 0x0000, 0x0000, 0x0000, 0x0000, 0x0000, 0x0000, 0x0000, 0x2DDE, 0xEDDE, 0xFDEE, 0xEDEF, 0xFDEF, 0xFEEF, 0xFEFF, 0xEFFF,
0xFFFF, 0xDFFF, 0x0FFF, 0x0000, 0x0000, 0x0000, 0x0000, 0x0000, 0x0000, 0x0000, 0x0000, 0x0000, 0x0000, 0x0000, 0x0000, 0x0000,
0x0000, 0x0000, 0x0000, 0x0000, 0x0000, 0x0000, 0x0000, 0x0000, 0x0000, 0x0000, 0x9DDE, 0xFDDE, 0xEDEE, 0xFDEF, 0xFEEF, 0xFEFF,
0xFFFF, 0xEFFF, 0xFFFF, 0xAFFF, 0x0000, 0x0000, 0x0000, 0x0000, 0x0000, 0x0000, 0x0000, 0x0000, 0x0000, 0x0000, 0x0000, 0xCDDE,
0xFDDE, 0xEDEE, 0xFDEF, 0xFEEF, 0xFEFF, 0xFEFF, 0xEFFF, 0xFFFF, 0xAFFF, 0x0000, 0x0000, 0x0000, 0x0000, 0x0000, 0x0000, 0x0000,
0x0000, 0x0000, 0x0000, 0x0000, 0x0000, 0x0000, 0x0000, 0x0000, 0x0000, 0x0000, 0x0000, 0x0000, 0x0000, 0x0000, 0x0000, 0x0000,
0xBEFF, 0xFEFF, 0xEEEF, 0xFEEF, 0xFEEF, 0xFEFF, 0xFFFF, 0xEFFF, 0xFFFF, 0xAFFF, 0x0000, 0x0000, 0x0000, 0x0000, 0x0000, 0x0000,
0x0000, 0x0000, 0x0000, 0x0000, 0x0000, 0x0000, 0xDCDE, 0xFDDE, 0xEDEE, 0xFDEF, 0xFEFF, 0xFFFF, 0xEFFF, 0xFFFF, 0x8FFF, 0x0000,
0x0000, 0x0000, 0x0000, 0x0000, 0x0000, 0x0000, 0x0000, 0x0000, 0x0000, 0xCDDE, 0xFDEE, 0xEDEF, 0xFDEF, 0xFEEF, 0xFEFF, 0xFEFF,
0xEEFF, 0xFEFF, 0x5EFF, 0x0000, 0x0000, 0x0000, 0x0000, 0x0000, 0x0000, 0x0000, 0x0000, 0x0000, 0x0000, 0x0000, 0x0000, 0x0000,
0x0000, 0x0000, 0x0000, 0x0000, 0x0000, 0x0000, 0x0000, 0x0000, 0x0000, 0x0000, 0x5DDE, 0xFDDE, 0xEDEE, 0xFDEF, 0xFDEF, 0xFEFF,
0xFEFF, 0xEFFF, 0xFFFF, 0xCFFF, 0x0000, 0x0000, 0x0000, 0x0000, 0x0000, 0x0000, 0x0000, 0x0000, 0x0000, 0x0000, 0x0000, 0xACDE,
0xFDDE, 0xEDEE, 0xFDEF, 0xFEEF, 0xFEFF, 0xFEFF, 0xEFFF, 0xFFFF, 0xCFFF, 0x0000, 0x0000, 0x0000, 0x0000, 0x0000, 0x0000, 0x0000,
0x0000, 0x0000, 0x0000, 0x0000, 0x0000, 0x0000, 0x0000, 0x0000, 0x0000, 0x0000, 0x0000, 0x0000, 0x0000, 0x0000, 0x0000, 0x0000,
0xAEFF, 0xFEEF, 0xEEEF, 0xFEEF, 0xFEEF, 0xFEFF, 0xFFFF, 0xEFFF, 0xFFFF, 0xBFFF, 0x0000, 0x0000, 0x0000, 0x0000, 0x0000, 0x0000,
0x0000, 0x0000, 0x0000, 0x0000, 0x0000, 0x0000, 0xBCDE, 0xFDDE, 0xEDEE, 0xFDEF, 0xFEFF, 0xFEFF, 0xEFFF, 0xFFFF, 0x9FFF, 0x0000,
0x0000, 0x0000, 0x0000, 0x0000, 0x0000, 0x0000, 0x0000, 0x0000, 0x0000, 0x9DEE, 0xEDEE, 0xEDEF, 0xFDEF, 0xFEEF, 0xFEFF, 0xFEFF,
0xEEFF, 0xEEFF, 0xDEEF, 0x1DEF, 0x0000, 0x0000, 0x0000, 0x0000, 0x0000, 0x0000, 0x0000, 0x0000, 0x0000, 0x0000, 0x0000, 0x0000,
0x0000, 0x0000, 0x0000, 0x0000, 0x0000, 0x0000, 0x0000, 0x0000, 0x0000, 0x0000, 0x2CDE, 0xFCDE, 0xEDEE, 0xFDEF, 0xFDEF, 0xFEEF,
0xFEFF, 0xEFFF, 0xFFFF, 0xDFFF, 0x0FFF, 0x0000, 0x0000, 0x0000, 0x0000, 0x0000, 0x0000, 0x0000, 0x0000, 0x0000, 0x0000, 0x8CDE,
0xFDDE, 0xEDEE, 0xFDEF, 0xFDEF, 0xFEFF, 0xFEFF, 0xEFFF, 0xFFFF, 0xEFFF, 0x1FFF, 0x0000, 0x0000, 0x0000, 0x0000, 0x0000, 0x0000,
0x0000, 0x0000, 0x0000, 0x0000, 0x0000, 0x0000, 0x0000, 0x0000, 0x0000, 0x0000, 0x0000, 0x0000, 0x0000, 0x0000, 0x0000, 0x0000,
0x9EFF, 0xFEEF, 0xEEEF, 0xFEEF, 0xFEEF, 0xFEFF, 0xFFFF, 0xEFFF, 0xFFFF, 0xCFFF, 0x0000, 0x0000, 0x0000, 0x0000, 0x0000, 0x0000,
0x0000, 0x0000, 0x0000, 0x0000, 0x0000, 0x0000, 0x9CDE, 0xFDDE, 0xEDEE, 0xFDEF, 0xFEEF, 0xFEFF, 0xEFFF, 0xFFFF, 0xBFFF, 0x0000,
0x0000, 0x0000, 0x0000, 0x0000, 0x0000, 0x0000, 0x0000, 0x0000, 0x0000, 0x3DEE, 0xFDEF, 0xEDEF, 0xFDEF, 0xFEEF, 0xFEEF, 0xFEEF,
0xFEFF, 0xEEEF, 0xFDEF, 0xBDEF, 0x2DEE, 0x0000, 0x0000, 0x0000, 0x0000, 0x0000, 0x0000, 0x0000, 0x0000, 0x0000, 0x0000, 0x0000,
0x0000, 0x0000, 0x0000, 0x0000, 0x0000, 0x0000, 0x0000, 0x0000, 0x0000, 0x0000, 0x1CDE, 0xECDE, 0xFDDE, 0xEDEE, 0xFDEF, 0xFEEF,
0xFEFF, 0xEFFF, 0xFFFF, 0xEFFF, 0x1FFF, 0x0000, 0x0000, 0x0000, 0x0000, 0x0000, 0x0000, 0x0000, 0x0000, 0x0000, 0x0000, 0x6CDE,
0xFCDE, 0xEDEE, 0xFDEF, 0xFDEF, 0xFEFF, 0xFEFF, 0xFFFF, 0xFFFF, 0xEFFF, 0x2FFF, 0x0000, 0x0000, 0x0000, 0x0000, 0x0000, 0x0000,
0x0000, 0x0000, 0x0000, 0x0000, 0x0000, 0x0000, 0x0000, 0x0000, 0x0000, 0x0000, 0x0000, 0x0000, 0x0000, 0x0000, 0x0000, 0x0000,
0x9EFF, 0xFEEF, 0xEDEF, 0xFDEF, 0xFEEF, 0xFEFF, 0xFEFF, 0xEFFF, 0xFFFF, 0xDFFF, 0x0000, 0x0000, 0x0000, 0x0000, 0x0000, 0x0000,
0x0000, 0x0000, 0x0000, 0x0000, 0x0000, 0x0000, 0x7CDE, 0xFDDE, 0xEDEE, 0xFDEF, 0xFEEF, 0xFEFF, 0xEFFF, 0xFFFF, 0xDFFF, 0x0000,
0x0000, 0x0000, 0x0000, 0x0000, 0x0000, 0x0000, 0x0000, 0x0000, 0x0000, 0x0000, 0xBDEF, 0xEDEF, 0xEDEF, 0xFEEF, 0xFEEF, 0xFEEF,
0xFEEF, 0xFEEF, 0xEDEF, 0xFDEF, 0xEDDE, 0x9CDE, 0x7CDE, 0x6CDE, 0x4CDE, 0x3CDE, 0x3CDE, 0x3CDE, 0x4CDE, 0x5CDE, 0x4CDE, 0x0000,
0x0000, 0x0000, 0x0000, 0x0000, 0x0000, 0x0000, 0x0000, 0x0000, 0x0000, 0x0000, 0x1CDE, 0xECDE, 0xFCDE, 0xEDEE, 0xFDEF, 0xFEEF,
0xFEFF, 0xFFFF, 0xFFFF, 0xFFFF, 0x2FFF, 0x0000, 0x0000, 0x0000, 0x0000, 0x0000, 0x0000, 0x0000, 0x0000, 0x0000, 0x0000, 0x5CDE,
0xFCDE, 0xEDDE, 0xFDEF, 0xFDEF, 0xFEEF, 0xFEFF, 0xFFFF, 0xEFFF, 0xFFFF, 0x4FFF, 0x0000, 0x0000, 0x0000, 0x0000, 0x0000, 0x0000,
0x0000, 0x0000, 0x0000, 0x0000, 0x0000, 0x0000, 0x0000, 0x0000, 0x0000, 0x0000, 0x0000, 0x0000, 0x0000, 0x0000, 0x0000, 0x0000,
0x7EFF, 0xFEEF, 0xEDEF, 0xFDEF, 0xFEEF, 0xFEFF, 0xFEFF, 0xEFFF, 0xFFFF, 0xEFFF, 0x1FFF, 0x0000, 0x0000, 0x0000, 0x0000, 0x0000,
0x0000, 0x0000, 0x0000, 0x0000, 0x0000, 0x0000, 0x5CDE, 0xFDDE, 0xEDEE, 0xFDEF, 0xFEEF, 0xFEFF, 0xFFFF, 0xFFFF, 0xEFFF, 0x2FFF,
0x0000, 0x0000, 0x0000, 0x0000, 0x0000, 0x0000, 0x0000, 0x0000, 0x0000, 0x0000, 0x4DEF, 0xFDEF, 0xEDEF, 0xFEEF, 0xFEEF, 0xFEEF,
0xFEEF, 0xFEEF, 0xFDEF, 0xEDEF, 0xFDEE, 0xFCDE, 0xFCDE, 0xFCDE, 0xFCDE, 0xFCDE, 0xFCDE, 0xFCDE, 0xFCDE, 0xFCDE, 0xFDDE, 0xBDEF,
0x0EEF, 0x0000, 0x0000, 0x0000, 0x0000, 0x0000, 0x0000, 0x0000, 0x0000, 0x0000, 0x1CDE, 0xECDE, 0xFCDE, 0xEDEE, 0xFDEF, 0xFEEF,
0xFEFF, 0xFFFF, 0xEFFF, 0xFFFF, 0x3FFF, 0x0000, 0x0000, 0x0000, 0x0000, 0x0000, 0x0000, 0x0000, 0x0000, 0x0000, 0x0000, 0x4CDE,
0xFCDE, 0xEDDE, 0xFDEE, 0xFDEF, 0xFEEF, 0xFEFF, 0xFFFF, 0xEFFF, 0xFFFF, 0x5FFF, 0x0000, 0x0000, 0x0000, 0x0000, 0x0000, 0x0000,
0x0000, 0x0000, 0x0000, 0x0000, 0x0000, 0x0000, 0x0000, 0x0000, 0x0000, 0x0000, 0x0000, 0x0000, 0x0000, 0x0000, 0x0000, 0x0000,
0x4EFF, 0xFEEF, 0xEDEF, 0xFDEF, 0xFDEF, 0xFEEF, 0xFEFF, 0xFFFF, 0xEFFF, 0xFFFF, 0x3FFF, 0x0000, 0x0000, 0x0000, 0x0000, 0x0000,
0x0000, 0x0000, 0x0000, 0x0000, 0x0000, 0x0000, 0x3DDE, 0xFDDE, 0xEDEE, 0xFDEF, 0xFDEF, 0xFEFF, 0xFFFF, 0xEFFF, 0xFFFF, 0x5FFF,
0x0000, 0x0000, 0x0000, 0x0000, 0x0000, 0x0000, 0x0000, 0x0000, 0x0000, 0x0000, 0x0000, 0xBDEF, 0xFEEF, 0xEEEF, 0xFEEF, 0xFEFF,
0xFEEF, 0xFEEF, 0xFDEF, 0xFDEF, 0xEDEF, 0xEDEE, 0xEDDE, 0xECDE, 0xECDE, 0xECDE, 0xECDE, 0xECDE, 0xECDE, 0xEDDE, 0xEDEF, 0xFEEF,
0x7EFF, 0x0000, 0x0000, 0x0000, 0x0000, 0x0000, 0x0000, 0x0000, 0x0000, 0x0000, 0x1CDE, 0xECDE, 0xFCDE, 0xEDEE, 0xFDEF, 0xFEEF,
0xFEFF, 0xFFFF, 0xEFFF, 0xFFFF, 0x3FFF, 0x0000, 0x0000, 0x0000, 0x0000, 0x0000, 0x0000, 0x0000, 0x0000, 0x0000, 0x0000, 0x3CDE,
0xFCDE, 0xEDDE, 0xFDEE, 0xFDEF, 0xFEEF, 0xFEFF, 0xFFFF, 0xEFFF, 0xFFFF, 0x7FFF, 0x0000, 0x0000, 0x0000, 0x0000, 0x0000, 0x0000,
0x0000, 0x0000, 0x0000, 0x0000, 0x0000, 0x0000, 0x0000, 0x0000, 0x0000, 0x0000, 0x0000, 0x0000, 0x0000, 0x0000, 0x0000, 0x0000,
0x2FFF, 0xEEEF, 0xFDEF, 0xEDEF, 0xFDEF, 0xFEEF, 0xFEFF, 0xFFFF, 0xEFFF, 0xFFFF, 0x5FFF, 0x0000, 0x0000, 0x0000, 0x0000, 0x0000,
0x0000, 0x0000, 0x0000, 0x0000, 0x0000, 0x0000, 0x0DDE, 0xDDDE, 0xFDEE, 0xEDEF, 0xFDEF, 0xFEFF, 0xFFFF, 0xEFFF, 0xFFFF, 0x7FFF,
0x0000, 0x0000, 0x0000, 0x0000, 0x0000, 0x0000, 0x0000, 0x0000, 0x0000, 0x0000, 0x0000, 0x3EEF, 0xEEEF, 0xEEFF, 0xEEFF, 0xFEFF,
0xFEFF, 0xFEFF, 0xFEEF, 0xFEEF, 0xFDEF, 0xFDEF, 0xFDEF, 0xFDEE, 0xFDEE, 0xFDEE, 0xFDEE, 0xFDEE, 0xFDEE, 0xFDEF, 0xEEFF, 0xEFFF,
0xCFFF, 0x0000, 0x0000, 0x0000, 0x0000, 0x0000, 0x0000, 0x0000, 0x0000, 0x0000, 0x1CDE, 0xECDE, 0xFCDE, 0xEDEE, 0xFDEF, 0xFEEF,
0xFEFF, 0xFFFF, 0xEFFF, 0xFFFF, 0x3FFF, 0x0000, 0x0000, 0x0000, 0x0000, 0x0000, 0x0000, 0x0000, 0x0000, 0x0000, 0x0000, 0x2CDE,
0xFCDE, 0xFDDE, 0xFDEE, 0xFDEF, 0xFEEF, 0xFEFF, 0xFFFF, 0xEFFF, 0xFFFF, 0x8FFF, 0x0000, 0x0000, 0x0000, 0x0000, 0x0000, 0x0000,
0x0000, 0x0000, 0x0000, 0x0000, 0x0000, 0x0000, 0x0000, 0x0000, 0x0000, 0x0000, 0x0000, 0x0000, 0x0000, 0x0000, 0x0000, 0x0000,
0x0000, 0xCDEF, 0xFDEF, 0xEDEF, 0xFDEF, 0xFEEF, 0xFEFF, 0xFEFF, 0xEFFF, 0xFFFF, 0x9FFF, 0x0000, 0x0000, 0x0000, 0x0000, 0x0000,
0x0000, 0x0000, 0x0000, 0x0000, 0x0000, 0x0000, 0x0000, 0x9DDE, 0xFDEE, 0xEDEF, 0xFDEF, 0xFEEF, 0xFEFF, 0xEFFF, 0xFFFF, 0xAFFF,
0x0000, 0x0000, 0x0000, 0x0000, 0x0000, 0x0000, 0x0000, 0x0000, 0x0000, 0x0000, 0x0000, 0x0000, 0x5EFF, 0xFEFF, 0xEEFF, 0xEEFF,
0xFEFF, 0xFEFF, 0xFEFF, 0xFEFF, 0xFEEF, 0xFEEF, 0xFDEF, 0xFDEF, 0xFDEF, 0xFDEF, 0xFDEF, 0xFDEF, 0xFEEF, 0xFEFF, 0xEFFF, 0xFFFF,
0xEFFF, 0x1FFF, 0x0000, 0x0000, 0x0000, 0x0000, 0x0000, 0x0000, 0x0000, 0x0000, 0x1CDE, 0xECDE, 0xFCDE, 0xEDEE, 0xFDEF, 0xFEEF,
0xFEFF, 0xFFFF, 0xEFFF, 0xFFFF, 0x3FFF, 0x0000, 0x0000, 0x0000, 0x0000, 0x0000, 0x0000, 0x0000, 0x0000, 0x0000, 0x0000, 0x1CDE,
0xECDE, 0xFDDE, 0xEDEE, 0xFDEF, 0xFEEF, 0xFEFF, 0xFFFF, 0xEFFF, 0xFFFF, 0x9FFF, 0x0000, 0x0000, 0x0000, 0x0000, 0x0000, 0x0000,
0x0000, 0x0000, 0x0000, 0x0000, 0x0000, 0x0000, 0x0000, 0x0000, 0x0000, 0x0000, 0x0000, 0x0000, 0x0000, 0x0000, 0x0000, 0x0000,
0x0000, 0x9DEF, 0xFDEF, 0xEDEF, 0xFDEF, 0xFEEF, 0xFEFF, 0xFEFF, 0xEFFF, 0xFFFF, 0xCFFF, 0x0000, 0x0000, 0x0000, 0x0000, 0x0000,
0x0000, 0x0000, 0x0000, 0x0000, 0x0000, 0x0000, 0x0000, 0x6DDE, 0xFDDE, 0xEDEE, 0xFDEF, 0xFEEF, 0xFEFF, 0xEFFF, 0xFFFF, 0xDFFF,
0x0FFF, 0x0000, 0x0000, 0x0000, 0x0000, 0x0000, 0x0000, 0x0000, 0x0000, 0x0000, 0x0000, 0x0000, 0x0000, 0x6EFF, 0xFFFF, 0xEFFF,
0xEFFF, 0xFFFF, 0xFFFF, 0xFFFF, 0xFEFF, 0xFEFF, 0xFEFF, 0xFEFF, 0xFEFF, 0xFEFF, 0xFEFF, 0xFEFF, 0xFFFF, 0xFFFF, 0xEFFF, 0xFFFF,
0xCFFF, 0x0000, 0x0000, 0x0000, 0x0000, 0x0000, 0x0000, 0x0000, 0x0000, 0x0000, 0x1CDE, 0xECDE, 0xFCDE, 0xEDEE, 0xFDEF, 0xFEEF,
0xFEFF, 0xFFFF, 0xEFFF, 0xFFFF, 0x3FFF, 0x0000, 0x0000, 0x0000, 0x0000, 0x0000, 0x0000, 0x0000, 0x0000, 0x0000, 0x0000, 0x0CDE,
0xDCDE, 0xFDDE, 0xEDEE, 0xFDEF, 0xFEEF, 0xFEFF, 0xFFFF, 0xEFFF, 0xFFFF, 0xBFFF, 0x0000, 0x0000, 0x0000, 0x0000, 0x0000, 0x0000,
0x0000, 0x0000, 0x0000, 0x0000, 0x0000, 0x0000, 0x0000, 0x0000, 0x0000, 0x0000, 0x0000, 0x0000, 0x0000, 0x0000, 0x0000, 0x0000,
0x0000, 0x6DEF, 0xFDEE, 0xEDEF, 0xFDEF, 0xFDEF, 0xFEEF, 0xFEFF, 0xEFFF, 0xFFFF, 0xEFFF, 0x1FFF, 0x0000, 0x0000, 0x0000, 0x0000,
0x0000, 0x0000, 0x0000, 0x0000, 0x0000, 0x0000, 0x0000, 0x4DDE, 0xFDDE, 0xEDEE, 0xFDEF, 0xFEEF, 0xFEFF, 0xFEFF, 0xEFFF, 0xFFFF,
0x4FFF, 0x0000, 0x0000, 0x0000, 0x0000, 0x0000, 0x0000, 0x0000, 0x0000, 0x0000, 0x0000, 0x0000, 0x0000, 0x0000, 0x5FFF, 0xFFFF,
0xFFFF, 0xEFFF, 0xEFFF, 0xEFFF, 0xFFFF, 0xFFFF, 0xFFFF, 0xFFFF, 0xFFFF, 0xFFFF, 0xFFFF, 0xFFFF, 0xFFFF, 0xFFFF, 0xEFFF, 0xEFFF,
0xAFFF, 0x0000, 0x0000, 0x0000, 0x0000, 0x0000, 0x0000, 0x0000, 0x0000, 0x0000, 0x1CDE, 0xECDE, 0xFCDE, 0xEDEE, 0xFDEF, 0xFEEF,
0xFFFF, 0xFFFF, 0xFFFF, 0xFFFF, 0x2FFF, 0x0000, 0x0000, 0x0000, 0x0000, 0x0000, 0x0000, 0x0000, 0x0000, 0x0000, 0x0000, 0x0000,
0xBCDE, 0xFDDE, 0xEDEE, 0xFDEF, 0xFEEF, 0xFEFF, 0xFFFF, 0xEFFF, 0xFFFF, 0xCFFF, 0x0000, 0x0000, 0x0000, 0x0000, 0x0000, 0x0000,
0x0000, 0x0000, 0x0000, 0x0000, 0x0000, 0x0000, 0x0000, 0x0000, 0x0000, 0x0000, 0x0000, 0x0000, 0x0000, 0x0000, 0x0000, 0x0000,
0x0000, 0x3DEF, 0xFDEE, 0xEDEE, 0xFDEF, 0xFDEF, 0xFEEF, 0xFEFF, 0xFFFF, 0xEFFF, 0xFFFF, 0x4FFF, 0x0000, 0x0000, 0x0000, 0x0000,
0x0000, 0x0000, 0x0000, 0x0000, 0x0000, 0x0000, 0x0000, 0x1DDE, 0xEDDE, 0xFDEE, 0xEDEF, 0xFDEF, 0xFEEF, 0xFEFF, 0xEFFF, 0xFFFF,
0xAFFF, 0x0000, 0x0000, 0x0000, 0x0000, 0x0000, 0x0000, 0x0000, 0x0000, 0x0000, 0x0000, 0x0000, 0x0000, 0x0000, 0x0000, 0x4FFF,
0xDFFF, 0xFFFF, 0xFFFF, 0xFFFF, 0xEFFF, 0xEFFF, 0xEFFF, 0xEFFF, 0xEFFF, 0xEFFF, 0xEFFF, 0xEFFF, 0xEFFF, 0xEFFF, 0xFFFF, 0xFFFF,
0x4FFF, 0x0000, 0x0000, 0x0000, 0x0000, 0x0000, 0x0000, 0x0000, 0x0000, 0x0000, 0x2CDE, 0xECDE, 0xFCDE, 0xEDEE, 0xFDEF, 0xFEFF,
0xFFFF, 0xEFFF, 0xFFFF, 0xEFFF, 0x1FFF, 0x0000, 0x0000, 0x0000, 0x0000, 0x0000, 0x0000, 0x0000, 0x0000, 0x0000, 0x0000, 0x0000,
0xACDE, 0xFCDE, 0xEDEE, 0xFDEF, 0xFEEF, 0xFEFF, 0xFFFF, 0xEFFF, 0xFFFF, 0xCFFF, 0x0000, 0x0000, 0x0000, 0x0000, 0x0000, 0x0000,
0x0000, 0x0000, 0x0000, 0x0000, 0x0000, 0x0000, 0x0000, 0x0000, 0x0000, 0x0000, 0x0000, 0x0000, 0x0000, 0x0000, 0x0000, 0x0000,
0x0000, 0x0DEF, 0xDDEE, 0xFDEE, 0xEDEF, 0xFDEF, 0xFEEF, 0xFEFF, 0xFFFF, 0xEFFF, 0xFFFF, 0x6FFF, 0x0000, 0x0000, 0x0000, 0x0000,
0x0000, 0x0000, 0x0000, 0x0000, 0x0000, 0x0000, 0x0000, 0x0000, 0xBDDE, 0xFDEE, 0xEDEF, 0xFDEF, 0xFEEF, 0xFEFF, 0xFEFF, 0xEFFF,
0xEFFF, 0x2FFF, 0x0000, 0x0000, 0x0000, 0x0000, 0x0000, 0x0000, 0x0000, 0x0000, 0x0000, 0x0000, 0x0000, 0x0000, 0x0000, 0x0000,
0x0FFF, 0x6FFF, 0xAFFF, 0xEFFF, 0xFFFF, 0xFFFF, 0xFFFF, 0xFFFF, 0xFFFF, 0xFFFF, 0xFFFF, 0xFFFF, 0xFFFF, 0xFFFF, 0xEFFF, 0x6FFF,
0x0000, 0x0000, 0x0000, 0x0000, 0x0000, 0x0000, 0x0000, 0x0000, 0x0000, 0x0000, 0x4CDE, 0xFCDE, 0xECDE, 0xFDEE, 0xFDEF, 0xFEFF,
0xFFFF, 0xEFFF, 0xFFFF, 0xDFFF, 0x0FFF, 0x0000, 0x0000, 0x0000, 0x0000, 0x0000, 0x0000, 0x0000, 0x0000, 0x0000, 0x0000, 0x0000,
0x9CDE, 0xFCDE, 0xEDEE, 0xFDEF, 0xFEEF, 0xFEFF, 0xFFFF, 0xEFFF, 0xFFFF, 0xCFFF, 0x0000, 0x0000, 0x0000, 0x0000, 0x0000, 0x0000,
0x0000, 0x0000, 0x0000, 0x0000, 0x0000, 0x0000, 0x0000, 0x0000, 0x0000, 0x0000, 0x0000, 0x0000, 0x0000, 0x0000, 0x0000, 0x0000,
0x0000, 0x0000, 0xBDEE, 0xFDEE, 0xEDEF, 0xFDEF, 0xFEEF, 0xFEFF, 0xFFFF, 0xEFFF, 0xFFFF, 0x9FFF, 0x0000, 0x0000, 0x0000, 0x0000,
0x0000, 0x0000, 0x0000, 0x0000, 0x0000, 0x0000, 0x0000, 0x0000, 0x8DDE, 0xEDEE, 0xEDEF, 0xFDEF, 0xFEEF, 0xFEFF, 0xFEFF, 0xEEFF,
0xFFFF, 0x8FFF, 0x0000, 0x0000, 0x0000, 0x0000, 0x0000, 0x0000, 0x0000, 0x0000, 0x0000, 0x0000, 0x0000, 0x0000, 0x0000, 0x0000,
0x0000, 0x0000, 0x0000, 0x1FFF, 0x4FFF, 0x7FFF, 0x9FFF, 0xBFFF, 0xCFFF, 0xDFFF, 0xCFFF, 0xAFFF, 0x9FFF, 0x6FFF, 0x1FFF, 0x0000,
0x0000, 0x0000, 0x0000, 0x0000, 0x0000, 0x0000, 0x0000, 0x0000, 0x0000, 0x0000, 0x6CDE, 0xFCDE, 0xECDE, 0xFDEE, 0xFDEF, 0xFEFF,
0xFFFF, 0xEFFF, 0xFFFF, 0xCFFF, 0x0000, 0x0000, 0x0000, 0x0000, 0x0000, 0x0000, 0x0000, 0x0000, 0x0000, 0x0000, 0x0000, 0x0000,
0x8CDE, 0xFCDE, 0xEDDE, 0xFDEF, 0xFEEF, 0xFEFF, 0xFFFF, 0xEFFF, 0xFFFF, 0xBFFF, 0x0000, 0x0000, 0x0000, 0x0000, 0x0000, 0x0000,
0x0000, 0x0000, 0x0000, 0x0000, 0x0000, 0x0000, 0x0000, 0x0000, 0x0000, 0x0000, 0x0000, 0x0000, 0x0000, 0x0000, 0x0000, 0x0000,
0x0000, 0x0000, 0x8DEE, 0xFDEE, 0xEDEE, 0xFDEF, 0xFEEF, 0xFEFF, 0xFEFF, 0xEFFF, 0xFFFF, 0xCFFF, 0x0000, 0x0000, 0x0000, 0x0000,
0x0000, 0x0000, 0x0000, 0x0000, 0x0000, 0x0000, 0x0000, 0x0000, 0x4DEE, 0xFDEE, 0xEDEF, 0xFDEF, 0xFEEF, 0xFEEF, 0xFEFF, 0xEEFF,
0xEEFF, 0xEFFF, 0x1EFF, 0x0000, 0x0000, 0x0000, 0x0000, 0x0000, 0x0000, 0x0000, 0x0000, 0x0000, 0x0000, 0x0000, 0x0000, 0x0000,
0x0000, 0x0000, 0x0000, 0x0000, 0x0000, 0x0000, 0x0000, 0x0000, 0x0000, 0x0000, 0x0000, 0x0000, 0x0000, 0x0000, 0x0000, 0x0000,
0x0000, 0x0000, 0x0000, 0x0000, 0x0000, 0x0000, 0x0000, 0x0000, 0x0000, 0x0000, 0x9CDE, 0xFCDE, 0xECDE, 0xFDEE, 0xFDEF, 0xFEFF,
0xFFFF, 0xEFFF, 0xFFFF, 0xBFFF, 0x0000, 0x0000, 0x0000, 0x0000, 0x0000, 0x0000, 0x0000, 0x0000, 0x0000, 0x0000, 0x0000, 0x0000,
0x9CDE, 0xFCDE, 0xEDDE, 0xFDEF, 0xFDEF, 0xFEFF, 0xFFFF, 0xEFFF, 0xFFFF, 0xBFFF, 0x0000, 0x0000, 0x0000, 0x0000, 0x0000, 0x0000,
0x0000, 0x0000, 0x0000, 0x0000, 0x0000, 0x0000, 0x0000, 0x0000, 0x0000, 0x0000, 0x0000, 0x0000, 0x0000, 0x0000, 0x0000, 0x0000,
0x0000, 0x0000, 0x5DEE, 0xFDEE, 0xEDEE, 0xFDEF, 0xFDEF, 0xFEFF, 0xFEFF, 0xFFFF, 0xEFFF, 0xEFFF, 0x2FFF, 0x0000, 0x0000, 0x0000,
0x0000, 0x0000, 0x0000, 0x0000, 0x0000, 0x0000, 0x0000, 0x0000, 0x0DEE, 0xDDEE, 0xFDEF, 0xEDEF, 0xFDEF, 0xFEEF, 0xFEFF, 0xFEFF,
0xEEFF, 0xFEFF, 0x8EFF, 0x0000, 0x0000, 0x0000, 0x0000, 0x0000, 0x0000, 0x0000, 0x0000, 0x0000, 0x0000, 0x0000, 0x0000, 0x0000,
0x0000, 0x0000, 0x0000, 0x0000, 0x0000, 0x0000, 0x0000, 0x0000, 0x0000, 0x0000, 0x0000, 0x0000, 0x0000, 0x0000, 0x0000, 0x0000,
0x0000, 0x0000, 0x0000, 0x0000, 0x0000, 0x0000, 0x0000, 0x0000, 0x0000, 0x0CDE, 0xDCDE, 0xFCDE, 0xEDDE, 0xFDEF, 0xFEEF, 0xFEFF,
0xFFFF, 0xEFFF, 0xEFFF, 0x9FFF, 0x0000, 0x0000, 0x0000, 0x0000, 0x0000, 0x0000, 0x0000, 0x0000, 0x0000, 0x0000, 0x0000, 0x0000,
0xACDE, 0xFCDE, 0xEDDE, 0xFDEF, 0xFDEF, 0xFEFF, 0xFFFF, 0xEFFF, 0xFFFF, 0xAFFF, 0x0000, 0x0000, 0x0000, 0x0000, 0x0000, 0x0000,
0x0000, 0x0000, 0x0000, 0x0000, 0x0000, 0x0000, 0x0000, 0x0000, 0x0000, 0x0000, 0x0000, 0x0000, 0x0000, 0x0000, 0x0000, 0x0000,
0x0000, 0x0000, 0x2DEE, 0xEDEE, 0xFDEE, 0xEDEF, 0xFDEF, 0xFEEF, 0xFEFF, 0xFFFF, 0xEFFF, 0xFFFF, 0x5FFF, 0x0000, 0x0000, 0x0000,
0x0000, 0x0000, 0x0000, 0x0000, 0x0000, 0x0000, 0x0000, 0x0000, 0x0000, 0x9DEE, 0xFDEF, 0xEDEF, 0xFDEF, 0xFEEF, 0xFEEF, 0xFEFF,
0xEEFF, 0xEEFF, 0xEEFF, 0x3EFF, 0x0000, 0x0000, 0x0000, 0x0000, 0x0000, 0x0000, 0x0000, 0x0000, 0x0000, 0x0000, 0x0000, 0x0000,
0x0000, 0x0000, 0x0000, 0x0000, 0x0000, 0x0000, 0x0000, 0x0000, 0x0000, 0x0000, 0x0000, 0x0000, 0x0000, 0x0000, 0x0000, 0x0000,
0x0000, 0x0000, 0x0000, 0x0000, 0x0000, 0x0000, 0x0000, 0x0000, 0x0000, 0x5CDE, 0xFCDE, 0xECDE, 0xFDEE, 0xFDEF, 0xFEFF, 0xFFFF,
0xFFFF, 0xEFFF, 0xFFFF, 0x5FFF, 0x0000, 0x0000, 0x0000, 0x0000, 0x0000, 0x0000, 0x0000, 0x0000, 0x0000, 0x0000, 0x0000, 0x0000,
0xACDE, 0xFCDE, 0xEDDE, 0xFDEF, 0xFEEF, 0xFEFF, 0xFFFF, 0xEFFF, 0xFFFF, 0x9FFF, 0x0000, 0x0000, 0x0000, 0x0000, 0x0000, 0x0000,
0x0000, 0x0000, 0x0000, 0x0000, 0x0000, 0x0000, 0x0000, 0x0000, 0x0000, 0x0000, 0x0000, 0x0000, 0x0000, 0x0000, 0x0000, 0x0000,
0x0000, 0x0000, 0x0000, 0xBDEE, 0xFDEE, 0xEDEF, 0xFDEF, 0xFEEF, 0xFEFF, 0xFEFF, 0xEFFF, 0xFFFF, 0x9FFF, 0x0000, 0x0000, 0x0000,
0x0000, 0x0000, 0x0000, 0x0000, 0x0000, 0x0000, 0x0000, 0x0000, 0x0000, 0x3DEF, 0xFDEF, 0xEDEF, 0xFDEF, 0xFEEF, 0xFEEF, 0xFEFF,
0xFEFF, 0xEEFF, 0xFEFF, 0xCEFF, 0x0EEF, 0x0000, 0x0000, 0x0000, 0x0000, 0x0000, 0x0000, 0x0000, 0x0000, 0x0000, 0x0000, 0x0000,
0x0000, 0x0000, 0x0000, 0x0000, 0x0000, 0x0000, 0x0000, 0x0000, 0x0000, 0x0000, 0x0000, 0x0000, 0x0000, 0x0000, 0x0000, 0x0000,
0x0000, 0x0000, 0x0000, 0x0000, 0x0000, 0x0000, 0x0000, 0x0000, 0x2CDE, 0xDCDE, 0xECDE, 0xECDE, 0xFDEE, 0xFDEF, 0xFEFF, 0xFFFF,
0xEFFF, 0xFFFF, 0xEFFF, 0x1FFF, 0x0000, 0x0000, 0x0000, 0x0000, 0x0000, 0x0000, 0x0000, 0x0000, 0x0000, 0x0000, 0x0000, 0x0000,
0xBCDE, 0xFCDE, 0xEDDE, 0xFDEF, 0xFEEF, 0xFEFF, 0xFFFF, 0xEFFF, 0xFFFF, 0x7FFF, 0x0000, 0x0000, 0x0000, 0x0000, 0x0000, 0x0000,
0x0000, 0x0000, 0x0000, 0x0000, 0x0000, 0x0000, 0x0000, 0x0000, 0x0000, 0x0000, 0x0000, 0x0000, 0x0000, 0x0000, 0x0000, 0x0000,
0x0000, 0x0000, 0x0000, 0x7DEE, 0xFDEE, 0xEDEF, 0xFDEF, 0xFEEF, 0xFEFF, 0xFEFF, 0xEFFF, 0xFFFF, 0xDFFF, 0x0FFF, 0x0000, 0x0000,
0x0000, 0x0000, 0x0000, 0x0000, 0x0000, 0x0000, 0x0000, 0x0000, 0x0000, 0x0000, 0xBDEF, 0xFDEF, 0xEDEF, 0xFDEF, 0xFEEF, 0xFEEF,
0xFEFF, 0xFEFF, 0xEEEF, 0xFEEF, 0x9EEF, 0x0000, 0x0000, 0x0000, 0x0000, 0x0000, 0x0000, 0x0000, 0x0000, 0x0000, 0x0000, 0x0000,
0x0000, 0x0000, 0x0000, 0x0000, 0x0000, 0x0000, 0x0000, 0x0000, 0x0000, 0x0000, 0x0000, 0x0000, 0x0000, 0x0000, 0x0000, 0x0000,
0x0000, 0x0000, 0x0000, 0x0000, 0x0000, 0x0000, 0x0000, 0x1CDE, 0xDCDE, 0xFCDE, 0xECDE, 0xFDDE, 0xFDEF, 0xFEEF, 0xFFFF, 0xFFFF,
0xEFFF, 0xFFFF, 0x9FFF, 0x0000, 0x0000, 0x0000, 0x0000, 0x0000, 0x0000, 0x0000, 0x0000, 0x0000, 0x0000, 0x0000, 0x0000, 0x0000,
0xCCDE, 0xFCDE, 0xEDDE, 0xFDEF, 0xFEEF, 0xFEFF, 0xFFFF, 0xEFFF, 0xFFFF, 0x6FFF, 0x0000, 0x0000, 0x0000, 0x0000, 0x0000, 0x0000,
0x0000, 0x0000, 0x0000, 0x0000, 0x0000, 0x0000, 0x0000, 0x0000, 0x0000, 0x0000, 0x0000, 0x0000, 0x0000, 0x0000, 0x0000, 0x0000,
0x0000, 0x0000, 0x0000, 0x3DEE, 0xFDEE, 0xEDEF, 0xFDEF, 0xFDEF, 0xFEEF, 0xFEFF, 0xFFFF, 0xEFFF, 0xFFFF, 0x3FFF, 0x0000, 0x0000,
0x0000, 0x0000, 0x0000, 0x0000, 0x0000, 0x0000, 0x0000, 0x0000, 0x0000, 0x0000, 0x3DEF, 0xFDEF, 0xEDEF, 0xFDEF, 0xFEEF, 0xFEEF,
0xFEEF, 0xFEEF, 0xFEEF, 0xEEEF, 0xFEEF, 0x6DEF, 0x0000, 0x0000, 0x0000, 0x0000, 0x0000, 0x0000, 0x0000, 0x0000, 0x0000, 0x0000,
0x0000, 0x0000, 0x0000, 0x0000, 0x0000, 0x0000, 0x0000, 0x0000, 0x0000, 0x0000, 0x0000, 0x0000, 0x0000, 0x0000, 0x0000, 0x0000,
0x0000, 0x0000, 0x0000, 0x0000, 0x0000, 0x0000, 0x2CDE, 0xCCDE, 0xFCDE, 0xECDE, 0xFCDE, 0xFDEF, 0xFDEF, 0xFEFF, 0xFFFF, 0xFFFF,
0xEFFF, 0xFFFF, 0x3FFF, 0x0000, 0x0000, 0x0000, 0x0000, 0x0000, 0x0000, 0x0000, 0x0000, 0x0000, 0x0000, 0x0000, 0x0000, 0x1CDE,
0xECDE, 0xFCDE, 0xEDDE, 0xFDEF, 0xFEEF, 0xFEFF, 0xFFFF, 0xEFFF, 0xFFFF, 0x4FFF, 0x0000, 0x0000, 0x0000, 0x0000, 0x0000, 0x0000,
0x0000, 0x0000, 0x0000, 0x0000, 0x0000, 0x0000, 0x0000, 0x0000, 0x0000, 0x0000, 0x0000, 0x0000, 0x0000, 0x0000, 0x0000, 0x0000,
0x0000, 0x0000, 0x0000, 0x0000, 0xCDEE, 0xFDEE, 0xEDEF, 0xFDEF, 0xFEEF, 0xFEFF, 0xFEFF, 0xEFFF, 0xFFFF, 0x8FFF, 0x0000, 0x0000,
0x0000, 0x0000, 0x0000, 0x0000, 0x0000, 0x0000, 0x0000, 0x0000, 0x0000, 0x0000, 0x0000, 0xADEF, 0xFDEF, 0xEDEF, 0xFEEF, 0xFEEF,
0xFEEF, 0xFEEF, 0xFEEF, 0xEEEF, 0xEDEF, 0xFDEF, 0x5DEF, 0x0000, 0x0000, 0x0000, 0x0000, 0x0000, 0x0000, 0x0000, 0x0000, 0x0000,
0x0000, 0x0000, 0x0000, 0x0000, 0x0000, 0x0000, 0x0000, 0x0000, 0x0000, 0x0000, 0x0000, 0x0000, 0x0000, 0x0000, 0x0000, 0x0000,
0x0000, 0x0000, 0x0000, 0x0000, 0x0000, 0x3CDE, 0xDCDE, 0xFCDE, 0xECDE, 0xFCDE, 0xFDEE, 0xFDEF, 0xFEFF, 0xFFFF, 0xFFFF, 0xEFFF,
0xFFFF, 0xBFFF, 0x0000, 0x0000, 0x0000, 0x0000, 0x0000, 0x0000, 0x0000, 0x0000, 0x0000, 0x0000, 0x0000, 0x0000, 0x0000, 0x4CDE,
0xFCDE, 0xECDE, 0xFDEE, 0xFDEF, 0xFEFF, 0xFFFF, 0xFFFF, 0xEFFF, 0xFFFF, 0x3FFF, 0x0000, 0x0000, 0x0000, 0x0000, 0x0000, 0x0000,
0x0000, 0x0000, 0x0000, 0x0000, 0x0000, 0x0000, 0x0000, 0x0000, 0x0000, 0x0000, 0x0000, 0x0000, 0x0000, 0x0000, 0x0000, 0x0000,
0x0000, 0x0000, 0x0000, 0x0000, 0x8DEE, 0xEDEE, 0xEDEF, 0xFDEF, 0xFEEF, 0xFEFF, 0xFEFF, 0xEFFF, 0xFFFF, 0xDFFF, 0x0000, 0x0000,
0x0000, 0x0000, 0x0000, 0x0000, 0x0000, 0x0000, 0x0000, 0x0000, 0x0000, 0x0000, 0x0000, 0x2DEF, 0xEDEF, 0xEEEF, 0xFEEF, 0xFEEF,
0xFEEF, 0xFEEF, 0xFEEF, 0xFEEF, 0xEDEF, 0xEDEF, 0xFDEF, 0x6DEF, 0x0000, 0x0000, 0x0000, 0x0000, 0x0000, 0x0000, 0x0000, 0x0000,
0x0000, 0x0000, 0x0000, 0x0000, 0x0000, 0x0000, 0x0000, 0x0000, 0x0000, 0x0000, 0x0000, 0x0000, 0x0000, 0x0000, 0x0000, 0x0000,
0x0000, 0x0000, 0x0000, 0x1CDE, 0x7CDE, 0xECDE, 0xFCDE, 0xECDE, 0xFCDE, 0xFDEE, 0xFDEF, 0xFEFF, 0xFFFF, 0xFFFF, 0xEFFF, 0xEFFF,
0xEFFF, 0x2FFF, 0x0000, 0x0000, 0x0000, 0x0000, 0x0000, 0x0000, 0x0000, 0x0000, 0x0000, 0x0000, 0x0000, 0x0000, 0x0000, 0x8CDE,
0xFCDE, 0xECDE, 0xFDEE, 0xFDEF, 0xFEFF, 0xFFFF, 0xEFFF, 0xFFFF, 0xEFFF, 0x1FFF, 0x0000, 0x0000, 0x0000, 0x0000, 0x0000, 0x0000,
0x0000, 0x0000, 0x0000, 0x0000, 0x0000, 0x0000, 0x0000, 0x0000, 0x0000, 0x0000, 0x0000, 0x0000, 0x0000, 0x0000, 0x0000, 0x0000,
0x0000, 0x0000, 0x0000, 0x0000, 0x3DEE, 0xFDEE, 0xEDEF, 0xFDEF, 0xFDEF, 0xFEEF, 0xFEFF, 0xFEFF, 0xEFFF, 0xFFFF, 0x5FFF, 0x0000,
0x0000, 0x0000, 0x0000, 0x0000, 0x0000, 0x0000, 0x0000, 0x0000, 0x0000, 0x0000, 0x0000, 0x0000, 0x9DEF, 0xFEEF, 0xEEEF, 0xFEEF,
0xFEEF, 0xFEFF, 0xFEEF, 0xFEEF, 0xFEEF, 0xEDEF, 0xEDEF, 0xFDEF, 0x9DEE, 0x1DEE, 0x0000, 0x0000, 0x0000, 0x0000, 0x0000, 0x0000,
0x0000, 0x0000, 0x0000, 0x0000, 0x0000, 0x0000, 0x0000, 0x0000, 0x0000, 0x0000, 0x0000, 0x0000, 0x0000, 0x0000, 0x0000, 0x0000,
0x0000, 0x1CDE, 0x7CDE, 0xDCDE, 0xFCDE, 0xFCDE, 0xECDE, 0xFCDE, 0xFDEE, 0xFDEF, 0xFEFF, 0xFFFF, 0xFFFF, 0xFFFF, 0xEFFF, 0xFFFF,
0x7FFF, 0x0000, 0x0000, 0x0000, 0x0000, 0x0000, 0x0000, 0x0000, 0x0000, 0x0000, 0x0000, 0x0000, 0x0000, 0x0000, 0x0000, 0xCCDE,
0xFCDE, 0xECDE, 0xFDEF, 0xFEEF, 0xFEFF, 0xFFFF, 0xEFFF, 0xFFFF, 0xCFFF, 0x0000, 0x0000, 0x0000, 0x0000, 0x0000, 0x0000, 0x0000,
0x0000, 0x0000, 0x0000, 0x0000, 0x0000, 0x0000, 0x0000, 0x0000, 0x0000, 0x0000, 0x0000, 0x0000, 0x0000, 0x0000, 0x0000, 0x0000,
0x0000, 0x0000, 0x0000, 0x0000, 0x0000, 0xCDEE, 0xFDEF, 0xEDEF, 0xFDEF, 0xFEEF, 0xFEFF, 0xFEFF, 0xEEFF, 0xFFFF, 0xCFFF, 0x0000,
0x0000, 0x0000, 0x0000, 0x0000, 0x0000, 0x0000, 0x0000, 0x0000, 0x0000, 0x0000, 0x0000, 0x0000, 0x1EEF, 0xDEEF, 0xEEEF, 0xEEFF,
0xFEFF, 0xFEFF, 0xFEEF, 0xFEEF, 0xFEEF, 0xFDEF, 0xFDEF, 0xEDEF, 0xFDEE, 0xDDDE, 0x6DDE, 0x0CDE, 0x0000, 0x0000, 0x0000, 0x0000,
0x0000, 0x0000, 0x0000, 0x0000, 0x0000, 0x0000, 0x0000, 0x0000, 0x0000, 0x0000, 0x0000, 0x0000, 0x0000, 0x0000, 0x0000, 0x2CDE,
0x8CDE, 0xECDE, 0xFCDE, 0xFCDE, 0xECDE, 0xECDE, 0xFDDE, 0xFDEF, 0xFDEF, 0xFEFF, 0xFFFF, 0xFFFF, 0xFFFF, 0xEFFF, 0xFFFF, 0xBFFF,
0x0000, 0x0000, 0x0000, 0x0000, 0x0000, 0x0000, 0x0000, 0x0000, 0x0000, 0x0000, 0x0000, 0x0000, 0x0000, 0x0000, 0x4CDE, 0xFCDE,
0xECDE, 0xFDDE, 0xFDEF, 0xFEEF, 0xFEFF, 0xFFFF, 0xEFFF, 0xFFFF, 0x9FFF, 0x0000, 0x0000, 0x0000, 0x0000, 0x0000, 0x0000, 0x0000,
0x0000, 0x0000, 0x0000, 0x0000, 0x0000, 0x0000, 0x0000, 0x0000, 0x0000, 0x0000, 0x0000, 0x0000, 0x0000, 0x0000, 0x0000, 0x0000,
0x0000, 0x0000, 0x0000, 0x0000, 0x0000, 0x7DEE, 0xFDEF, 0xEDEF, 0xFDEF, 0xFEEF, 0xFEEF, 0xFEFF, 0xFEFF, 0xEFFF, 0xFFFF, 0x3FFF,
0x0000, 0x0000, 0x0000, 0x0000, 0x0000, 0x0000, 0x0000, 0x0000, 0x0000, 0x0000, 0x0000, 0x0000, 0x0000, 0x4EFF, 0xFEFF, 0xEEFF,
0xEEFF, 0xFEFF, 0xFEFF, 0xFEFF, 0xFEEF, 0xFEEF, 0xFDEF, 0xFDEF, 0xEDEF, 0xFDEE, 0xFDDE, 0xCCDE, 0x6CDE, 0x1CDE, 0x0000, 0x0000,
0x0000, 0x0000, 0x0000, 0x0000, 0x0000, 0x0000, 0x0000, 0x0000, 0x0000, 0x0000, 0x0000, 0x0000, 0x0000, 0x3CDE, 0x9CDE, 0xECDE,
0xFCDE, 0xFCDE, 0xECDE, 0xECDE, 0xFCDE, 0xFDEE, 0xFDEF, 0xFEEF, 0xFEFF, 0xFFFF, 0xFFFF, 0xFFFF, 0xEFFF, 0xFFFF, 0xBFFF, 0x1FFF,
0x0000, 0x0000, 0x0000, 0x0000, 0x0000, 0x0000, 0x0000, 0x0000, 0x0000, 0x0000, 0x0000, 0x0000, 0x0000, 0x0000, 0x9CDE, 0xFCDE,
0xECDE, 0xFDEE, 0xFDEF, 0xFEFF, 0xFFFF, 0xFFFF, 0xEFFF, 0xFFFF, 0x5FFF, 0x0000, 0x0000, 0x0000, 0x0000, 0x0000, 0x0000, 0x0000,
0x0000, 0x0000, 0x0000, 0x0000, 0x0000, 0x0000, 0x0000, 0x0000, 0x0000, 0x0000, 0x0000, 0x0000, 0x0000, 0x0000, 0x0000, 0x0000,
0x0000, 0x0000, 0x0000, 0x0000, 0x0000, 0x2DEE, 0xEDEF, 0xEDEF, 0xEDEF, 0xFDEF, 0xFEEF, 0xFEFF, 0xFEFF, 0xEEFF, 0xFFFF, 0xAFFF,
0x0000, 0x0000, 0x0000, 0x0000, 0x0000, 0x0000, 0x0000, 0x0000, 0x0000, 0x0000, 0x0000, 0x0000, 0x0000, 0x0000, 0x6EFF, 0xFEFF,
0xEEFF, 0xEEFF, 0xFEFF, 0xFEFF, 0xFEFF, 0xFEEF, 0xFEEF, 0xFDEF, 0xFDEF, 0xEDEF, 0xEDEE, 0xFDDE, 0xFCDE, 0xDCDE, 0x8CDE, 0x3CDE,
0x1CDE, 0x0000, 0x0000, 0x0000, 0x0000, 0x0000, 0x0000, 0x0000, 0x0CDE, 0x2CDE, 0x5CDE, 0x9CDE, 0xCCDE, 0xFCDE, 0xFCDE, 0xFCDE,
0xECDE, 0xECDE, 0xFCDE, 0xFDEE, 0xFDEF, 0xFDEF, 0xFEFF, 0xFEFF, 0xFFFF, 0xFFFF, 0xEFFF, 0xEFFF, 0xFFFF, 0xBFFF, 0x1FFF, 0x0000,
0x0000, 0x0000, 0x0000, 0x0000, 0x0000, 0x0000, 0x0000, 0x0000, 0x0000, 0x0000, 0x0000, 0x0000, 0x0000, 0x1CDE, 0xECDE, 0xFCDE,
0xECDE, 0xFDEE, 0xFDEF, 0xFEFF, 0xFFFF, 0xEFFF, 0xFFFF, 0xEFFF, 0x1FFF, 0x0000, 0x0000, 0x0000, 0x0000, 0x0000, 0x0000, 0x0000,
0x0000, 0x0000, 0x0000, 0x0000, 0x0000, 0x0000, 0x0000, 0x0000, 0x0000, 0x0000, 0x0000, 0x0000, 0x0000, 0x0000, 0x0000, 0x0000,
0x0000, 0x0000, 0x0000, 0x0000, 0x0000, 0x0000, 0xBDEF, 0xEDEF, 0xEDEF, 0xFDEF, 0xFEEF, 0xFEFF, 0xFEFF, 0xFEFF, 0xEEFF, 0xEFFF,
0x3FFF, 0x0000, 0x0000, 0x0000, 0x0000, 0x0000, 0x0000, 0x0000, 0x0000, 0x0000, 0x0000, 0x0000, 0x0000, 0x0000, 0x0000, 0x7EFF,
0xFEFF, 0xEEFF, 0xEEFF, 0xFEFF, 0xFEFF, 0xFEFF, 0xFEEF, 0xFEEF, 0xFDEF, 0xFDEF, 0xFDEF, 0xEDEE, 0xEDDE, 0xFCDE, 0xFCDE, 0xFCDE,
0xECDE, 0xCCDE, 0xACDE, 0x9CDE, 0x9CDE, 0x9CDE, 0xACDE, 0xBCDE, 0xDCDE, 0xECDE, 0xFCDE, 0xFCDE, 0xFCDE, 0xECDE, 0xECDE, 0xECDE,
0xFDDE, 0xFDEE, 0xFDEF, 0xFDEF, 0xFEEF, 0xFEFF, 0xFFFF, 0xFFFF, 0xFFFF, 0xEFFF, 0xEFFF, 0xFFFF, 0xAFFF, 0x0FFF, 0x0000, 0x0000,
0x0000, 0x0000, 0x0000, 0x0000, 0x0000, 0x0000, 0x0000, 0x0000, 0x0000, 0x0000, 0x0000, 0x0000, 0x0000, 0x6CDE, 0xFCDE, 0xECDE,
0xFDDE, 0xFDEF, 0xFEEF, 0xFEFF, 0xFFFF, 0xEFFF, 0xEFFF, 0xBFFF, 0x0000, 0x0000, 0x0000, 0x0000, 0x0000, 0x0000, 0x0000, 0x0000,
0x0000, 0x0000, 0x0000, 0x0000, 0x0000, 0x0000, 0x0000, 0x0000, 0x0000, 0x0000, 0x0000, 0x0000, 0x0000, 0x0000, 0x0000, 0x0000,
0x0000, 0x0000, 0x0000, 0x0000, 0x0000, 0x0000, 0x5DEF, 0xFDEF, 0xEDEF, 0xFDEF, 0xFEEF, 0xFEEF, 0xFEFF, 0xFEFF, 0xEEFF, 0xFEFF,
0xAFFF, 0x0000, 0x0000, 0x0000, 0x0000, 0x0000, 0x0000, 0x0000, 0x0000, 0x0000, 0x0000, 0x0000, 0x0000, 0x0000, 0x0000, 0x0000,
0x7FFF, 0xFFFF, 0xEFFF, 0xEFFF, 0xFEFF, 0xFEFF, 0xFEFF, 0xFEFF, 0xFEEF, 0xFEEF, 0xFDEF, 0xFDEF, 0xFDEF, 0xEDEE, 0xEDDE, 0xECDE,
0xFCDE, 0xFCDE, 0xFCDE, 0xFCDE, 0xFCDE, 0xFCDE, 0xFCDE, 0xFCDE, 0xFCDE, 0xFCDE, 0xECDE, 0xECDE, 0xECDE, 0xFCDE, 0xFDDE, 0xFDEE,
0xFDEF, 0xFDEF, 0xFEEF, 0xFEFF, 0xFFFF, 0xFFFF, 0xFFFF, 0xEFFF, 0xEFFF, 0xFFFF, 0xEFFF, 0x7FFF, 0x0000, 0x0000, 0x0000, 0x0000,
0x0000, 0x0000, 0x0000, 0x0000, 0x0000, 0x0000, 0x0000, 0x0000, 0x0000, 0x0000, 0x0000, 0x0000, 0x0000, 0xCCDE, 0xFCDE, 0xECDE,
0xFDEE, 0xFDEF, 0xFEFF, 0xFFFF, 0xFFFF, 0xEFFF, 0xFFFF, 0x5FFF, 0x0000, 0x0000, 0x0000, 0x0000, 0x0000, 0x0000, 0x0000, 0x0000,
0x0000, 0x0000, 0x0000, 0x0000, 0x0000, 0x0000, 0x0000, 0x0000, 0x0000, 0x0000, 0x0000, 0x0000, 0x0000, 0x0000, 0x0000, 0x0000,
0x0000, 0x0000, 0x0000, 0x0000, 0x0000, 0x0000, 0x0000, 0xCDEF, 0xEDEF, 0xEDEF, 0xFEEF, 0xFEEF, 0xFEFF, 0xFEFF, 0xFEFF, 0xEEFF,
0xFEFF, 0x3EFF, 0x0000, 0x0000, 0x0000, 0x0000, 0x0000, 0x0000, 0x0000, 0x0000, 0x0000, 0x0000, 0x0000, 0x0000, 0x0000, 0x0000,
0x0000, 0x6FFF, 0xEFFF, 0xFFFF, 0xEFFF, 0xFFFF, 0xFEFF, 0xFEFF, 0xFEFF, 0xFEFF, 0xFEEF, 0xFEEF, 0xFDEF, 0xFDEF, 0xFDEF, 0xFDEE,
0xEDEE, 0xEDDE, 0xECDE, 0xECDE, 0xECDE, 0xECDE, 0xECDE, 0xECDE, 0xECDE, 0xECDE, 0xFDDE, 0xFDEE, 0xFDEE, 0xFDEF, 0xFDEF, 0xFEEF,
0xFEFF, 0xFEFF, 0xFFFF, 0xFFFF, 0xFFFF, 0xFFFF, 0xEFFF, 0xFFFF, 0xFFFF, 0xCFFF, 0x3FFF, 0x0000, 0x0000, 0x0000, 0x0000, 0x0000,
0x0000, 0x0000, 0x0000, 0x0000, 0x0000, 0x0000, 0x0000, 0x0000, 0x0000, 0x0000, 0x0000, 0x0000, 0x5CDE, 0xFCDE, 0xECDE, 0xFDDE,
0xFDEF, 0xFEEF, 0xFEFF, 0xFFFF, 0xEFFF, 0xFFFF, 0xEFFF, 0x1FFF, 0x0000, 0x0000, 0x0000, 0x0000, 0x0000, 0x0000, 0x0000, 0x0000,
0x0000, 0x0000, 0x0000, 0x0000, 0x0000, 0x0000, 0x0000, 0x0000, 0x0000, 0x0000, 0x0000, 0x0000, 0x0000, 0x0000, 0x0000, 0x0000,
0x0000, 0x0000, 0x0000, 0x0000, 0x0000, 0x0000, 0x0000, 0x6DEF, 0xFDEF, 0xEDEF, 0xFDEF, 0xFEEF, 0xFEEF, 0xFEFF, 0xFEFF, 0xEEFF,
0xFEFF, 0xCEFF, 0x0000, 0x0000, 0x0000, 0x0000, 0x0000, 0x0000, 0x0000, 0x0000, 0x0000, 0x0000, 0x0000, 0x0000, 0x0000, 0x0000,
0x0000, 0x0000, 0x4FFF, 0xDFFF, 0xFFFF, 0xEFFF, 0xEFFF, 0xFFFF, 0xFFFF, 0xFEFF, 0xFEFF, 0xFEFF, 0xFEEF, 0xFEEF, 0xFDEF, 0xFDEF,
0xFDEF, 0xFDEF, 0xFDEF, 0xFDEE, 0xFDEE, 0xFDEE, 0xFDEE, 0xFDEE, 0xFDEF, 0xFDEF, 0xFDEF, 0xFDEF, 0xFEEF, 0xFEEF, 0xFEFF, 0xFEFF,
0xFFFF, 0xFFFF, 0xFFFF, 0xFFFF, 0xEFFF, 0xEFFF, 0xFFFF, 0xEFFF, 0x7FFF, 0x0000, 0x0000, 0x0000, 0x0000, 0x0000, 0x0000, 0x0000,
0x0000, 0x0000, 0x0000, 0x0000, 0x0000, 0x0000, 0x0000, 0x0000, 0x0000, 0x0000, 0x0000, 0x1CDE, 0xDCDE, 0xECDE, 0xECDE, 0xFDEE,
0xFDEF, 0xFEFF, 0xFFFF, 0xFFFF, 0xEFFF, 0xFFFF, 0x9FFF, 0x0000, 0x0000, 0x0000, 0x0000, 0x0000, 0x0000, 0x0000, 0x0000, 0x0000,
0x0000, 0x0000, 0x0000, 0x0000, 0x0000, 0x0000, 0x0000, 0x0000, 0x0000, 0x0000, 0x0000, 0x0000, 0x0000, 0x0000, 0x0000, 0x0000,
0x0000, 0x0000, 0x0000, 0x0000, 0x0000, 0x0000, 0x0000, 0x0DEF, 0xDDEF, 0xEDEF, 0xEDEF, 0xFEEF, 0xFEEF, 0xFEFF, 0xFEFF, 0xFEFF,
0xEEFF, 0xFEFF, 0x6EFF, 0x0000, 0x0000, 0x0000, 0x0000, 0x0000, 0x0000, 0x0000, 0x0000, 0x0000, 0x0000, 0x0000, 0x0000, 0x0000,
0x0000, 0x0000, 0x0000, 0x1FFF, 0xAFFF, 0xFFFF, 0xFFFF, 0xEFFF, 0xEFFF, 0xFFFF, 0xFFFF, 0xFFFF, 0xFEFF, 0xFEFF, 0xFEFF, 0xFEFF,
0xFEEF, 0xFEEF, 0xFEEF, 0xFEEF, 0xFEEF, 0xFEEF, 0xFEEF, 0xFEEF, 0xFEEF, 0xFEFF, 0xFEFF, 0xFEFF, 0xFEFF, 0xFFFF, 0xFFFF, 0xFFFF,
0xFFFF, 0xEFFF, 0xEFFF, 0xEFFF, 0xFFFF, 0xEFFF, 0x9FFF, 0x1FFF, 0x0000, 0x0000, 0x0000, 0x0000, 0x0000, 0x0000, 0x0000, 0x0000,
0x0000, 0x0000, 0x0000, 0x0000, 0x0000, 0x0000, 0x0000, 0x0000, 0x0000, 0x0000, 0x0000, 0x9CDE, 0xFCDE, 0xECDE, 0xFCDE, 0xFDEF,
0xFEEF, 0xFEFF, 0xFFFF, 0xFFFF, 0xEFFF, 0xEFFF, 0x2FFF, 0x0000, 0x0000, 0x0000, 0x0000, 0x0000, 0x0000, 0x0000, 0x0000, 0x0000,
0x0000, 0x0000, 0x0000, 0x0000, 0x0000, 0x0000, 0x0000, 0x0000, 0x0000, 0x0000, 0x0000, 0x0000, 0x0000, 0x0000, 0x0000, 0x0000,
0x0000, 0x0000, 0x0000, 0x0000, 0x0000, 0x0000, 0x0000, 0x0000, 0x6DEF, 0xFDEF, 0xEDEF, 0xFEEF, 0xFEEF, 0xFEEF, 0xFEEF, 0xFEFF,
0xEEFF, 0xEEFF, 0xEEFF, 0x2EFF, 0x0000, 0x0000, 0x0000, 0x0000, 0x0000, 0x0000, 0x0000, 0x0000, 0x0000, 0x0000, 0x0000, 0x0000,
0x0000, 0x0000, 0x0000, 0x0000, 0x0000, 0x5FFF, 0xDFFF, 0xFFFF, 0xFFFF, 0xEFFF, 0xEFFF, 0xEFFF, 0xFFFF, 0xFFFF, 0xFFFF, 0xFFFF,
0xFFFF, 0xFFFF, 0xFEFF, 0xFEFF, 0xFEFF, 0xFEFF, 0xFEFF, 0xFFFF, 0xFFFF, 0xFFFF, 0xFFFF, 0xFFFF, 0xFFFF, 0xFFFF, 0xEFFF, 0xEFFF,
0xEFFF, 0xFFFF, 0xFFFF, 0xFFFF, 0xAFFF, 0x3FFF, 0x0000, 0x0000, 0x0000, 0x0000, 0x0000, 0x0000, 0x0000, 0x0000, 0x0000, 0x0000,
0x0000, 0x0000, 0x0000, 0x0000, 0x0000, 0x0000, 0x0000, 0x0000, 0x0000, 0x0000, 0x4CDE, 0xFCDE, 0xECDE, 0xFCDE, 0xFDEE, 0xFDEF,
0xFEFF, 0xFFFF, 0xFFFF, 0xEFFF, 0xFFFF, 0xAFFF, 0x0000, 0x0000, 0x0000, 0x0000, 0x0000, 0x0000, 0x0000, 0x0000, 0x0000, 0x0000,
0x0000, 0x0000, 0x0000, 0x0000, 0x0000, 0x0000, 0x0000, 0x0000, 0x0000, 0x0000, 0x0000, 0x0000, 0x0000, 0x0000, 0x0000, 0x0000,
0x0000, 0x0000, 0x0000, 0x0000, 0x0000, 0x0000, 0x0000, 0x0000, 0x0DEF, 0xCDEF, 0xEDEF, 0xEEEF, 0xFEEF, 0xFEEF, 0xFEEF, 0xFEFF,
0xFEFF, 0xEEFF, 0xFEFF, 0xBEFF, 0x0000, 0x0000, 0x0000, 0x0000, 0x0000, 0x0000, 0x0000, 0x0000, 0x0000, 0x0000, 0x0000, 0x0000,
0x0000, 0x0000, 0x0000, 0x0000, 0x0000, 0x0000, 0x1FFF, 0x7FFF, 0xDFFF, 0xFFFF, 0xFFFF, 0xFFFF, 0xEFFF, 0xEFFF, 0xEFFF, 0xEFFF,
0xFFFF, 0xFFFF, 0xFFFF, 0xFFFF, 0xFFFF, 0xFFFF, 0xFFFF, 0xFFFF, 0xFFFF, 0xEFFF, 0xEFFF, 0xEFFF, 0xEFFF, 0xEFFF, 0xFFFF, 0xFFFF,
0xFFFF, 0xDFFF, 0x9FFF, 0x3FFF, 0x0000, 0x0000, 0x0000, 0x0000, 0x0000, 0x0000, 0x0000, 0x0000, 0x0000, 0x0000, 0x0000, 0x0000,
0x0000, 0x0000, 0x0000, 0x0000, 0x0000, 0x0000, 0x0000, 0x0000, 0x0000, 0x0CDE, 0xDCDE, 0xECDE, 0xECDE, 0xFDDE, 0xFDEF, 0xFEEF,
0xFEFF, 0xFFFF, 0xFFFF, 0xEFFF, 0xFFFF, 0x3FFF, 0x0000, 0x0000, 0x0000, 0x0000, 0x0000, 0x0000, 0x0000, 0x0000, 0x0000, 0x0000,
0x0000, 0x0000, 0x0000, 0x0000, 0x0000, 0x0000, 0x0000, 0x0000, 0x0000, 0x0000, 0x0000, 0x0000, 0x0000, 0x0000, 0x0000, 0x0000,
0x0000, 0x0000, 0x0000, 0x0000, 0x0000, 0x0000, 0x0000, 0x0000, 0x0000, 0x5DEF, 0xFDEF, 0xEEEF, 0xFEEF, 0xFEEF, 0xFEEF, 0xFEEF,
0xFEEF, 0xFEEF, 0xEEEF, 0xFEEF, 0x8EEF, 0x0000, 0x0000, 0x0000, 0x0000, 0x0000, 0x0000, 0x0000, 0x0000, 0x0000, 0x0000, 0x0000,
0x0000, 0x0000, 0x0000, 0x0000, 0x0000, 0x0000, 0x0000, 0x0000, 0x1FFF, 0x6FFF, 0xBFFF, 0xEFFF, 0xFFFF, 0xFFFF, 0xFFFF, 0xFFFF,
0xFFFF, 0xEFFF, 0xEFFF, 0xEFFF, 0xEFFF, 0xEFFF, 0xEFFF, 0xEFFF, 0xFFFF, 0xFFFF, 0xFFFF, 0xFFFF, 0xFFFF, 0xFFFF, 0xEFFF, 0xAFFF,
0x5FFF, 0x1FFF, 0x0000, 0x0000, 0x0000, 0x0000, 0x0000, 0x0000, 0x0000, 0x0000, 0x0000, 0x0000, 0x0000, 0x0000, 0x0000, 0x0000,
0x0000, 0x0000, 0x0000, 0x0000, 0x0000, 0x0000, 0x0000, 0x0000, 0x0000, 0x9CDE, 0xFCDE, 0xECDE, 0xFCDE, 0xFDEF, 0xFDEF, 0xFEFF,
0xFFFF, 0xFFFF, 0xEFFF, 0xFFFF, 0xAFFF, 0x0000, 0x0000, 0x0000, 0x0000, 0x0000, 0x0000, 0x0000, 0x0000, 0x0000, 0x0000, 0x0000,
0x0000, 0x0000, 0x0000, 0x0000, 0x0000, 0x0000, 0x0000, 0x0000, 0x0000, 0x0000, 0x0000, 0x0000, 0x0000, 0x0000, 0x0000, 0x0000,
0x0000, 0x0000, 0x0000, 0x0000, 0x0000, 0x0000, 0x0000, 0x0000, 0x0000, 0x0000, 0xCDEF, 0xFEEF, 0xEEEF, 0xFEEF, 0xFEEF, 0xFEEF,
0xFEEF, 0xFEEF, 0xFEEF, 0xEEEF, 0xFEEF, 0x5EEF, 0x0000, 0x0000, 0x0000, 0x0000, 0x0000, 0x0000, 0x0000, 0x0000, 0x0000, 0x0000,
0x0000, 0x0000, 0x0000, 0x0000, 0x0000, 0x0000, 0x0000, 0x0000, 0x0000, 0x0000, 0x0000, 0x2FFF, 0x6FFF, 0x9FFF, 0xCFFF, 0xEFFF,
0xFFFF, 0xFFFF, 0xFFFF, 0xFFFF, 0xFFFF, 0xFFFF, 0xFFFF, 0xFFFF, 0xFFFF, 0xDFFF, 0xCFFF, 0xAFFF, 0x7FFF, 0x5FFF, 0x1FFF, 0x0000,
0x0000, 0x0000, 0x0000, 0x0000, 0x0000, 0x0000, 0x0000, 0x0000, 0x0000, 0x0000, 0x0000, 0x0000, 0x0000, 0x0000, 0x0000, 0x0000,
0x0000, 0x0000, 0x0000, 0x0000, 0x0000, 0x0000, 0x0000, 0x0000, 0x6CDE, 0xFCDE, 0xECDE, 0xFCDE, 0xFDEE, 0xFDEF, 0xFEFF, 0xFFFF,
0xFFFF, 0xEFFF, 0xEFFF, 0xEFFF, 0x2FFF, 0x0000, 0x0000, 0x0000, 0x0000, 0x0000, 0x0000, 0x0000, 0x0000, 0x0000, 0x0000, 0x0000,
0x0000, 0x0000, 0x0000, 0x0000, 0x0000, 0x0000, 0x0000, 0x0000, 0x0000, 0x0000, 0x0000, 0x0000, 0x0000, 0x0000, 0x0000, 0x0000,
0x0000, 0x0000, 0x0000, 0x0000, 0x0000, 0x0000, 0x0000, 0x0000, 0x0000, 0x0000, 0x3EEF, 0xEEEF, 0xEEEF, 0xEEEF, 0xFEEF, 0xFEEF,
0xFEEF, 0xFEEF, 0xFEEF, 0xEEEF, 0xEEEF, 0xEDEF, 0x3DEF, 0x0000, 0x0000, 0x0000, 0x0000, 0x0000, 0x0000, 0x0000, 0x0000, 0x0000,
0x0000, 0x0000, 0x0000, 0x0000, 0x0000, 0x0000, 0x0000, 0x0000, 0x0000, 0x0000, 0x0000, 0x0000, 0x0000, 0x0000, 0x0000, 0x1FFF,
0x2FFF, 0x4FFF, 0x5FFF, 0x6FFF, 0x7FFF, 0x7FFF, 0x6FFF, 0x5FFF, 0x3FFF, 0x1FFF, 0x0000, 0x0000, 0x0000, 0x0000, 0x0000, 0x0000,
0x0000, 0x0000, 0x0000, 0x0000, 0x0000, 0x0000, 0x0000, 0x0000, 0x0000, 0x0000, 0x0000, 0x0000, 0x0000, 0x0000, 0x0000, 0x0000,
0x0000, 0x0000, 0x0000, 0x0000, 0x0000, 0x0000, 0x0000, 0x5CDE, 0xFCDE, 0xECDE, 0xECDE, 0xFDDE, 0xFDEF, 0xFEEF, 0xFEFF, 0xFFFF,
0xFFFF, 0xEFFF, 0xFFFF, 0x7FFF, 0x0000, 0x0000, 0x0000, 0x0000, 0x0000, 0x0000, 0x0000, 0x0000, 0x0000, 0x0000, 0x0000, 0x0000,
0x0000, 0x0000, 0x0000, 0x0000, 0x0000, 0x0000, 0x0000, 0x0000, 0x0000, 0x0000, 0x0000, 0x0000, 0x0000, 0x0000, 0x0000, 0x0000,
0x0000, 0x0000, 0x0000, 0x0000, 0x0000, 0x0000, 0x0000, 0x0000, 0x0000, 0x0000, 0x0000, 0x7EEF, 0xFEEF, 0xEEEF, 0xFEEF, 0xFEEF,
0xFEEF, 0xFEEF, 0xFEEF, 0xFEEF, 0xEEEF, 0xFDEF, 0xEDEF, 0x3DEF, 0x0000, 0x0000, 0x0000, 0x0000, 0x0000, 0x0000, 0x0000, 0x0000,
0x0000, 0x0000, 0x0000, 0x0000, 0x0000, 0x0000, 0x0000, 0x0000, 0x0000, 0x0000, 0x0000, 0x0000, 0x0000, 0x0000, 0x0000, 0x0000,
0x0000, 0x0000, 0x0000, 0x0000, 0x0000, 0x0000, 0x0000, 0x0000, 0x0000, 0x0000, 0x0000, 0x0000, 0x0000, 0x0000, 0x0000, 0x0000,
0x0000, 0x0000, 0x0000, 0x0000, 0x0000, 0x0000, 0x0000, 0x0000, 0x0000, 0x0000, 0x0000, 0x0000, 0x0000, 0x0000, 0x0000, 0x0000,
0x0000, 0x0000, 0x0000, 0x0000, 0x0000, 0x0000, 0x5CDE, 0xFCDE, 0xECDE, 0xECDE, 0xFDDE, 0xFDEF, 0xFEEF, 0xFEFF, 0xFFFF, 0xFFFF,
0xEFFF, 0xFFFF, 0xCFFF, 0x0FFF, 0x0000, 0x0000, 0x0000, 0x0000, 0x0000, 0x0000, 0x0000, 0x0000, 0x0000, 0x0000, 0x0000, 0x0000,
0x0000, 0x0000, 0x0000, 0x0000, 0x0000, 0x0000, 0x0000, 0x0000, 0x0000, 0x0000, 0x0000, 0x0000, 0x0000, 0x0000, 0x0000, 0x0000,
0x0000, 0x0000, 0x0000, 0x0000, 0x0000, 0x0000, 0x0000, 0x0000, 0x0000, 0x0000, 0x0000, 0x0000, 0xAEFF, 0xFEFF, 0xEEFF, 0xFEFF,
0xFEEF, 0xFEEF, 0xFEEF, 0xFEEF, 0xFEEF, 0xEDEF, 0xFDEF, 0xEDEF, 0x3DEF, 0x0000, 0x0000, 0x0000, 0x0000, 0x0000, 0x0000, 0x0000,
0x0000, 0x0000, 0x0000, 0x0000, 0x0000, 0x0000, 0x0000, 0x0000, 0x0000, 0x0000, 0x0000, 0x0000, 0x0000, 0x0000, 0x0000, 0x0000,
0x0000, 0x0000, 0x0000, 0x0000, 0x0000, 0x0000, 0x0000, 0x0000, 0x0000, 0x0000, 0x0000, 0x0000, 0x0000, 0x0000, 0x0000, 0x0000,
0x0000, 0x0000, 0x0000, 0x0000, 0x0000, 0x0000, 0x0000, 0x0000, 0x0000, 0x0000, 0x0000, 0x0000, 0x0000, 0x0000, 0x0000, 0x0000,
0x0000, 0x0000, 0x0000, 0x0000, 0x0000, 0x6CDE, 0xFCDE, 0xECDE, 0xECDE, 0xFDDE, 0xFDEF, 0xFDEF, 0xFEFF, 0xFFFF, 0xFFFF, 0xEFFF,
0xEFFF, 0xEFFF, 0x3FFF, 0x0000, 0x0000, 0x0000, 0x0000, 0x0000, 0x0000, 0x0000, 0x0000, 0x0000, 0x0000, 0x0000, 0x0000, 0x0000,
0x0000, 0x0000, 0x0000, 0x0000, 0x0000, 0x0000, 0x0000, 0x0000, 0x0000, 0x0000, 0x0000, 0x0000, 0x0000, 0x0000, 0x0000, 0x0000,
0x0000, 0x0000, 0x0000, 0x0000, 0x0000, 0x0000, 0x0000, 0x0000, 0x0000, 0x0000, 0x0000, 0x0000, 0x1EFF, 0xDEFF, 0xFEFF, 0xEEFF,
0xFEFF, 0xFEFF, 0xFEEF, 0xFEEF, 0xFEEF, 0xFEEF, 0xEDEF, 0xFDEF, 0xEDEF, 0x5DEF, 0x0000, 0x0000, 0x0000, 0x0000, 0x0000, 0x0000,
0x0000, 0x0000, 0x0000, 0x0000, 0x0000, 0x0000, 0x0000, 0x0000, 0x0000, 0x0000, 0x0000, 0x0000, 0x0000, 0x0000, 0x0000, 0x0000,
0x0000, 0x0000, 0x0000, 0x0000, 0x0000, 0x0000, 0x0000, 0x0000, 0x0000, 0x0000, 0x0000, 0x0000, 0x0000, 0x0000, 0x0000, 0x0000,
0x0000, 0x0000, 0x0000, 0x0000, 0x0000, 0x0000, 0x0000, 0x0000, 0x0000, 0x0000, 0x0000, 0x0000, 0x0000, 0x0000, 0x0000, 0x0000,
0x0000, 0x0000, 0x0000, 0x2CDE, 0xBCDE, 0xFCDE, 0xECDE, 0xECDE, 0xFDDE, 0xFDEF, 0xFDEF, 0xFEFF, 0xFFFF, 0xFFFF, 0xFFFF, 0xEFFF,
0xFFFF, 0x7FFF, 0x0000, 0x0000, 0x0000, 0x0000, 0x0000, 0x0000, 0x0000, 0x0000, 0x0000, 0x0000, 0x0000, 0x0000, 0x0000, 0x0000,
0x0000, 0x0000, 0x0000, 0x0000, 0x0000, 0x0000, 0x0000, 0x0000, 0x0000, 0x0000, 0x0000, 0x0000, 0x0000, 0x0000, 0x0000, 0x0000,
0x0000, 0x0000, 0x0000, 0x0000, 0x0000, 0x0000, 0x0000, 0x0000, 0x0000, 0x0000, 0x0000, 0x0000, 0x0000, 0x3EFF, 0xEEFF, 0xEEFF,
0xEEFF, 0xFEFF, 0xFEFF, 0xFEEF, 0xFEEF, 0xFEEF, 0xFDEF, 0xEDEF, 0xFDEF, 0xFDEF, 0x7DEE, 0x0000, 0x0000, 0x0000, 0x0000, 0x0000,
0x0000, 0x0000, 0x0000, 0x0000, 0x0000, 0x0000, 0x0000, 0x0000, 0x0000, 0x0000, 0x0000, 0x0000, 0x0000, 0x0000, 0x0000, 0x0000,
0x0000, 0x0000, 0x0000, 0x0000, 0x0000, 0x0000, 0x0000, 0x0000, 0x0000, 0x0000, 0x0000, 0x0000, 0x0000, 0x0000, 0x0000, 0x0000,
0x0000, 0x0000, 0x0000, 0x0000, 0x0000, 0x0000, 0x0000, 0x0000, 0x0000, 0x0000, 0x0000, 0x0000, 0x0000, 0x0000, 0x0000, 0x0000,
0x0000, 0x0000, 0x4CDE, 0xECDE, 0xFCDE, 0xECDE, 0xFCDE, 0xFDDE, 0xFDEF, 0xFDEF, 0xFEFF, 0xFFFF, 0xFFFF, 0xFFFF, 0xEFFF, 0xFFFF,
0xAFFF, 0x0000, 0x0000, 0x0000, 0x0000, 0x0000, 0x0000, 0x0000, 0x0000, 0x0000, 0x0000, 0x0000, 0x0000, 0x0000, 0x0000, 0x0000,
0x0000, 0x0000, 0x0000, 0x0000, 0x0000, 0x0000, 0x0000, 0x0000, 0x0000, 0x0000, 0x0000, 0x0000, 0x0000, 0x0000, 0x0000, 0x0000,
0x0000, 0x0000, 0x0000, 0x0000, 0x0000, 0x0000, 0x0000, 0x0000, 0x0000, 0x0000, 0x0000, 0x0000, 0x0000, 0x0000, 0x5EFF, 0xFEFF,
0xEEFF, 0xEEFF, 0xFEFF, 0xFEFF, 0xFEEF, 0xFEEF, 0xFEEF, 0xFDEF, 0xEDEF, 0xEDEF, 0xFDEE, 0xADEE, 0x1DEE, 0x0000, 0x0000, 0x0000,
0x0000, 0x0000, 0x0000, 0x0000, 0x0000, 0x0000, 0x0000, 0x0000, 0x0000, 0x0000, 0x0000, 0x0000, 0x0000, 0x0000, 0x0000, 0x0000,
0x0000, 0x0000, 0x0000, 0x0000, 0x0000, 0x0000, 0x0000, 0x0000, 0x0000, 0x0000, 0x0000, 0x0000, 0x0000, 0x0000, 0x0000, 0x0000,
0x0000, 0x0000, 0x0000, 0x0000, 0x0000, 0x0000, 0x0000, 0x0000, 0x0000, 0x0000, 0x0000, 0x0000, 0x0000, 0x0000, 0x0000, 0x0000,
0x0CDE, 0x8CDE, 0xFCDE, 0xFCDE, 0xECDE, 0xFCDE, 0xFDDE, 0xFDEF, 0xFDEF, 0xFEFF, 0xFFFF, 0xFFFF, 0xFFFF, 0xEFFF, 0xFFFF, 0xCFFF,
0x0FFF, 0x0000, 0x0000, 0x0000, 0x0000, 0x0000, 0x0000, 0x0000, 0x0000, 0x0000, 0x0000, 0x0000, 0x0000, 0x0000, 0x0000, 0x0000,
0x0000, 0x0000, 0x0000, 0x0000, 0x0000, 0x0000, 0x0000, 0x0000, 0x0000, 0x0000, 0x0000, 0x0000, 0x0000, 0x0000, 0x0000, 0x0000,
0x0000, 0x0000, 0x0000, 0x0000, 0x0000, 0x0000, 0x0000, 0x0000, 0x0000, 0x0000, 0x0000, 0x0000, 0x0000, 0x0000, 0x0000, 0x6EFF,
0xFEFF, 0xEEFF, 0xFEFF, 0xFEFF, 0xFEFF, 0xFEEF, 0xFEEF, 0xFEEF, 0xFDEF, 0xFDEF, 0xEDEF, 0xFDEE, 0xDDEE, 0x5DDE, 0x0000, 0x0000,
0x0000, 0x0000, 0x0000, 0x0000, 0x0000, 0x0000, 0x0000, 0x0000, 0x0000, 0x0000, 0x0000, 0x0000, 0x0000, 0x0000, 0x0000, 0x0000,
0x0000, 0x0000, 0x0000, 0x0000, 0x0000, 0x0000, 0x0000, 0x0000, 0x0000, 0x0000, 0x0000, 0x0000, 0x0000, 0x0000, 0x0000, 0x0000,
0x0000, 0x0000, 0x0000, 0x0000, 0x0000, 0x0000, 0x0000, 0x0000, 0x0000, 0x0000, 0x0000, 0x0000, 0x0000, 0x0000, 0x0000, 0x3CDE,
0xCCDE, 0xFCDE, 0xECDE, 0xECDE, 0xFCDE, 0xFDEE, 0xFDEF, 0xFDEF, 0xFEFF, 0xFFFF, 0xFFFF, 0xFFFF, 0xEFFF, 0xFFFF, 0xDFFF, 0x2FFF,
0x0000, 0x0000, 0x0000, 0x0000, 0x0000, 0x0000, 0x0000, 0x0000, 0x0000, 0x0000, 0x0000, 0x0000, 0x0000, 0x0000, 0x0000, 0x0000,
0x0000, 0x0000, 0x0000, 0x0000, 0x0000, 0x0000, 0x0000, 0x0000, 0x0000, 0x0000, 0x0000, 0x0000, 0x0000, 0x0000, 0x0000, 0x0000,
0x0000, 0x0000, 0x0000, 0x0000, 0x0000, 0x0000, 0x0000, 0x0000, 0x0000, 0x0000, 0x0000, 0x0000, 0x0000, 0x0000, 0x0000, 0x0000,
0x8EFF, 0xFEFF, 0xEEFF, 0xFEFF, 0xFEFF, 0xFEFF, 0xFEEF, 0xFEEF, 0xFEEF, 0xFDEF, 0xFDEF, 0xEDEF, 0xFDEE, 0xFDEE, 0xBDDE, 0x3DDE,
0x0000, 0x0000, 0x0000, 0x0000, 0x0000, 0x0000, 0x0000, 0x0000, 0x0000, 0x0000, 0x0000, 0x0000, 0x0000, 0x0000, 0x0000, 0x0000,
0x0000, 0x0000, 0x0000, 0x0000, 0x0000, 0x0000, 0x0000, 0x0000, 0x0000, 0x0000, 0x0000, 0x0000, 0x0000, 0x0000, 0x0000, 0x0000,
0x0000, 0x0000, 0x0000, 0x0000, 0x0000, 0x0000, 0x0000, 0x0000, 0x0000, 0x0000, 0x0000, 0x0000, 0x0000, 0x1CDE, 0x8CDE, 0xECDE,
0xFCDE, 0xECDE, 0xFCDE, 0xFDDE, 0xFDEE, 0xFDEF, 0xFEEF, 0xFEFF, 0xFFFF, 0xFFFF, 0xFFFF, 0xEFFF, 0xFFFF, 0xDFFF, 0x2FFF, 0x0000,
0x0000, 0x0000, 0x0000, 0x0000, 0x0000, 0x0000, 0x0000, 0x0000, 0x0000, 0x0000, 0x0000, 0x0000, 0x0000, 0x0000, 0x0000, 0x0000,
0x0000, 0x0000, 0x0000, 0x0000, 0x0000, 0x0000, 0x0000, 0x0000, 0x0000, 0x0000, 0x0000, 0x0000, 0x0000, 0x0000, 0x0000, 0x0000,
0x0000, 0x0000, 0x0000, 0x0000, 0x0000, 0x0000, 0x0000, 0x0000, 0x0000, 0x0000, 0x0000, 0x0000, 0x0000, 0x0000, 0x0000, 0x0000,
0x0000, 0x9EFF, 0xFEFF, 0xEEFF, 0xFEFF, 0xFEFF, 0xFEFF, 0xFEFF, 0xFEEF, 0xFEEF, 0xFDEF, 0xFDEF, 0xEDEF, 0xEDEE, 0xFDDE, 0xFDDE,
0x9CDE, 0x2CDE, 0x0000, 0x0000, 0x0000, 0x0000, 0x0000, 0x0000, 0x0000, 0x0000, 0x0000, 0x0000, 0x0000, 0x0000, 0x0000, 0x0000,
0x0000, 0x0000, 0x0000, 0x0000, 0x0000, 0x0000, 0x0000, 0x0000, 0x0000, 0x0000, 0x0000, 0x0000, 0x0000, 0x0000, 0x0000, 0x0000,
0x0000, 0x0000, 0x0000, 0x0000, 0x0000, 0x0000, 0x0000, 0x0000, 0x0000, 0x0000, 0x0000, 0x1CDE, 0x7CDE, 0xDCDE, 0xFCDE, 0xECDE,
0xECDE, 0xFCDE, 0xFDEE, 0xFDEF, 0xFDEF, 0xFEEF, 0xFEFF, 0xFFFF, 0xFFFF, 0xFFFF, 0xEFFF, 0xFFFF, 0xDFFF, 0x2FFF, 0x0000, 0x0000,
0x0000, 0x0000, 0x0000, 0x0000, 0x0000, 0x0000, 0x0000, 0x0000, 0x0000, 0x0000, 0x0000, 0x0000, 0x0000, 0x0000, 0x0000, 0x0000,
0x0000, 0x0000, 0x0000, 0x0000, 0x0000, 0x0000, 0x0000, 0x0000, 0x0000, 0x0000, 0x0000, 0x0000, 0x0000, 0x0000, 0x0000, 0x0000,
0x0000, 0x0000, 0x0000, 0x0000, 0x0000, 0x0000, 0x0000, 0x0000, 0x0000, 0x0000, 0x0000, 0x0000, 0x0000, 0x0000, 0x0000, 0x0000,
0x0000, 0x0000, 0x9EFF, 0xFFFF, 0xEEFF, 0xEEFF, 0xFEFF, 0xFEFF, 0xFEFF, 0xFEEF, 0xFEEF, 0xFDEF, 0xFDEF, 0xFDEF, 0xEDEE, 0xEDEE,
0xFDDE, 0xECDE, 0x9CDE, 0x3CDE, 0x0000, 0x0000, 0x0000, 0x0000, 0x0000, 0x0000, 0x0000, 0x0000, 0x0000, 0x0000, 0x0000, 0x0000,
0x0000, 0x0000, 0x0000, 0x0000, 0x0000, 0x0000, 0x0000, 0x0000, 0x0000, 0x0000, 0x0000, 0x0000, 0x0000, 0x0000, 0x0000, 0x0000,
0x0000, 0x0000, 0x0000, 0x0000, 0x0000, 0x0000, 0x0000, 0x0000, 0x0000, 0x1CDE, 0x7CDE, 0xDCDE, 0xFCDE, 0xFCDE, 0xECDE, 0xFCDE,
0xFDDE, 0xFDEE, 0xFDEF, 0xFEEF, 0xFEFF, 0xFEFF, 0xFFFF, 0xFFFF, 0xFFFF, 0xEFFF, 0xFFFF, 0xDFFF, 0x2FFF, 0x0000, 0x0000, 0x0000,
0x0000, 0x0000, 0x0000, 0x0000, 0x0000, 0x0000, 0x0000, 0x0000, 0x0000, 0x0000, 0x0000, 0x0000, 0x0000, 0x0000, 0x0000, 0x0000,
0x0000, 0x0000, 0x0000, 0x0000, 0x0000, 0x0000, 0x0000, 0x0000, 0x0000, 0x0000, 0x0000, 0x0000, 0x0000, 0x0000, 0x0000, 0x0000,
0x0000, 0x0000, 0x0000, 0x0000, 0x0000, 0x0000, 0x0000, 0x0000, 0x0000, 0x0000, 0x0000, 0x0000, 0x0000, 0x0000, 0x0000, 0x0000,
0x0000, 0x0000, 0x0000, 0x8FFF, 0xFFFF, 0xEFFF, 0xEEFF, 0xFEFF, 0xFEFF, 0xFEFF, 0xFEEF, 0xFEEF, 0xFDEF, 0xFDEF, 0xFDEF, 0xFDEF,
0xEDEE, 0xFDDE, 0xFCDE, 0xFCDE, 0xCCDE, 0x7CDE, 0x2CDE, 0x0000, 0x0000, 0x0000, 0x0000, 0x0000, 0x0000, 0x0000, 0x0000, 0x0000,
0x0000, 0x0000, 0x0000, 0x0000, 0x0000, 0x0000, 0x0000, 0x0000, 0x0000, 0x0000, 0x0000, 0x0000, 0x0000, 0x0000, 0x0000, 0x0000,
0x0000, 0x0000, 0x0000, 0x0000, 0x0000, 0x0000, 0x0000, 0x2CDE, 0x8CDE, 0xECDE, 0xFCDE, 0xFCDE, 0xECDE, 0xECDE, 0xFCDE, 0xFDEE,
0xFDEF, 0xFDEF, 0xFEEF, 0xFEFF, 0xFFFF, 0xFFFF, 0xFFFF, 0xFFFF, 0xEFFF, 0xFFFF, 0xCFFF, 0x2FFF, 0x0000, 0x0000, 0x0000, 0x0000,
0x0000, 0x0000, 0x0000, 0x0000, 0x0000, 0x0000, 0x0000, 0x0000, 0x0000, 0x0000, 0x0000, 0x0000, 0x0000, 0x0000, 0x0000, 0x0000,
0x0000, 0x0000, 0x0000, 0x0000, 0x0000, 0x0000, 0x0000, 0x0000, 0x0000, 0x0000, 0x0000, 0x0000, 0x0000, 0x0000, 0x0000, 0x0000,
0x0000, 0x0000, 0x0000, 0x0000, 0x0000, 0x0000, 0x0000, 0x0000, 0x0000, 0x0000, 0x0000, 0x0000, 0x0000, 0x0000, 0x0000, 0x0000,
0x0000, 0x0000, 0x0000, 0x0000, 0x6FFF, 0xEFFF, 0xFFFF, 0xEFFF, 0xFEFF, 0xFEFF, 0xFEFF, 0xFEFF, 0xFEEF, 0xFEEF, 0xFDEF, 0xFDEF,
0xFDEF, 0xEDEE, 0xEDEE, 0xEDDE, 0xFCDE, 0xFCDE, 0xECDE, 0xBCDE, 0x7CDE, 0x2CDE, 0x0000, 0x0000, 0x0000, 0x0000, 0x0000, 0x0000,
0x0000, 0x0000, 0x0000, 0x0000, 0x0000, 0x0000, 0x0000, 0x0000, 0x0000, 0x0000, 0x0000, 0x0000, 0x0000, 0x0000, 0x0000, 0x0000,
0x0000, 0x0000, 0x0000, 0x0000, 0x0000, 0x4CDE, 0xACDE, 0xECDE, 0xFCDE, 0xFCDE, 0xECDE, 0xECDE, 0xFCDE, 0xFDEE, 0xFDEF, 0xFDEF,
0xFEEF, 0xFEFF, 0xFEFF, 0xFFFF, 0xFFFF, 0xFFFF, 0xEFFF, 0xEFFF, 0xFFFF, 0xAFFF, 0x1FFF, 0x0000, 0x0000, 0x0000, 0x0000, 0x0000,
0x0000, 0x0000, 0x0000, 0x0000, 0x0000, 0x0000, 0x0000, 0x0000, 0x0000, 0x0000, 0x0000, 0x0000, 0x0000, 0x0000, 0x0000, 0x0000,
0x0000, 0x0000, 0x0000, 0x0000, 0x0000, 0x0000, 0x0000, 0x0000, 0x0000, 0x0000, 0x0000, 0x0000, 0x0000, 0x0000, 0x0000, 0x0000,
0x0000, 0x0000, 0x0000, 0x0000, 0x0000, 0x0000, 0x0000, 0x0000, 0x0000, 0x0000, 0x0000, 0x0000, 0x0000, 0x0000, 0x0000, 0x0000,
0x0000, 0x0000, 0x0000, 0x0000, 0x0000, 0x4FFF, 0xEFFF, 0xFFFF, 0xEFFF, 0xFFFF, 0xFEFF, 0xFEFF, 0xFEFF, 0xFEFF, 0xFEEF, 0xFEEF,
0xFDEF, 0xFDEF, 0xFDEF, 0xFDEE, 0xEDEE, 0xEDDE, 0xFCDE, 0xFCDE, 0xFCDE, 0xFCDE, 0xCCDE, 0x8CDE, 0x4CDE, 0x2CDE, 0x0CDE, 0x0000,
0x0000, 0x0000, 0x0000, 0x0000, 0x0000, 0x0000, 0x0000, 0x0000, 0x0000, 0x0000, 0x0000, 0x0000, 0x0000, 0x0000, 0x0000, 0x0000,
0x0000, 0x2CDE, 0x4CDE, 0x8CDE, 0xCCDE, 0xFCDE, 0xFCDE, 0xFCDE, 0xECDE, 0xECDE, 0xFCDE, 0xFDEE, 0xFDEF, 0xFDEF, 0xFDEF, 0xFEEF,
0xFEFF, 0xFFFF, 0xFFFF, 0xFFFF, 0xFFFF, 0xEFFF, 0xFFFF, 0xFFFF, 0x7FFF, 0x0000, 0x0000, 0x0000, 0x0000, 0x0000, 0x0000, 0x0000,
0x0000, 0x0000, 0x0000, 0x0000, 0x0000, 0x0000, 0x0000, 0x0000, 0x0000, 0x0000, 0x0000, 0x0000, 0x0000, 0x0000, 0x0000, 0x0000,
0x0000, 0x0000, 0x0000, 0x0000, 0x0000, 0x0000, 0x0000, 0x0000, 0x0000, 0x0000, 0x0000, 0x0000, 0x0000, 0x0000, 0x0000, 0x0000,
0x0000, 0x0000, 0x0000, 0x0000, 0x0000, 0x0000, 0x0000, 0x0000, 0x0000, 0x0000, 0x0000, 0x0000, 0x0000, 0x0000, 0x0000, 0x0000,
0x0000, 0x0000, 0x0000, 0x0000, 0x0000, 0x0000, 0x2FFF, 0xCFFF, 0xFFFF, 0xEFFF, 0xEFFF, 0xFFFF, 0xFEFF, 0xFEFF, 0xFEFF, 0xFEFF,
0xFEEF, 0xFEEF, 0xFDEF, 0xFDEF, 0xFDEF, 0xFDEF, 0xEDEE, 0xEDDE, 0xEDDE, 0xFCDE, 0xFCDE, 0xFCDE, 0xFCDE, 0xECDE, 0xDCDE, 0xBCDE,
0xACDE, 0x8CDE, 0x7CDE, 0x5CDE, 0x4CDE, 0x4CDE, 0x3CDE, 0x3CDE, 0x3CDE, 0x3CDE, 0x3CDE, 0x4CDE, 0x5CDE, 0x7CDE, 0x8CDE, 0xACDE,
0xCCDE, 0xECDE, 0xFCDE, 0xFCDE, 0xFCDE, 0xECDE, 0xECDE, 0xECDE, 0xFDDE, 0xFDEE, 0xFDEF, 0xFDEF, 0xFDEF, 0xFEEF, 0xFEFF, 0xFEFF,
0xFFFF, 0xFFFF, 0xFFFF, 0xEFFF, 0xEFFF, 0xFFFF, 0xCFFF, 0x3FFF, 0x0000, 0x0000, 0x0000, 0x0000, 0x0000, 0x0000, 0x0000, 0x0000,
0x0000, 0x0000, 0x0000, 0x0000, 0x0000, 0x0000, 0x0000, 0x0000, 0x0000, 0x0000, 0x0000, 0x0000, 0x0000, 0x0000, 0x0000, 0x0000,
0x0000, 0x0000, 0x0000, 0x0000, 0x0000, 0x0000, 0x0000, 0x0000, 0x0000, 0x0000, 0x0000, 0x0000, 0x0000, 0x0000, 0x0000, 0x0000,
0x0000, 0x0000, 0x0000, 0x0000, 0x0000, 0x0000, 0x0000, 0x0000, 0x0000, 0x0000, 0x0000, 0x0000, 0x0000, 0x0000, 0x0000, 0x0000,
0x0000, 0x0000, 0x0000, 0x0000, 0x0000, 0x0000, 0x0000, 0x0FFF, 0x9FFF, 0xFFFF, 0xFFFF, 0xEFFF, 0xEFFF, 0xFFFF, 0xFEFF, 0xFEFF,
0xFEFF, 0xFEFF, 0xFEEF, 0xFEEF, 0xFDEF, 0xFDEF, 0xFDEF, 0xFDEF, 0xFDEE, 0xFDEE, 0xEDDE, 0xEDDE, 0xECDE, 0xFCDE, 0xFCDE, 0xFCDE,
0xFCDE, 0xFCDE, 0xFCDE, 0xFCDE, 0xFCDE, 0xFCDE, 0xFCDE, 0xFCDE, 0xFCDE, 0xFCDE, 0xFCDE, 0xFCDE, 0xFCDE, 0xFCDE, 0xFCDE, 0xFCDE,
0xFCDE, 0xFCDE, 0xECDE, 0xECDE, 0xECDE, 0xFCDE, 0xFDDE, 0xFDEE, 0xFDEF, 0xFDEF, 0xFEEF, 0xFEEF, 0xFEFF, 0xFEFF, 0xFFFF, 0xFFFF,
0xFFFF, 0xEFFF, 0xEFFF, 0xFFFF, 0xFFFF, 0x8FFF, 0x0FFF, 0x0000, 0x0000, 0x0000, 0x0000, 0x0000, 0x0000, 0x0000, 0x0000, 0x0000,
0x0000, 0x0000, 0x0000, 0x0000, 0x0000, 0x0000, 0x0000, 0x0000, 0x0000, 0x0000, 0x0000, 0x0000, 0x0000, 0x0000, 0x0000, 0x0000,
0x0000, 0x0000, 0x0000, 0x0000, 0x0000, 0x0000, 0x0000, 0x0000, 0x0000, 0x0000, 0x0000, 0x0000, 0x0000, 0x0000, 0x0000, 0x0000,
0x0000, 0x0000, 0x0000, 0x0000, 0x0000, 0x0000, 0x0000, 0x0000, 0x0000, 0x0000, 0x0000, 0x0000, 0x0000, 0x0000, 0x0000, 0x0000,
0x0000, 0x0000, 0x0000, 0x0000, 0x0000, 0x0000, 0x0000, 0x0000, 0x0000, 0x6FFF, 0xDFFF, 0xFFFF, 0xFFFF, 0xEFFF, 0xEFFF, 0xFFFF,
0xFFFF, 0xFEFF, 0xFEFF, 0xFEFF, 0xFEFF, 0xFEEF, 0xFEEF, 0xFDEF, 0xFDEF, 0xFDEF, 0xFDEF, 0xFDEF, 0xFDEE, 0xEDEE, 0xEDDE, 0xEDDE,
0xECDE, 0xECDE, 0xECDE, 0xECDE, 0xECDE, 0xECDE, 0xECDE, 0xECDE, 0xECDE, 0xECDE, 0xECDE, 0xECDE, 0xECDE, 0xECDE, 0xECDE, 0xECDE,
0xECDE, 0xECDE, 0xFDDE, 0xFDEE, 0xFDEE, 0xFDEF, 0xFDEF, 0xFDEF, 0xFEEF, 0xFEEF, 0xFEFF, 0xFEFF, 0xFFFF, 0xFFFF, 0xFFFF, 0xFFFF,
0xEFFF, 0xFFFF, 0xFFFF, 0xCFFF, 0x4FFF, 0x0000, 0x0000, 0x0000, 0x0000, 0x0000, 0x0000, 0x0000, 0x0000, 0x0000, 0x0000, 0x0000,
0x0000, 0x0000, 0x0000, 0x0000, 0x0000, 0x0000, 0x0000, 0x0000, 0x0000, 0x0000, 0x0000, 0x0000, 0x0000, 0x0000, 0x0000, 0x0000,
0x0000, 0x0000, 0x0000, 0x0000, 0x0000, 0x0000, 0x0000, 0x0000, 0x0000, 0x0000, 0x0000, 0x0000, 0x0000, 0x0000, 0x0000, 0x0000,
0x0000, 0x0000, 0x0000, 0x0000, 0x0000, 0x0000, 0x0000, 0x0000, 0x0000, 0x0000, 0x0000, 0x0000, 0x0000, 0x0000, 0x0000, 0x0000,
0x0000, 0x0000, 0x0000, 0x0000, 0x0000, 0x0000, 0x0000, 0x0000, 0x0000, 0x0000, 0x1FFF, 0x8FFF, 0xEFFF, 0xFFFF, 0xFFFF, 0xEFFF,
0xEFFF, 0xFFFF, 0xFFFF, 0xFFFF, 0xFEFF, 0xFEFF, 0xFEFF, 0xFEFF, 0xFEEF, 0xFEEF, 0xFDEF, 0xFDEF, 0xFDEF, 0xFDEF, 0xFDEF, 0xFDEF,
0xFDEE, 0xFDEE, 0xFDEE, 0xFDEE, 0xFDEE, 0xFDDE, 0xFDDE, 0xFDDE, 0xFDDE, 0xFDDE, 0xFDDE, 0xFDDE, 0xFDDE, 0xFDEE, 0xFDEE, 0xFDEE,
0xFDEE, 0xFDEF, 0xFDEF, 0xFDEF, 0xFDEF, 0xFDEF, 0xFEEF, 0xFEFF, 0xFEFF, 0xFEFF, 0xFFFF, 0xFFFF, 0xFFFF, 0xFFFF, 0xEFFF, 0xEFFF,
0xFFFF, 0xEFFF, 0x7FFF, 0x0FFF, 0x0000, 0x0000, 0x0000, 0x0000, 0x0000, 0x0000, 0x0000, 0x0000, 0x0000, 0x0000, 0x0000, 0x0000,
0x0000, 0x0000, 0x0000, 0x0000, 0x0000, 0x0000, 0x0000, 0x0000, 0x0000, 0x0000, 0x0000, 0x0000, 0x0000, 0x0000, 0x0000, 0x0000,
0x0000, 0x0000, 0x0000, 0x0000, 0x0000, 0x0000, 0x0000, 0x0000, 0x0000, 0x0000, 0x0000, 0x0000, 0x0000, 0x0000, 0x0000, 0x0000,
0x0000, 0x0000, 0x0000, 0x0000, 0x0000, 0x0000, 0x0000, 0x0000, 0x0000, 0x0000, 0x0000, 0x0000, 0x0000, 0x0000, 0x0000, 0x0000,
0x0000, 0x0000, 0x0000, 0x0000, 0x0000, 0x0000, 0x0000, 0x0000, 0x0000, 0x0000, 0x0000, 0x0000, 0x2FFF, 0x9FFF, 0xEFFF, 0xFFFF,
0xFFFF, 0xEFFF, 0xEFFF, 0xFFFF, 0xFFFF, 0xFFFF, 0xFFFF, 0xFEFF, 0xFEFF, 0xFEFF, 0xFEFF, 0xFEEF, 0xFEEF, 0xFEEF, 0xFEEF, 0xFDEF,
0xFDEF, 0xFDEF, 0xFDEF, 0xFDEF, 0xFDEF, 0xFDEF, 0xFDEF, 0xFDEF, 0xFDEF, 0xFDEF, 0xFDEF, 0xFDEF, 0xFDEF, 0xFDEF, 0xFDEF, 0xFDEF,
0xFDEF, 0xFDEF, 0xFEEF, 0xFEEF, 0xFEFF, 0xFEFF, 0xFEFF, 0xFFFF, 0xFFFF, 0xFFFF, 0xFFFF, 0xFFFF, 0xEFFF, 0xEFFF, 0xFFFF, 0xFFFF,
0xAFFF, 0x2FFF, 0x0000, 0x0000, 0x0000, 0x0000, 0x0000, 0x0000, 0x0000, 0x0000, 0x0000, 0x0000, 0x0000, 0x0000, 0x0000, 0x0000,
0x0000, 0x0000, 0x0000, 0x0000, 0x0000, 0x0000, 0x0000, 0x0000, 0x0000, 0x0000, 0x0000, 0x0000, 0x0000, 0x0000, 0x0000, 0x0000,
0x0000, 0x0000, 0x0000, 0x0000, 0x0000, 0x0000, 0x0000, 0x0000, 0x0000, 0x0000, 0x0000, 0x0000, 0x0000, 0x0000, 0x0000, 0x0000,
0x0000, 0x0000, 0x0000, 0x0000, 0x0000, 0x0000, 0x0000, 0x0000, 0x0000, 0x0000, 0x0000, 0x0000, 0x0000, 0x0000, 0x0000, 0x0000,
0x0000, 0x0000, 0x0000, 0x0000, 0x0000, 0x0000, 0x0000, 0x0000, 0x0000, 0x0000, 0x0000, 0x0000, 0x0000, 0x0000, 0x2FFF, 0x8FFF,
0xEFFF, 0xFFFF, 0xFFFF, 0xFFFF, 0xEFFF, 0xEFFF, 0xEFFF, 0xFFFF, 0xFFFF, 0xFFFF, 0xFEFF, 0xFEFF, 0xFEFF, 0xFEFF, 0xFEFF, 0xFEFF,
0xFEEF, 0xFEEF, 0xFEEF, 0xFEEF, 0xFEEF, 0xFEEF, 0xFEEF, 0xFEEF, 0xFEEF, 0xFEEF, 0xFEEF, 0xFEEF, 0xFEEF, 0xFEEF, 0xFEEF, 0xFEEF,
0xFEFF, 0xFEFF, 0xFEFF, 0xFEFF, 0xFFFF, 0xFFFF, 0xFFFF, 0xFFFF, 0xFFFF, 0xEFFF, 0xEFFF, 0xEFFF, 0xFFFF, 0xFFFF, 0xAFFF, 0x3FFF,
0x0000, 0x0000, 0x0000, 0x0000, 0x0000, 0x0000, 0x0000, 0x0000, 0x0000, 0x0000, 0x0000, 0x0000, 0x0000, 0x0000, 0x0000, 0x0000,
0x0000, 0x0000, 0x0000, 0x0000, 0x0000, 0x0000, 0x0000, 0x0000, 0x0000, 0x0000, 0x0000, 0x0000, 0x0000, 0x0000, 0x0000, 0x0000,
0x0000, 0x0000, 0x0000, 0x0000, 0x0000, 0x0000, 0x0000, 0x0000, 0x0000, 0x0000, 0x0000, 0x0000, 0x0000, 0x0000, 0x0000, 0x0000,
0x0000, 0x0000, 0x0000, 0x0000, 0x0000, 0x0000, 0x0000, 0x0000, 0x0000, 0x0000, 0x0000, 0x0000, 0x0000, 0x0000, 0x0000, 0x0000,
0x0000, 0x0000, 0x0000, 0x0000, 0x0000, 0x0000, 0x0000, 0x0000, 0x0000, 0x0000, 0x0000, 0x0000, 0x0000, 0x0000, 0x0000, 0x0000,
0x1FFF, 0x7FFF, 0xCFFF, 0xFFFF, 0xFFFF, 0xFFFF, 0xFFFF, 0xEFFF, 0xEFFF, 0xEFFF, 0xFFFF, 0xFFFF, 0xFFFF, 0xFFFF, 0xFEFF, 0xFEFF,
0xFEFF, 0xFEFF, 0xFEFF, 0xFEFF, 0xFEEF, 0xFEEF, 0xFEEF, 0xFEEF, 0xFEEF, 0xFEEF, 0xFEEF, 0xFEFF, 0xFEFF, 0xFEFF, 0xFEFF, 0xFEFF,
0xFEFF, 0xFFFF, 0xFFFF, 0xFFFF, 0xFFFF, 0xFFFF, 0xEFFF, 0xEFFF, 0xEFFF, 0xFFFF, 0xFFFF, 0xFFFF, 0xAFFF, 0x4FFF, 0x0000, 0x0000,
0x0000, 0x0000, 0x0000, 0x0000, 0x0000, 0x0000, 0x0000, 0x0000, 0x0000, 0x0000, 0x0000, 0x0000, 0x0000, 0x0000, 0x0000, 0x0000,
0x0000, 0x0000, 0x0000, 0x0000, 0x0000, 0x0000, 0x0000, 0x0000, 0x0000, 0x0000, 0x0000, 0x0000, 0x0000, 0x0000, 0x0000, 0x0000,
0x0000, 0x0000, 0x0000, 0x0000, 0x0000, 0x0000, 0x0000, 0x0000, 0x0000, 0x0000, 0x0000, 0x0000, 0x0000, 0x0000, 0x0000, 0x0000,
0x0000, 0x0000, 0x0000, 0x0000, 0x0000, 0x0000, 0x0000, 0x0000, 0x0000, 0x0000, 0x0000, 0x0000, 0x0000, 0x0000, 0x0000, 0x0000,
0x0000, 0x0000, 0x0000, 0x0000, 0x0000, 0x0000, 0x0000, 0x0000, 0x0000, 0x0000, 0x0000, 0x0000, 0x0000, 0x0000, 0x0000, 0x0000,
0x0000, 0x0000, 0x0000, 0x3FFF, 0x7FFF, 0xBFFF, 0xEFFF, 0xFFFF, 0xFFFF, 0xFFFF, 0xEFFF, 0xEFFF, 0xEFFF, 0xEFFF, 0xEFFF, 0xFFFF,
0xFFFF, 0xFEFF, 0xFEFF, 0xFEFF, 0xFEFF, 0xFEFF, 0xFEEF, 0xFEEF, 0xFEEF, 0xFEFF, 0xFEFF, 0xFEFF, 0xFEFF, 0xFEFF, 0xFEFF, 0xFFFF,
0xFFFF, 0xFFFF, 0xFFFF, 0xEFFF, 0xEFFF, 0xEFFF, 0xFFFF, 0xFFFF, 0xFFFF, 0xEFFF, 0x9FFF, 0x3FFF, 0x0000, 0x0000, 0x0000, 0x0000,
0x0000, 0x0000, 0x0000, 0x0000, 0x0000, 0x0000, 0x0000, 0x0000, 0x0000, 0x0000, 0x0000, 0x0000, 0x0000, 0x0000, 0x0000, 0x0000,
0x0000, 0x0000, 0x0000, 0x0000, 0x0000, 0x0000, 0x0000, 0x0000, 0x0000, 0x0000, 0x0000, 0x0000, 0x0000, 0x0000, 0x0000, 0x0000,
0x0000, 0x0000, 0x0000, 0x0000, 0x0000, 0x0000, 0x0000, 0x0000, 0x0000, 0x0000, 0x0000, 0x0000, 0x0000, 0x0000, 0x0000, 0x0000,
0x0000, 0x0000, 0x0000, 0x0000, 0x0000, 0x0000, 0x0000, 0x0000, 0x0000, 0x0000, 0x0000, 0x0000, 0x0000, 0x0000, 0x0000, 0x0000,
0x0000, 0x0000, 0x0000, 0x0000, 0x0000, 0x0000, 0x0000, 0x0000, 0x0000, 0x0000, 0x0000, 0x0000, 0x0000, 0x0000, 0x0000, 0x0000,
0x0000, 0x0000, 0x0000, 0x0000, 0x0000, 0x0000, 0x2FFF, 0x6FFF, 0xAFFF, 0xDFFF, 0xFFFF, 0xFFFF, 0xFFFF, 0xFFFF, 0xFFFF, 0xEFFF,
0xEFFF, 0xEEFF, 0xEEFF, 0xEEFF, 0xEEFF, 0xFEEF, 0xFEEF, 0xFEFF, 0xFEFF, 0xFEFF, 0xFEFF, 0xEEFF, 0xEEFF, 0xEFFF, 0xEFFF, 0xEFFF,
0xEFFF, 0xEFFF, 0xEFFF, 0xFFFF, 0xFFFF, 0xFFFF, 0xEFFF, 0xBFFF, 0x6FFF, 0x1FFF, 0x0000, 0x0000, 0x0000, 0x0000, 0x0000, 0x0000,
0x0000, 0x0000, 0x0000, 0x0000, 0x0000, 0x0000, 0x0000, 0x0000, 0x0000, 0x0000, 0x0000, 0x0000, 0x0000, 0x0000, 0x0000, 0x0000,
0x0000, 0x0000, 0x0000, 0x0000, 0x0000, 0x0000, 0x0000, 0x0000, 0x0000, 0x0000, 0x0000, 0x0000, 0x0000, 0x0000, 0x0000, 0x0000,
0x0000, 0x0000, 0x0000, 0x0000, 0x0000, 0x0000, 0x0000, 0x0000, 0x0000, 0x0000, 0x0000, 0x0000, 0x0000, 0x0000, 0x0000, 0x0000,
0x0000, 0x0000, 0x0000, 0x0000, 0x0000, 0x0000, 0x0000, 0x0000, 0x0000, 0x0000, 0x0000, 0x0000, 0x0000, 0x0000, 0x0000, 0x0000,
0x0000, 0x0000, 0x0000, 0x0000, 0x0000, 0x0000, 0x0000, 0x0000, 0x0000, 0x0000, 0x0000, 0x0000, 0x0000, 0x0000, 0x0000, 0x0000,
0x0000, 0x0000, 0x0000, 0x0000, 0x0000, 0x0000, 0x0000, 0x0000, 0x0000, 0x0FFF, 0x3FFF, 0x6FFF, 0xAFFF, 0xCFFF, 0xEFFF, 0xFFFF,
0xFEFF, 0xFEFF, 0xFEFF, 0xFEEF, 0xFEEF, 0xFEEF, 0xFEEF, 0xFEEF, 0xFEFF, 0xFEFF, 0xFEFF, 0xFEFF, 0xFEFF, 0xFFFF, 0xFFFF, 0xFFFF,
0xFFFF, 0xFFFF, 0xFFFF, 0xDFFF, 0xAFFF, 0x6FFF, 0x2FFF, 0x0000, 0x0000, 0x0000, 0x0000, 0x0000, 0x0000, 0x0000, 0x0000, 0x0000,
0x0000, 0x0000, 0x0000, 0x0000, 0x0000, 0x0000, 0x0000, 0x0000, 0x0000, 0x0000, 0x0000, 0x0000, 0x0000, 0x0000, 0x0000, 0x0000,
0x0000, 0x0000, 0x0000, 0x0000, 0x0000, 0x0000, 0x0000, 0x0000, 0x0000, 0x0000, 0x0000, 0x0000, 0x0000, 0x0000, 0x0000, 0x0000,
0x0000, 0x0000, 0x0000, 0x0000, 0x0000, 0x0000, 0x0000, 0x0000, 0x0000, 0x0000, 0x0000, 0x0000, 0x0000, 0x0000, 0x0000, 0x0000,
0x0000, 0x0000, 0x0000, 0x0000, 0x0000, 0x0000, 0x0000, 0x0000, 0x0000, 0x0000, 0x0000, 0x0000, 0x0000, 0x0000, 0x0000, 0x0000,
0x0000, 0x0000, 0x0000, 0x0000, 0x0000, 0x0000, 0x0000, 0x0000, 0x0000, 0x0000, 0x0000, 0x0000, 0x0000, 0x0000, 0x0000, 0x0000,
0x0000, 0x0000, 0x0000, 0x0000, 0x0000, 0x0000, 0x0000, 0x0000, 0x0000, 0x0000, 0x0000, 0x0000, 0x0000, 0x0000, 0x2EEF, 0x4EEF,
0x6DEF, 0x9DEF, 0xBDEF, 0xCDEF, 0xDEEF, 0xEEEF, 0xEEEF, 0xEEEF, 0xEEFF, 0xEEFF, 0xEEFF, 0xDEFF, 0xDEFF, 0xBEFF, 0xAFFF, 0x9FFF,
0x7FFF, 0x6FFF, 0x4FFF, 0x1FFF, 0x0000, 0x0000, 0x0000, 0x0000, 0x0000, 0x0000, 0x0000, 0x0000, 0x0000, 0x0000, 0x0000, 0x0000,
0x0000, 0x0000, 0x0000, 0x0000, 0x0000, 0x0000, 0x0000, 0x0000, 0x0000, 0x0000, 0x0000, 0x0000, 0x0000, 0x0000, 0x0000, 0x0000,
0x0000, 0x0000, 0x0000, 0x0000, 0x0000, 0x0000, 0x0000, 0x0000, 0x0000, 0x0000, 0x0000, 0x0000, 0x0000, 0x0000, 0x0000, 0x0000,
0x0000, 0x0000, 0x0000, 0x0000, 0x0000, 0x0000, 0x0000, 0x0000, 0x0000, 0x0000, 0x0000, 0x0000, 0x0000, 0x0000, 0x0000, 0x0000,

};

#endif
